CHIA_IMPACT,SECOND_HAND,base_price,2021-01,2021-02,2021-03,2021-04,2021-05,2021-06,2021-07,2021-08,2021-09,2021-10,brand,product,drive_type,drive_subtype,capacity
0,0,2447.3870967741937,1.0,1.0210889823247966,0.9790560044286862,1.0456049242773728,1.0210889823247966,1.0210889823247966,1.0593127627884906,1.0289973506965955,1.0210889823247966,1.0210889823247966,ADATA,su800,ssd,sata,128gb
0,0,3647.3225806451615,1.0,1.0375223160982932,1.0353772541944157,1.0412295364695268,1.113879381251824,1.0717816280022758,1.0475293410101973,0.9649499854068826,0.9587489423675049,0.9327301511493186,ADATA,su800,ssd,sata,512gb
0,0,10402.225806451614,1.0,1.009303219844388,1.009303219844388,1.0865302814637479,1.154647423473264,1.1214587035239563,1.082178441958762,1.0769066173802753,0.9887520626444367,1.0,ADATA,su800,ssd,sata,1tb
0,0,20996.935483870966,1.0,0.9999078206497108,1.0014502884445504,1.0110713544987364,1.0646054339726998,1.1398012510786264,1.1429763175885883,1.110713544987364,1.0604245883295822,1.0409967660411275,ADATA,su800,ssd,sata,2tb
0,0,2992.548387096774,1.0,1.0809229684177135,1.1519904278368853,1.1692375685843333,1.16276989080404,1.1692375685843333,1.1864847093317812,1.1153402537485582,0.9876754806742194,1.0,ADATA,su760,ssd,sata,256gb
0,0,9057.064516129032,1.0,1.024346399658489,1.0430959258322678,1.0487945606530635,1.0861918516645355,1.196745367187973,1.1057809088610209,1.0861918516645355,1.0487945606530635,1.0,ADATA,su760,ssd,sata,1tb
0,0,4999.0,1.0,1.0,1.0193199930308643,1.514816296592652,1.413050352005885,1.1000200040008001,1.076789551458679,1.0605024230652582,1.0553444022137761,1.0613025830972644,ADATA,su740,ssd,sata,512gb
0,0,8999.0,1.0,1.0,1.1252325527209115,1.3418379819979998,1.111123458162018,1.06111790198911,1.0483924737157175,1.0233000799371974,1.0185205763603362,1.021369895800388,ADATA,su740,ssd,sata,2tb
0,0,8999.0,1.0,1.0,1.041223218350426,1.055561729081009,1.016847750108435,1.0881579434752011,1.055561729081009,1.055561729081009,1.0,1.0,ADATA,su720,ssd,sata,1tb
0,0,19224.8064516129,1.0,0.988254422629365,1.0,1.0333350672042787,0.9862408950801133,1.0402705509850345,1.0402705509850345,1.0402705509850345,0.9778511969582311,0.9362170149484591,ADATA,su720,ssd,sata,2tb
0,0,2750.6129032258063,1.0,1.0461564494214108,1.143076616355299,1.1630135219130047,1.1729819746918575,1.1981572044549211,1.1536314487093786,1.1231397107975936,1.015167685012529,0.9859268901945608,ADATA,su635,ssd,sata,256gb
0,0,4705.451612903225,1.0,1.0396148011474093,1.1096874592956696,1.12614057819002,1.12614057819002,1.1112642165230449,1.0582303299535885,1.0623847424744122,1.0297984264419904,0.9828613344850518,ADATA,su635,ssd,sata,512gb
0,0,8434.483870967742,1.0,1.0076490903319322,1.0837575391346583,1.1024978104478924,1.0875820843006245,1.1024978104478924,1.1024978104478924,1.0383257671081467,1.0077676512320772,1.0076988094190897,ADATA,su635,ssd,sata,1tb
0,0,17999.0,1.0,1.0,1.0,1.0,1.0,1.0,1.0,1.0,1.0,1.0,ADATA,su635,ssd,sata,2tb
0,0,3622.1612903225805,1.0,1.0429053611345418,1.0986935264100028,1.1040369766758396,1.0541647741946976,1.0764291503023502,1.050602474017473,1.0488213239288608,1.2925064047188604,1.5339709850650565,ADATA,su800,ssd,m2,256gb
0,0,6530.258064516129,1.0,0.883644798477982,0.9527312065916479,0.9645866882699888,0.9645866882699888,0.9645866882699888,0.9645866882699888,0.9645866882699888,0.9645866882699888,1.1059633072842054,ADATA,su800,ssd,m2,512gb
0,0,10299.0,1.0,1.0,1.0156607750830804,1.0194193611030198,1.0541862817874583,1.1650645693756676,1.1650645693756676,1.1650645693756676,1.3697478719616791,1.5604427614331489,ADATA,su800,ssd,m2,1tb
0,0,2240.935483870968,1.0,1.0960346135892063,1.1151592796787055,1.1151592796787055,1.1151592796787055,1.1151592796787055,1.1151592796787055,1.079531877528106,1.0765035483453052,1.0,ADATA,su650,ssd,m2,128gb
0,0,2953.8387096774195,1.0,1.0987155665594874,1.1714554052135548,1.1191087231122614,1.1168517729799385,1.1168517729799385,1.1168517729799385,1.1168517729799385,1.1168517729799385,1.0,ADATA,su650,ssd,m2,256gb
0,0,5240.935483870968,1.0,1.045151470654182,0.9630698779459466,0.9538373474324332,0.9538373474324332,1.0861292513238423,1.1064818519225206,1.0566261871495486,1.011079036616216,1.0,ADATA,su650,ssd,m2,512gb
0,0,4531.903225806452,1.0,0.9918570137163764,0.9918570137163764,0.9918570137163764,1.0026194221611657,0.9927396450967692,0.9927396450967692,1.0790026265401562,1.025838321861498,1.0,XPG,sx8200 pro,ssd,nvme,256gb
0,0,6195.774193548387,1.0,0.9734284479610378,1.0060186703736678,1.0346729560730779,1.0935913656029865,1.1113058327996708,1.0984021367321117,1.119227985775945,1.0381807232470275,0.9682405802081543,XPG,sx8200 pro,ssd,nvme,512gb
0,0,11928.161290322581,1.0,1.005651343623559,1.0229519191503975,0.9724046915269637,1.0468152082493853,1.0660653968786256,1.0194605879823568,0.9760285364264022,0.9807882133092464,0.9302166464290252,XPG,sx8200 pro,ssd,nvme,1tb
0,0,24241.483870967742,1.0,0.9648101038665866,0.9883537417862741,0.989997152308892,1.0328642183620187,1.1982214793977088,1.0432250234867981,0.9524581961606736,1.0616401813650997,0.9720713359929527,XPG,sx8200 pro,ssd,nvme,2tb
0,0,3799.0,1.0,1.3545105854924229,1.0356630352639489,1.034912696323594,1.0815240003736128,1.1014214266912346,1.0480601856176073,1.0414285592982873,0.9669035711152059,1.0,XPG,sx6000 pro,ssd,nvme,256gb
0,0,5844.1612903225805,1.0,0.9922724086350314,1.0253740982176862,1.0264945989656067,1.0171276542896412,1.0213840852095741,1.018237115621326,1.0126953286710199,0.9409391231391684,1.0,XPG,sx6000 pro,ssd,nvme,512gb
0,0,11782.90322580645,1.0,0.8486024037013716,0.8896679168834014,0.8995236400470885,1.085621594984532,1.0434723172812805,0.955372737974649,0.8275221069345964,0.7821219006944634,0.7664713773373122,XPG,sx6000 pro,ssd,nvme,1tb
0,0,6406.0,1.0,1.0,0.9406755763246151,0.7003122073056509,0.709279606820219,1.1677177645956915,1.5608804246019357,1.0,1.0,1.0,XPG,sx6000 lite,ssd,nvme,128gb
0,0,7199.0,1.0,1.0,1.0,1.0,0.9785633309285788,1.0,1.0,1.0,1.0,1.0,XPG,sx6000 lite,ssd,nvme,512gb
0,0,4623.064516129032,1.0,1.0509803579527615,1.0284687576317901,1.033376594680715,1.022056309527963,1.0479989300957098,1.049883124585703,0.9550221539964414,0.9767691216318367,0.9680703345776784,Crucial,mx500,ssd,sata,256gb
0,0,5550.612903225807,1.0,0.9784762425040452,0.984308620379034,1.1195220134558423,1.0133667307882304,1.0807815469375657,1.1666308283304954,1.1255833415664647,1.02132865304035,0.9926069461401217,Crucial,mx500,ssd,sata,512gb
0,0,9116.193548387097,1.0,1.1209996744538255,1.1584100607922097,1.1412584954576872,1.0664078810482587,1.0654849104630069,1.1383005074274066,1.1454943701743088,1.0467197684375906,0.9993559847417923,Crucial,mx500,ssd,sata,1tb
0,0,21294.677419354837,1.0,0.9384638856337827,0.9195164625417528,0.8984842999285501,0.9891219220310997,0.974750619191529,0.9430692206897076,0.9209813144281095,0.8880294182250601,0.8045445249835261,Crucial,mx500,ssd,sata,2tb
0,0,3221.7096774193546,1.0,1.0694077907513972,1.2020966627617076,1.2162589822407792,1.2171057242698227,1.1914377926633493,1.1112813272856528,1.0808626956234417,1.0794475650743112,1.0831556076216795,Crucial,bx500,ssd,sata,256gb
0,0,4979.870967741936,1.0,1.031732125274839,0.9682139710835882,1.1108855435214455,1.062140488158781,1.1452974123784354,1.1255894698657822,1.089327356583925,0.9637130555699505,0.9686609317510494,Crucial,bx500,ssd,sata,512gb
0,0,8455.161290322581,1.0,1.0985175253574015,1.0681355156232115,1.0914753347831063,1.067425889893556,1.137758701817303,1.1172255923085725,1.0995841440616534,1.0694020322256559,1.0351798863072754,Crucial,bx500,ssd,sata,1tb
0,0,18321.58064516129,1.0,0.9872120787276367,0.9845519737873016,0.9779978602118542,1.0186629904096878,1.0562844098885678,1.0404863645727143,1.0140976003972046,0.9823934052738793,0.9793668316404591,Crucial,bx500,ssd,sata,2tb
0,0,5335.0,1.0,1.030285178738787,1.0398040934788524,0.9760324898469228,0.9818605073011458,1.0299906279287723,1.0138827584121897,0.9745079662605436,1.0027116526085598,1.0295310941137348,Crucial,p5,ssd,nvme,256gb
0,0,6332.580645161291,1.0,1.048822016198869,0.9882430849167133,1.0841604265362608,1.1157811624471499,1.1988687959519806,1.2530079975548876,1.2292955020121237,1.1534054981067359,0.9982171055982884,Crucial,p5,ssd,nvme,512gb
0,0,12734.483870967742,1.0,0.9713445439882926,0.9417482122456424,1.047373949491137,1.093315331244348,1.1387897732598051,1.0463511572590554,1.005795794502608,0.9206759733751468,0.8569872507719705,Crucial,p5,ssd,nvme,1tb
0,0,27859.064516129034,1.0,1.0239242388076786,1.0050229785637614,1.040207218129039,1.1119146950491585,1.1822914338801331,1.1258384657336291,1.086458221161584,1.0653743709215315,0.7818987507396098,Crucial,p5,ssd,nvme,2tb
0,0,4434.4838709677415,1.0,1.070925081291055,1.0457994165957418,1.0820500137000584,1.0831023721711805,1.1256627554818421,1.0945667750547396,1.0618321221511762,1.0145487346238062,0.9636281634404849,Crucial,p2,ssd,nvme,256gb
0,0,5415.129032258064,1.0,1.1078221708594203,1.107297952570159,1.089823215324648,1.0679100965633916,1.104128814730534,1.0810155537949235,0.9987847666930763,0.979170265703217,0.842746427273648,Crucial,p2,ssd,nvme,512gb
0,0,9889.322580645161,1.0,1.0325566418746095,1.0614021639500406,1.1406443573877334,1.102733805440211,1.193661133382697,1.1505827399378281,1.045895051358748,0.9683204542316194,0.9643832220478914,Crucial,p2,ssd,nvme,1tb
0,0,20999.0,1.0,0.9753389617192656,1.0154231614715907,1.00850040478118,0.9497917719584188,1.0572741559121863,1.2122343767521957,1.1751988189913805,1.0482927758464688,0.9130957080905543,Crucial,p2,ssd,nvme,2tb
0,0,4584.612903225807,1.0,1.119677020206843,1.234923270688066,1.2029223512966467,1.1809840771725897,1.2397702459606583,1.1530857074505885,1.0714240481836155,1.0399787508003628,1.0639375751989473,Kingston,kc600,ssd,sata,256gb
0,0,7131.5161290322585,1.0,1.0310670684228314,1.1005758174753593,1.108745067706425,1.1447776114204553,1.1687884010246807,1.140729248180498,1.1237577857488565,1.1386498821677515,1.1458405894778743,Kingston,kc600,ssd,sata,512gb
0,0,12670.58064516129,1.0,1.0551297937527915,1.070345835412487,1.082055120489085,1.0829786042343452,1.0933726760152211,1.0934422640202859,1.091150951658401,1.1175388929057575,1.1261914824281802,Kingston,kc600,ssd,sata,1tb
0,0,27498.322580645163,1.0,1.0563917095236308,1.3495227861406207,1.691632881614675,1.7139626112091293,1.7696618835792133,1.733840656556177,1.7649756935320393,1.1086942937672835,1.0335105484440106,Kingston,kc600,ssd,sata,2tb
0,0,2502.6774193548385,1.0,1.1198863521279516,1.1383679414304682,1.169014689644209,1.2755887243339392,1.3514992545617812,1.238866762048387,1.1815861722284522,1.1255012910904023,1.1252336207674363,Kingston,q500,ssd,sata,128gb
0,0,3281.967741935484,1.0,1.1159463736350144,1.0468346094494845,1.1032405814764943,1.1858247903991508,1.163387424931935,1.1595915117799116,1.092440608997356,1.015366469761453,1.0277960704140907,Kingston,q500,ssd,sata,256gb
0,0,5465.580645161291,1.0,1.0427071467777822,1.0595338570408361,1.0723959716623481,1.0833190700748967,1.0977912606556377,1.0876983822513913,1.0104052929476546,1.0066085119191657,1.011715545377819,Kingston,q500,ssd,sata,512gb
0,0,10142.774193548386,1.0,1.0580192159681452,1.0698383721447973,1.0736937573016652,1.0576987908124647,1.102186948068332,1.0971293722529307,1.0346122776106301,1.0304445773144293,1.0320774999522941,Kingston,q500,ssd,sata,1tb
0,0,19774.322580645163,1.0,1.0977565865335766,1.1101591506743838,1.0970523302729944,1.11136795192201,1.2160922277831792,1.2396607526215162,1.2520864464179677,1.2341493149582492,1.2081797182400114,Kingston,q500,ssd,sata,2tb
0,0,2159.7419354838707,1.0,1.0992054008842156,1.1570826861034773,1.1570826861034773,1.1570826861034773,1.2443461982713986,1.24744593141355,1.3635888397658025,1.2188801927749235,1.065987573186761,Kingston,a400,ssd,sata,128gb
0,0,2849.548387096774,1.0,1.0934314112350247,1.1940884803477632,1.1792862856970356,1.1820775221880095,1.2132799764535411,1.1875905633037493,1.1857792972287629,1.0997415172372156,0.9933322767614563,Kingston,a400,ssd,sata,256gb
0,0,4837.645161290323,1.0,1.0786682593980197,1.1093907326278447,1.100817957728478,1.1106643461561543,1.1155358623341578,1.0985550154367292,1.0719224896143817,1.045777404362293,0.9282373156577204,Kingston,a400,ssd,sata,512gb
0,0,9208.612903225807,1.0,1.051154899565574,1.035391131023901,1.032403044835305,1.0435707104498944,1.0548385627760828,1.0108909260965364,0.9969943986520333,0.9814688446183505,0.927143943082738,Kingston,a400,ssd,sata,1tb
0,0,20088.09677419355,1.0,0.9589403083239105,0.9953703926735621,0.9955298515731511,0.9952435321190047,0.9955646980799092,1.0173012103139236,0.9965747650269537,0.965746044439734,0.965746044439734,Kingston,a400,ssd,sata,2tb
0,0,2488.8709677419356,1.0,1.09623716637196,1.1047890609811417,1.099923098524615,1.0999027930788672,1.1244991683407857,1.0791912384161753,1.103285593934288,1.1283898213552803,1.0,Kingston,a400,ssd,m2,128gb
0,0,3141.967741935484,1.0,1.0853525997826365,1.0721553166805269,1.0823790310161088,1.0867650229463763,1.1136333302532828,1.1136333302532828,1.1015903327481236,1.0692874474252487,1.0598248477941705,Kingston,a400,ssd,m2,256gb
0,0,5764.774193548387,1.0,1.0149201890394226,1.045884907222956,1.006815960486753,0.9672706314210892,0.9578576970999245,0.9705105535286613,0.9612160619558161,0.9483227760741918,0.9907838485126576,Kingston,a400,ssd,m2,512gb
0,0,6579.709677419355,1.0,0.9169477523765633,0.8360306121948708,0.8329090900176986,0.726431698623824,0.7757535793486983,0.8294757588088503,0.7531315726255202,0.7509652515962236,0.7225438910433345,Kingston,kc2500,ssd,nvme,256gb
0,0,10622.225806451614,1.0,0.8960793449783364,0.7905122855607081,0.7348961955404928,0.7283632310827267,0.7219265346448458,0.6904056922642421,0.666004634227077,0.6619108645192116,0.681519880712687,Kingston,kc2500,ssd,nvme,512gb
0,0,18717.90322580645,1.0,0.9408906429069979,0.7892426605544114,0.7179027036963634,0.7335705853460979,0.757994444971033,0.7366571593523538,0.7136913943007815,0.7057556878728605,0.7091278834305608,Kingston,kc2500,ssd,nvme,1tb
0,0,41877.290322580644,1.0,0.8683883250295025,0.7214642473093431,0.6436376325300648,0.7643976718461619,0.675563448559899,0.6792171598125398,0.6379160003574191,0.6386540245078555,0.6180368757876314,Kingston,kc2500,ssd,nvme,2tb
0,0,3763.8709677419356,1.0,1.083345168715412,1.1537452862529998,1.1490475374242943,1.140452519712033,1.1864381213575592,1.1237144326362702,1.194720603359616,1.1816026739801164,1.1739972574562907,Kingston,a2000,ssd,nvme,256gb
0,0,5963.419354838709,1.0,1.0131471676009343,1.0338136812610215,1.055921045514048,1.0169257732627959,1.02705058438725,1.0077191046487726,0.9117144309932601,0.9591924240621135,1.0652688974716824,Kingston,a2000,ssd,nvme,512gb
0,0,10777.58064516129,1.0,1.0678582652587831,1.0642462698852158,1.035028209694557,1.0041902994567578,1.0444737432842968,1.0523368402149025,0.9756094640906302,0.879118141502422,0.8334535550201285,Kingston,a2000,ssd,nvme,1tb
0,0,10176.41935483871,1.0,1.0527489003900314,1.0776621474693233,1.0933282403870639,1.0174343596359705,0.9721625051378529,0.9936570629760768,1.0023774126776324,1.0779429991536411,1.0804706643124997,Samsung Electronics,870 qvo,ssd,sata,1tb
0,0,20378.41935483871,1.0,1.0464273672541908,0.9432511622826806,0.9630841819276456,1.0391717360712076,0.9140224768664722,0.9199801814379855,0.882198277431375,0.8424025943531872,0.8295017974422657,Samsung Electronics,870 qvo,ssd,sata,2tb
0,0,44146.45161290323,1.0,0.9497042207649862,0.9487848363949902,0.9012192799138741,0.9138687944817103,0.9122945377312074,0.8083548891519429,0.8395362941528928,0.8586850950648136,0.8279136890408757,Samsung Electronics,870 qvo,ssd,sata,4tb
0,0,95227.3870967742,1.0,0.882862765102186,0.8667471305523722,0.8449845062418228,0.8429043691347942,0.824295080016174,0.7327801808167818,0.740595430495903,0.7535237728100042,0.7775104681527983,Samsung Electronics,870 qvo,ssd,sata,8tb
0,0,4015.3333333333335,1.0,0.9959322596712601,0.9959322596712601,1.0332890586086667,1.139334165269692,1.1204549227959488,1.343760209519423,1.4925366739327202,1.5949194753445126,1.538666295330266,Samsung Electronics,870 evo,ssd,sata,256gb
0,0,7029.153846153846,1.0,0.9626844554782047,0.9562432110998893,0.9245778570568731,0.9406032797116866,0.8543038699628289,1.1179843325335213,1.1791948386531952,1.233567158026826,1.1560561842930666,Samsung Electronics,870 evo,ssd,sata,512gb
0,0,13015.333333333334,1.0,0.9918713092981903,0.919416800366152,0.9065461250832351,0.9045385674134561,0.8630077344670389,1.0704669265200846,1.0646648370077971,1.0466040055319366,1.022280585512869,Samsung Electronics,870 evo,ssd,sata,1tb
0,0,24999.0,1.0,0.9985713714262856,0.9347031945793961,0.8399935997439898,0.9174160514807689,0.9986652799445311,1.259249079640605,1.258689057239709,1.2000080003200129,1.1652930633354366,Samsung Electronics,870 evo,ssd,sata,2tb
0,0,5999.0,1.0,1.0874014716738505,1.1532513483430034,1.2061454686892261,1.2575751872623933,1.561710285047508,1.604536239910953,1.261629626443117,1.2682224815246985,1.4392828912345605,Samsung Electronics,860 pro,ssd,sata,256gb
0,0,9999.0,1.0,0.9957138570999957,0.9964512580290287,1.0,0.9999709648384193,1.0,1.0,1.0622900999777396,1.0677867786778676,1.2540415331855768,Samsung Electronics,860 pro,ssd,sata,512gb
0,0,19151.451612903227,1.0,0.9786166056885871,0.9165581653879515,0.9852151357178348,0.9961832253935101,1.0492172467905798,1.1103849619754251,1.04275090745248,1.044255046783281,1.0767346870025853,Samsung Electronics,860 pro,ssd,sata,1tb
0,0,36828.0,1.0,1.0214151887538985,1.0243625992845555,1.0128824083125159,1.026659238938115,1.0157859961623403,1.0196484442061964,1.0174262570204298,1.0241193294956736,1.0414989296362864,Samsung Electronics,860 pro,ssd,sata,2tb
0,0,68079.41935483871,1.0,1.1692027283937965,1.0660713151907022,1.0387314404776458,1.0636780003620059,1.072213414250845,1.0722623766739225,1.0722623766739225,1.2644158956664464,1.069335055547079,Samsung Electronics,860 pro,ssd,sata,4tb
0,0,13392.258064516129,1.0,1.1384269231828004,1.0522834569804413,1.0114301313549796,1.2454162250698524,0.9516991039599191,1.3007274303882839,1.5248482512766162,1.4668673924912485,1.5155482223720975,Samsung Electronics,860 qvo,ssd,sata,1tb
0,0,4063.516129032258,1.0,0.9840791328478775,1.6693154665036636,1.7848499763169245,1.6280275305829213,1.4950434895357851,1.5179369527423414,1.8578459779787089,2.210688079342272,2.479745016631076,Samsung Electronics,860 evo,ssd,sata,256gb
0,0,5560.1612903225805,1.0,1.2964487735743502,1.0788791227917502,1.1280188359972538,1.3064427232906912,1.3501466848451447,1.3707829315696343,1.701638963826763,1.948996219263385,2.063371334087547,Samsung Electronics,860 evo,ssd,sata,512gb
0,0,10671.161290322581,1.0,1.0865733995151237,1.0681305659510407,1.0476772892067656,1.1769345175117742,1.2250619194734476,1.3507675193315718,1.3913441715083763,1.3755360140585922,1.5806938205473904,Samsung Electronics,860 evo,ssd,sata,1tb
0,0,20952.548387096773,1.0,1.0795976227169446,1.032528185808486,1.1925518337133523,1.3603518857510597,1.430217434479446,2.05369429232567,2.832413949184717,3.507321972280427,2.1473575467762025,Samsung Electronics,860 evo,ssd,sata,2tb
0,0,46197.45161290323,1.0,0.9808279118873335,0.9952029193063993,1.1158530366265607,1.2102559769740127,1.2624022458065112,1.5065493767635554,1.469229904456397,1.4821589563079283,1.5332789617637057,Samsung Electronics,860 evo,ssd,sata,4tb
0,0,4780.258064516129,1.0,0.8515081228863722,0.8365657138229816,0.8633076452434295,0.9227535293006182,0.9410928460244196,1.1235795071125867,1.4040475612060357,1.412943243267561,1.3565808297567956,Samsung Electronics,860 evo,ssd,m2,256gb
0,0,8618.354838709678,1.0,0.8085525587602923,0.7848552788684315,0.8113806866315577,0.8106891143807852,0.8103286683709562,0.9545343958318516,1.1529930493432994,1.0903859854000026,0.9965302860736087,Samsung Electronics,860 evo,ssd,m2,512gb
0,0,14734.838709677419,1.0,0.8651798615150776,0.8718967555497176,0.8611111111111112,0.8789176408774465,0.8460425149962782,0.9867791934848287,1.0465081658566489,1.044870616051491,0.9706182407285783,Samsung Electronics,860 evo,ssd,m2,1tb
0,0,27999.0,1.0,0.8959210277918089,0.8886031643987286,0.8901615533888115,0.9100013940590044,0.9164208245532578,1.1991914457774415,1.5091080441813014,1.3561198614236223,1.31229362087607,Samsung Electronics,860 evo,ssd,m2,2tb
0,0,8999.0,1.0,1.0,0.8996841943011589,0.9407341556469236,0.9404199032867451,0.7851613142200986,0.8207686158677129,0.8780868125132183,0.9789458087935696,0.9866616003928751,Samsung Electronics,980 pro,ssd,nvme,256gb
0,0,13896.032258064517,1.0,0.919023896686353,0.8690853968526638,0.915086150529547,0.8866629369720296,0.8430488009650777,0.8609396509098675,0.9152484928396827,0.8226856741809955,0.8465633030547127,Samsung Electronics,980 pro,ssd,nvme,512gb
0,0,23892.548387096773,1.0,0.9575370374620783,0.8376238238673417,0.8150239850729544,0.8356391316499003,0.8536985257022143,0.8571345634824733,0.8111923139756086,0.7721319509794524,0.770820703985181,Samsung Electronics,980 pro,ssd,nvme,1tb
0,0,16989.290322580644,1.0,0.9011286183000622,0.8793376472464627,0.9080269417039452,0.8771711970349443,0.8197831144731279,0.8647364183888142,0.8890097746587984,0.8822911207819728,0.9206520996149378,Samsung Electronics,970 pro,ssd,nvme,512gb
0,0,26997.387096774193,1.0,0.9980357375427865,0.9119998470580786,0.892054229063187,1.0532512704335784,1.0173564785441205,0.9811630516214831,0.9737334198411077,0.9475200905543627,0.9961895954088746,Samsung Electronics,970 pro,ssd,nvme,1tb
0,0,5960.290322580645,1.0,0.970590304650672,1.0007360542082278,1.0064945959549492,1.4978324286000357,1.076407297760988,1.090204525650948,1.0903398297333429,1.090383127039709,1.0902694716104975,Samsung Electronics,970 evo plus,ssd,nvme,256gb
0,0,8670.58064516129,1.0,0.9493514804019737,0.9023951962141167,0.9115998482075094,1.074147655401283,1.0495490870128132,1.0691102281351847,0.9824248106314271,0.9304182726411397,0.9180841406610415,Samsung Electronics,970 evo plus,ssd,nvme,512gb
0,0,14984.774193548386,1.0,1.0652980014121862,1.0574324906141288,1.0754004781914832,1.018001067750491,1.024971512302093,1.0230233699583233,0.9588937588261633,0.9127998742809906,0.8886310405400751,Samsung Electronics,970 evo plus,ssd,nvme,1tb
0,0,31762.387096774193,1.0,1.0226561341574636,0.9991265790131155,0.9624685923906751,0.9597556046206002,0.9894617356973928,0.9689833989076144,0.9120404129859421,0.8239063787491935,0.7457623848049123,Samsung Electronics,970 evo plus,ssd,nvme,2tb
0,0,6447.258064516129,1.0,1.0800383115745986,1.1748280089060115,1.5059218305689677,1.9172791634353188,1.6292248934697586,1.8333625197007983,1.732709578965802,2.0055709270424202,2.01473494608861,Samsung Electronics,970 evo,ssd,nvme,512gb
0,0,14076.451612903225,1.0,0.9925949145384487,1.006799275843894,1.4183806555598841,1.299830419139721,1.7067724637349038,1.7488347044938928,1.62584274812659,1.4291906715249292,1.8043953525677752,Samsung Electronics,970 evo,ssd,nvme,1tb
0,0,88286.0,1.0,1.0,1.0,1.0,1.0,1.0,0.5714835874317559,0.4021387967112749,0.4179598124277915,0.46392479573351414,Samsung Electronics,970 evo,ssd,nvme,2tb
0,0,3407.967741935484,1.0,1.0308300959123982,1.0133463325981806,1.0538734338567746,1.3408994103003398,1.1389192310240708,1.1432506365538064,1.1138224464490236,1.0811428625517052,1.0789042755591736,SanDisk,ssd plus,ssd,sata,256gb
0,0,5465.806451612903,1.0,1.0072752259544044,1.0084218602455146,1.0451034781240163,1.073707507082153,1.0451034781240163,1.0768944759206798,1.0771836638338055,1.0582640856153602,1.050112134088763,SanDisk,ssd plus,ssd,sata,512gb
0,0,9648.354838709678,1.0,0.959297518786183,0.9801704452371958,0.9882893846741937,1.0356738070003577,0.99242134989864,1.0147777157396045,0.9863891219963958,0.9326978692673663,0.9103039461850424,SanDisk,ssd plus,ssd,sata,1tb
0,0,18902.225806451614,1.0,1.0051197247635966,1.0085328746059945,1.0262812537864632,1.051197247635967,1.0555635195718545,1.057639567963493,1.0541837537480652,1.0509697043131405,0.9642438422510405,SanDisk,ssd plus,ssd,sata,2tb
0,0,4526.419354838709,1.0,0.9702718194155563,0.9939423741617316,1.0160348919248285,0.9939423741617316,1.001321275094606,1.0644958986309765,1.2583399254555692,1.0914513833954538,0.9826751901025521,SanDisk,ultra 3d nand,ssd,sata,256gb
0,0,6305.451612903225,1.0,0.9740550748638989,1.008952826279359,1.0540878604791553,1.0306954043863734,0.9498130138282798,1.0969565506550911,1.2590334017158733,0.9593550213418327,0.8650118433101924,SanDisk,ultra 3d nand,ssd,sata,512gb
0,0,10960.290322580646,1.0,1.0146107670631683,0.974983003158028,0.986500632292332,0.9932306949721723,0.9442237716409286,0.9917591069226444,0.969685286179728,0.8864424555114405,0.8666741227127842,SanDisk,ultra 3d nand,ssd,sata,1tb
0,0,22188.870967741936,1.0,0.9109634297926161,0.988531013076884,0.9147498624952448,0.9449913135762624,0.9384674580156186,0.9329001024925311,0.9247472214347501,0.9013076883936295,0.8537700532815783,SanDisk,ultra 3d nand,ssd,sata,2tb
0,0,49708.48387096774,1.0,0.9210586404178982,0.9366928342860925,0.9125001703480227,0.9104430151794689,0.9106346269616251,0.9208326221979373,0.9091516149317017,0.8097008169566693,0.7845542040918568,SanDisk,ultra 3d nand,ssd,sata,4tb
0,0,9676.41935483871,1.0,0.9817238257477082,0.9878987495374522,0.8259701280243402,0.7749767475972517,0.8356293483659978,0.8326127033126757,0.8344042520757448,1.0,1.0,Seagate,firecuda 120,ssd,sata,512gb
0,0,19561.709677419356,1.0,1.0158657784145693,1.0350685094152006,1.0485995517906113,1.0647627936736184,0.8294861202953542,0.8315603392407485,0.9057836820780556,0.8914660470669328,0.8347330944422365,Seagate,firecuda 120,ssd,sata,1tb
0,0,33250.51612903226,1.0,1.0820455023601034,1.014749225333393,0.95452152412219,0.8957998226561605,0.8220173152781524,0.7922709907001201,0.8056328982523677,0.811926243848426,0.8119873957813898,Seagate,firecuda 120,ssd,sata,2tb
0,0,65815.67741935483,1.0,0.9944314354528169,0.9829945409614144,0.9017603251047485,0.9147271509974583,0.9392751963858662,0.9305607155075318,0.9104385365581101,0.9311535245548909,0.8847112610683012,Seagate,firecuda 120,ssd,sata,4tb
0,0,4499.0,1.0,1.0,1.0,1.0,1.0687249496303837,1.0,1.0080591385899376,1.0,1.3185744980366008,1.3976439208713047,Seagate,barracuda 120,ssd,sata,256gb
0,0,7901.387096774193,1.0,0.78816179391007,0.8275394683661097,0.9436697517381596,0.8648338593060426,0.8606758851379029,0.9806526416349928,1.1968702922720797,1.4041627371810315,1.8641548516111168,Seagate,barracuda 120,ssd,sata,512gb
0,0,9999.0,1.0,1.0337462317660338,1.0900864279976383,1.071007100710071,1.0806532266129838,1.2533753375337533,1.3518061483567712,1.4787349702712207,1.2451011767843452,1.312247353767635,Seagate,barracuda 120,ssd,sata,1tb
0,0,22062.516129032258,1.0,0.9917791211651182,0.9848392690565518,0.9971210840748723,0.9971210840748723,0.9971210840748723,1.0034696127426757,0.9971210840748723,1.186357584069511,1.2849381084250326,Seagate,barracuda 120,ssd,sata,2tb
0,0,5383.258064516129,1.0,1.0029905826820995,1.0125119096841464,1.040076461670292,1.0238373451741063,1.0574141653833171,1.2800558481792417,1.4022207441230579,1.436267759661076,1.276172841725541,Seagate,barracuda q1,ssd,sata,512gb
0,0,9499.0,1.0,1.0,1.001697971603123,1.0526371196968103,1.0526371196968103,1.1228199459592236,1.1227158037008989,1.1575004499624748,1.1165701652805557,1.1010361022722257,Seagate,barracuda q1,ssd,sata,1tb
0,0,11848.290322580646,1.0,0.9511740012656164,0.9283195887796524,0.9058128254065058,0.9016381838130995,0.9283195887796524,0.9294086257170626,0.9281698462007585,0.8911834292139603,0.8629773725350329,Seagate,firecuda 520,ssd,nvme,512gb
0,0,20998.709677419356,1.0,1.0794336715883355,0.8614169841464913,0.8537921428864036,0.898147351603785,0.9206391073696284,0.9285808651837286,0.827017021015116,0.8749537605997296,0.8755637827209045,Seagate,firecuda 520,ssd,nvme,1tb
0,0,37386.096774193546,1.0,1.0030199254682395,1.0163938811133,0.9605799062212479,1.089382028337255,1.0799380023681968,1.0665496661256688,1.0529090942035553,1.0155548882958332,0.9416774736856639,Seagate,firecuda 520,ssd,nvme,2tb
0,0,9999.0,1.0,1.0,1.0,0.8811747841450812,0.9125783546096545,1.072123879054572,0.926757191848217,0.9807335572266904,0.9915258192485915,0.9896279950575704,Seagate,firecuda 510,ssd,nvme,512gb
0,0,19061.612903225807,1.0,1.0921707318252476,1.0905704760454213,1.0918383510179215,1.0504645377468649,0.9551640125681858,1.1391074782961872,1.234797177235112,1.2217696434313179,1.2204616608282142,Seagate,firecuda 510,ssd,nvme,1tb
0,0,33324.8064516129,1.0,0.960215629352928,0.9660235666736685,0.9209555863806452,0.994775760379994,0.9998257618803779,0.9740578799673594,0.9651243043785073,0.9252156761390898,0.9018419873212729,Seagate,firecuda 510,ssd,nvme,2tb
0,0,5367.096774193548,1.0,0.9580332457541257,1.021571102295949,1.0121549064390751,1.0245762711864408,1.044891413230757,1.0285551147974517,1.0245762711864408,1.115419922266298,1.4983409241673458,Seagate,barracuda 510,ssd,nvme,256gb
0,0,6966.741935483871,1.0,1.0302622797054868,1.0393575003819993,1.0406873208654945,1.0406123101000606,1.055031663494915,1.073255883946307,1.0508545207877056,1.228886244476445,1.2627691937268775,Seagate,barracuda 510,ssd,nvme,512gb
0,0,14250.064516129032,1.0,0.9911534073416759,0.9982275122693276,1.0104539047550058,0.9855416613846684,0.9645313056496254,0.9758665495572176,0.9350699034752531,0.8993409575206601,0.9828342599467574,Seagate,barracuda 510,ssd,nvme,1tb
0,0,6814.741935483871,1.0,1.1179492615291193,0.9165234761451692,0.8483862467673655,0.8801838518960318,0.9292110241711911,0.8869244569410717,0.8986305779216783,0.911602140205216,0.8447956754095722,Seagate,barracuda q5,ssd,nvme,512gb
0,0,16579.322580645163,1.0,1.1055423264724007,1.127193025124572,0.6936572113080356,0.7069727351792652,0.6847445029661898,0.6630275955864183,0.6679988092435387,0.6700515021626238,0.6321048955266859,Seagate,barracuda q5,ssd,nvme,1tb
0,0,23963.74193548387,1.0,1.1353893997306224,0.8914125641426026,1.2678362203113305,0.8708977002891466,0.9597875015480376,0.9287593084175555,0.9190712851135318,0.9313653961091757,0.8655132215874519,Seagate,barracuda q5,ssd,nvme,2tb
0,0,4399.0,1.0,1.0,1.0,1.0,1.0,1.0,0.9999706678203991,0.9997726756080928,0.9997726756080928,0.999780008652993,SK hynix,gold s31,ssd,sata,256gb
0,0,5699.0,1.0,0.9928558895044244,1.0,1.0,1.0,1.0,0.9661004477299356,0.9998245306194069,0.9998245306194069,0.9880577603913999,SK hynix,gold s31,ssd,sata,512gb
0,0,10308.677419354839,1.0,1.0095239883360758,1.0184623664998795,1.0112322117184918,1.0184623664998795,1.0184623664998795,0.9839627748623928,1.0184623664998795,1.0233126492244242,1.0103138915226446,SK hynix,gold s31,ssd,sata,1tb
0,0,8105.451612903225,1.0,0.9251797873991618,0.9192100895852653,0.9251510001897038,0.9251797873991618,0.9251797873991618,0.9251797873991618,0.9192100895852653,0.9251797873991618,0.8429306175188078,SK hynix,gold p31,ssd,nvme,512gb
0,0,14644.193548387097,1.0,0.920828154157449,0.9158512677049144,0.925213119809679,0.9217987972773531,0.9217987972773531,0.9195960085468203,0.9158512677049144,0.9217987972773531,0.9217987972773531,SK hynix,gold p31,ssd,nvme,1tb
0,0,28174.516129032258,1.0,0.990195735270786,1.039304564866443,1.0363952019479206,1.6025806894814578,1.3222019441041437,1.0727275849829978,1.3279765516767612,1.2138416093243725,1.494581010064002,Western Digital,wd gold,ssd,sata,1tb
0,0,45404.8064516129,1.0,1.0063668679182243,0.9771560350652091,1.1089736366786047,1.380573607028956,1.7707376439470315,1.0259067357512952,1.0473418687377847,1.0559506158104146,1.163002495827854,Western Digital,wd gold,ssd,sata,2tb
0,0,89551.19354838709,1.0,0.956883234258457,0.8910599703827726,0.9657306609387002,1.3696544812896714,1.0177850574087437,0.7585648432487888,0.8849304794842525,0.8952443493305505,0.9529355528122858,Western Digital,wd gold,ssd,sata,4tb
0,0,169444.70967741936,1.0,1.0112008995933641,0.930322118586213,0.9896953032796945,1.0699118524912303,1.0743384494755102,1.0605324488757013,1.4290519354871871,1.0327319572254927,1.07078548412214,Western Digital,wd gold,ssd,sata,8tb
0,0,7193.0,1.0,1.0,1.0,1.0,1.0232394397779203,1.0418601418045321,1.0685926729840391,1.0419628402165189,1.0414569720561657,1.0399806263257738,Western Digital,wd red,ssd,sata,512gb
0,0,12946.225806451614,1.0,1.0426977098818189,1.0426977098818189,1.0426977098818189,1.0426977098818189,1.0326561733024695,1.0782093672835276,1.0426977098818189,1.0426977098818189,1.0426977098818189,Western Digital,wd red,ssd,sata,1tb
0,0,27826.58064516129,1.0,0.9324203990217224,0.9235472233557146,1.0085237214205338,1.0061962106317468,1.003742920824523,1.0816694179619393,1.0148233761175205,1.0736976171928132,0.9412780075676076,Western Digital,wd red,ssd,sata,2tb
0,0,55524.8064516129,1.0,0.9842537685858516,0.9751665776819313,0.9941322361583228,1.0341027462877679,1.0244832349466197,1.041876661927915,1.0532996295175245,1.0725224238628592,1.0139280960733041,Western Digital,wd red,ssd,sata,4tb
0,0,4061.516129032258,1.0,0.9661416759989516,1.0462087096031196,1.1450896296472794,1.0702979183047805,1.1625133365632305,1.1693869284471872,1.2920806627113663,1.147108580142486,1.096579221171182,Western Digital,wd blue,ssd,sata,256gb
0,0,5366.774193548387,1.0,1.0481089911470989,1.1964777303600407,1.1360145058203603,1.1261525515417443,1.0562397066778866,1.0991705235318867,1.0442687984612609,1.0245819558814688,1.0238865180020436,Western Digital,wd blue,ssd,sata,512gb
0,0,9516.774193548386,1.0,1.0314231722788771,1.0796556165683682,1.0812592366619214,1.071649379703071,1.0197888278760763,1.0771845976543963,1.0245610467086976,0.9841535037172622,0.9841807335095927,Western Digital,wd blue,ssd,sata,1tb
0,0,20769.967741935485,1.0,0.9609943393543007,0.9397315292396435,0.9325933277317798,0.959682792617753,0.9140232459294255,0.8852996494628566,0.8917699097176599,0.8644420422994947,0.8525926857792502,Western Digital,wd blue,ssd,sata,2tb
0,0,45140.06451612903,1.0,0.9852041428859319,0.9934147620810352,0.9211713314781756,0.8860221446937203,0.885280820080676,0.837037693430198,0.85675981997253,0.8487862628768856,0.8191542882297538,Western Digital,wd blue,ssd,sata,4tb
0,0,2549.0,1.0,1.2648517625959759,1.7906579430263607,1.9145285732967177,2.007681696807097,2.0216817052438865,1.9182475100925096,1.8904440704134449,1.6107493134562574,2.0815373517761553,Western Digital,wd green,ssd,sata,128gb
0,0,3852.1612903225805,1.0,0.9231366914736954,0.926124421146068,0.9944374195745441,1.071890936801293,1.0460361590058367,1.0771498195399314,1.107748478022392,1.0173942291856826,0.9750741399585368,Western Digital,wd green,ssd,sata,256gb
0,0,5279.645161290323,1.0,0.9982543164208598,1.0360483659092437,1.0952124918789343,1.0284415497131405,1.1033569786174127,1.1729282881914107,1.2720429647642497,1.260873877561827,1.3310706364675045,Western Digital,wd green,ssd,sata,512gb
0,0,8726.0,1.0,1.0350512425919256,1.0242286677559833,1.1385896554358623,1.1140935875729188,1.049740239896096,1.0298551603291608,1.0384279831131287,1.031285812514325,0.9762038549976711,Western Digital,wd green,ssd,sata,1tb
0,0,18999.0,1.0,1.0,1.0,1.021053739670509,1.0424470557873164,1.06142428548871,1.0435999178225,1.052515497420068,1.038423074898679,0.935480475203279,Western Digital,wd green,ssd,sata,2tb
0,0,7388.0,1.0,1.0,0.9724444172764901,1.0467018588702401,1.038414517002288,1.0306127052878542,1.0123914979827795,1.0148890092041147,1.0033477711604404,0.9938042510086103,Western Digital,wd red,ssd,m2,512gb
0,0,13420.806451612903,1.0,0.9980771310795707,0.9980771310795707,0.9980771310795707,1.0106046220961675,0.9852413400793985,1.0057397637274814,1.007028085904169,1.0058262928289008,1.0054897907678255,Western Digital,wd red,ssd,m2,1tb
0,0,28041.16129032258,1.0,0.9984964499192431,1.0006752745963308,0.9984964499192431,0.9961956846847262,0.9908992847687809,1.0099588623176068,0.9984964499192431,1.0213794774808769,0.9501746280812998,Western Digital,wd red,ssd,m2,2tb
0,0,4378.290322580645,1.0,0.9611791632152357,1.0271279848519455,1.028331380884668,1.0229946878660843,1.026169197482201,1.1494838904565785,1.2021705334973882,1.0030703790206321,1.017255225563079,Western Digital,wd blue,ssd,m2,256gb
0,0,5392.612903225807,1.0,1.1493103297991705,1.2492118848364848,1.2629251883799621,1.1432904032397961,1.0760522658435574,1.1816762476745368,1.0785423309066764,1.0191410790946593,1.0193693882312123,Western Digital,wd blue,ssd,m2,512gb
0,0,9766.741935483871,1.0,1.032893063688819,1.0457312340431153,1.0808790419979146,1.0947917389164676,0.9998557756353303,1.0992175552979333,1.0444992717220059,1.020384627664435,0.973890986197398,Western Digital,wd blue,ssd,m2,1tb
0,0,21007.516129032258,1.0,0.9571013205499633,0.9529262184195212,0.9828799625735591,0.9687085881704397,0.9689008388702661,0.9797998565797494,0.9794574292150429,0.9022992794693553,0.8704795365099742,Western Digital,wd blue,ssd,m2,2tb
0,0,29999.0,1.0,1.0479611225136076,0.9634396415364384,1.0,1.0,0.9757258575285843,0.9489251792264043,0.919476885788666,0.8092158627509807,0.7946189604169601,WD_BLACK,an1500,ssd,nvme,1tb
0,0,54676.41935483871,1.0,1.0088391839951898,1.0113866389296795,1.006631389718632,1.0254842418946895,1.0235491032579356,1.0475176832142652,1.0479188704926166,0.9751979731389384,1.0278813358828391,WD_BLACK,an1500,ssd,nvme,2tb
0,0,80033.45161290323,1.0,0.8636192389368984,0.5772767596775058,1.2698369404943712,1.5276507363654794,1.4054081687079503,1.2749543839934672,1.2664337533055734,1.050399530518892,1.1232782904890173,WD_BLACK,an1500,ssd,nvme,4tb
0,0,13686.09677419355,1.0,0.8506338465185328,0.8531709835033905,0.8129442248510574,0.8517827133257437,0.8469130040925292,0.8655169244040927,0.9075727899045181,0.818117357934078,0.7607649863647826,WD_BLACK,sn850,ssd,nvme,512gb
0,0,22059.774193548386,1.0,0.9930745350243401,0.9273001653864208,0.9120870031034936,0.9088312839162803,0.9210339064097108,0.927740318460254,0.9319473629566588,0.8393422270575694,0.7698452737649758,WD_BLACK,sn850,ssd,nvme,1tb
0,0,44999.0,1.0,0.9496020546488334,0.8731104418807872,0.847262531759965,0.9510684466823278,1.031325140558679,0.8966442981887052,0.8767155399152239,0.8036993414668474,0.7698873595040464,WD_BLACK,sn850,ssd,nvme,2tb
0,0,5499.0,1.0,0.9766191255552958,0.9450926561427591,0.9215614960295812,1.0316655814253617,1.0393526095653756,1.1096504349764473,1.0309381764426377,1.0194035279141662,1.035783632214655,WD_BLACK,sn750,ssd,nvme,256gb
0,0,6479.645161290323,1.0,0.9922721489414209,1.0137154065585032,1.037459073658288,1.0554540521434368,1.074251211817984,1.1218704727957025,0.9881863303944362,0.9515850297125655,0.9945437075905191,WD_BLACK,sn750,ssd,nvme,512gb
0,0,12895.612903225807,1.0,1.0251022210246903,1.0336323430824186,1.061981318978197,1.0728029537427082,1.0851830079747051,1.05443461642369,0.9140317787494622,0.9591582366929821,0.9380259353018281,WD_BLACK,sn750,ssd,nvme,1tb
0,0,27857.225806451614,1.0,1.022049520778929,1.0676757290052734,1.097230578966018,1.1443512657861399,1.1874345838727582,1.1623265637918696,1.1554898595835446,0.9462571823607472,0.8357187687447746,WD_BLACK,sn750,ssd,nvme,2tb
0,0,81743.625,1.0,1.0359881712051375,1.005670216267728,0.9786390070173668,1.0122415090177448,1.0986879201079391,1.1629471549497867,1.1015340596502075,1.110972262362967,1.09743167712786,WD_BLACK,sn750,ssd,nvme,4tb
0,0,4606.935483870968,1.0,0.9253207196122856,0.9895319119140147,1.0447364305803546,1.0851031054160978,1.0717174899928812,1.098687112698246,1.222994783461121,1.0584910548611839,0.9546406189825999,Western Digital,sn550,ssd,nvme,256gb
0,0,5679.387096774193,1.0,1.011043453283643,1.0128989384361102,1.0531124629153155,1.058536529952687,1.0063879375140814,1.0466088457977634,1.009786380856635,0.8861284819844638,0.8602870595986619,Western Digital,sn550,ssd,nvme,512gb
0,0,10320.90322580645,1.0,0.9891991377170218,1.0139710202907974,1.0213544075912335,1.0524491479865479,1.0597489800425903,1.0458949579306638,0.9763180266793355,0.9210854055450677,0.9152674809656569,Western Digital,sn550,ssd,nvme,1tb
0,0,22499.0,1.0,1.0,1.003853934726848,1.2841148495488688,1.541810460393222,1.197690267715602,1.0523449787732502,0.9404532674570483,0.9850556321021675,0.944922283284275,Western Digital,sn550,ssd,nvme,2tb
0,0,4713.5161290322585,1.0,0.975704733812851,1.0001300310021284,1.0034688621374814,0.989446957616737,0.9823381399179206,0.984519467009766,0.9841909676359678,0.9784910472514411,0.977812604794722,Seagate,barracuda,hdd,35,1tb
0,0,5499.0,1.0,0.9915634011378692,0.9988267661568966,0.9908589440504335,1.006159477676293,1.0069103473358791,0.9880388809695604,0.9879743531081898,0.9020549190761956,0.850700127295872,Seagate,barracuda,hdd,35,2tb
0,0,8781.064516129032,1.0,0.9931028275651788,0.9764596106725248,0.9405503533385008,0.9127741878602418,0.9743389674017529,0.942897657349208,0.9290812709165249,0.9412526220276035,0.8906811945057731,Seagate,barracuda,hdd,35,4tb
0,0,14082.774193548386,1.0,0.9739659720899672,0.9866366139369535,0.9905008635578584,0.9926769377367912,0.9940513003761173,1.0053164928097928,1.0537100919448608,0.9940513003761173,1.0027029131906744,Seagate,barracuda,hdd,35,6tb
0,0,14992.548387096775,1.0,1.0087677964752382,1.033416600504767,0.9809762125557715,1.207754820136455,1.1890795929447386,1.1352822584983078,1.144742872265577,1.164809758539547,1.1079934332969712,Seagate,barracuda,hdd,35,8tb
0,0,4000.0,1.0,1.0,1.092516129032258,1.9912666666666667,2.4220564516129035,1.7593333333333332,1.6659193548387097,1.625,1.6325999999999998,1.663,Seagate,barracuda,hdd,25,500gb
0,0,4500.677419354839,1.0,0.8694881569287572,0.7996573992445581,0.844095154134503,0.9741830978849061,0.9662989800818514,0.9537345632557105,1.0068520151088367,0.9788896773006692,0.9874284157940381,Seagate,barracuda,hdd,25,1tb
0,0,7225.451612903225,1.0,0.916685162472902,0.8894856443843225,0.8881520967547514,0.9783471509761641,0.986305131055543,0.9407470902588967,0.9914817245489734,0.9777935523619464,0.9873252704373876,Seagate,barracuda,hdd,25,2tb
0,0,14489.0,1.0,1.0,1.0,1.202820530517404,1.3802884947201326,1.3802884947201326,1.0,1.0,1.0,1.0,Seagate,firecuda,hdd,35,1tb
0,0,30448.41935483871,1.0,0.7165115076384373,0.7152095399835364,0.47122095784762735,0.6807716063443094,0.8147549372232893,0.9064605292292306,0.7956067426562744,0.6181831569200584,0.928397314809661,Seagate,firecuda,hdd,35,2tb
0,0,5166.741935483871,1.0,1.0366577088664384,1.0449525189019098,1.025094743676991,1.0368360918779538,1.0932550410295792,1.0279517259894235,1.2211976100244117,1.15448640706587,1.1848859642003133,Seagate,firecuda,hdd,25,500gb
0,0,5230.645161290323,1.0,1.6713794546495748,2.22086339808819,2.485314831945729,2.750755473327166,3.168978106691335,3.2273080481036076,2.821418439716312,1.534992291088498,1.6315757015109464,Seagate,firecuda,hdd,25,1tb
0,0,21941.967741935485,1.0,1.0673056304575517,1.0461481238633874,1.1542249521342465,1.1504364151184723,1.1098153830019852,1.0347323805757416,1.0785782437838227,1.0776152931265905,1.0805967647798222,Seagate,firecuda,hdd,25,2tb
0,0,6015.129032258064,1.0,1.055683326910716,1.0116695000241327,0.9821124869728124,0.9973185891488666,0.9973185891488666,0.9973185891488666,1.0048265395320402,0.9973185891488666,0.9922124167709225,Seagate,ironwolf,hdd,35,1tb
0,0,8010.935483870968,1.0,1.0134004612358798,1.0028912091938842,0.9985101011117867,0.9985101011117867,0.9985101011117867,0.9924699704838951,0.9985101011117867,0.9985101011117867,0.9971726436156108,Seagate,ironwolf,hdd,35,2tb
0,0,9495.774193548386,1.0,1.000339709684104,1.000339709684104,1.000339709684104,1.000339709684104,1.000339709684104,0.9898709381144694,1.0,1.0,1.0,Seagate,ironwolf,hdd,35,3tb
0,0,10421.58064516129,1.0,0.9834400700779091,0.9888568695851351,0.9914362979219095,0.9886556741748668,1.00742875360991,0.9888444883291185,0.98604941978339,0.9626498776835084,0.9241338537587946,Seagate,ironwolf,hdd,35,4tb
0,0,15963.935483870968,1.0,1.020988841784506,0.9417780400176203,0.9499954871396952,0.9622738349748021,0.9763047891551252,0.966921407527451,0.9375346042086801,0.999690835391063,1.1841550106894168,Seagate,ironwolf,hdd,35,6tb
0,0,19980.612903225807,1.0,1.00807003470876,1.0033419492120588,0.9849314146993026,1.1598178234062373,1.174872201386613,1.1334519429317775,1.074091175478165,1.0389671278126054,1.0703811275123143,Seagate,ironwolf,hdd,35,8tb
0,0,26673.0,1.0,0.9853369646137614,1.0050915326964684,1.0133743235981454,1.172224419281066,1.1978030217823268,1.1519066641027593,1.1773038580756425,1.3095752258838527,1.209669558318609,Seagate,ironwolf,hdd,35,10tb
0,0,31028.387096774193,1.0,0.9589502180254146,0.9562024368944151,0.9873023661995259,1.3558593587557701,1.4373493921625704,1.157605938370691,1.2332525886805006,1.3273565656145603,0.9867540649561276,Seagate,ironwolf,hdd,35,12tb
0,0,42627.967741935485,1.0,0.9361576944411022,0.9482756663617025,1.006137572864097,1.2982405160325607,1.2807241245272614,1.172821568756541,1.1546720425103312,1.1305863861904988,0.9747137083256713,Seagate,ironwolf,hdd,35,14tb
0,0,58262.93548387097,1.0,0.8209856801246724,0.8359063001930624,0.8874801719236098,1.119378723041429,1.0175468533177274,0.9694095344187723,1.1537977721685506,1.0990709525394056,0.8311811815414227,Seagate,ironwolf,hdd,35,16tb
0,0,9807.0,1.0,1.112048245422366,1.915909307703188,2.2228000407871926,2.137936365400619,1.3662689915366575,1.0297746507596615,1.0297746507596615,1.0,1.0,Seagate,ironwolf pro,hdd,35,2tb
0,0,13908.677419354839,1.0,0.9515436936726501,0.9322771349517243,0.9453954249957673,1.0035090648910288,1.0064939733607936,1.0062643650169656,0.9778439544586924,0.9765486387008342,1.0090219844191026,Seagate,ironwolf pro,hdd,35,4tb
0,0,24339.645161290322,1.0,1.01519557233718,0.9898850806264571,1.0356929952327878,1.2757256513666142,1.266174306532066,1.3308050452666498,1.2982072259648072,1.1911704741191746,1.1831420661101164,Seagate,ironwolf pro,hdd,35,8tb
0,0,27811.935483870966,1.0,1.0178774819019782,1.040779660623775,1.1180823194188307,1.3214215293967548,1.3118552412323943,1.203821752090655,1.2281185845018963,1.443871703569675,1.5194578795365183,Seagate,ironwolf pro,hdd,35,10tb
0,0,37047.77419354839,1.0,1.0096943577771733,1.0796600030823322,1.0542000839950045,1.1580034846027056,1.2156177884817714,1.098014682001705,1.1775240513338925,1.1836545547263444,1.1418748898628845,Seagate,ironwolf pro,hdd,35,12tb
0,0,44112.77419354839,1.0,1.0031091759787858,0.9811348625517003,0.9826972071581928,1.2652548892281952,1.2191706593657312,1.1581021077940996,1.103014560920105,0.9118016432954831,0.9313021756553583,Seagate,ironwolf pro,hdd,35,14tb
0,0,51288.06451612903,1.0,0.9851393951755288,1.0070745252935664,0.9513616951689697,1.2910713050260074,1.1289475217986535,1.0477926701175524,1.0312837672098771,0.9051501638436913,0.9137320510965892,Seagate,ironwolf pro,hdd,35,16tb
0,0,59576.45161290323,1.0,0.9937681242936892,1.3946888519495144,1.3844317863917512,1.462937835364698,1.444214355459056,1.1775782810917932,1.110609301141932,1.0771526600861638,0.9799790997742126,Seagate,ironwolf pro,hdd,35,18tb
0,0,5489.322580645161,1.0,0.9845216897823426,0.956219993065717,0.9556127535959351,0.9565138186156117,0.947718640488769,0.9593580499385905,0.9576891208151896,0.955078382862527,0.9512014526735186,Seagate,skyhawk,hdd,35,1tb
0,0,6968.1612903225805,1.0,0.9891008543797959,0.9446977728192285,0.9556083815943176,1.0026202126723853,1.0010962303194715,1.004221968122289,1.0001157337752822,0.9420419141440561,0.9326244253818058,Seagate,skyhawk,hdd,35,2tb
0,0,9621.709677419354,1.0,0.9791584746667842,0.9636775705477869,0.945337883974301,0.9715193798969401,1.0342929687456346,1.0770971559611497,1.088569867202194,1.0889783296957263,1.0901388995986898,Seagate,skyhawk,hdd,35,4tb
0,0,15387.967741935483,1.0,0.9752471333608251,0.9143465673850747,0.9676044891938332,0.9883109341819227,1.0060111202650306,1.0263423244386587,0.9855291209931514,1.0115349166119878,0.9913065717454149,Seagate,skyhawk,hdd,35,6tb
0,0,20525.129032258064,1.0,0.9935138516279808,0.9701263125138501,0.9746183147120473,1.0580767242043192,1.116631226238804,1.1112562256494398,1.4199258501380683,1.3430203836157828,1.2437531334524636,Seagate,skyhawk,hdd,35,8tb
0,0,21388.548387096773,1.0,1.0167657226454143,0.9590284219019826,0.9449355624429715,0.994615750062213,1.0673827065533512,1.081852664600442,1.1045524813549608,1.0583763294095174,1.077682510236862,Seagate,skyhawk ai,hdd,35,8tb
0,0,24602.225806451614,1.0,0.9958042086409701,0.9698427496069723,1.055687679277205,1.5078428518793867,2.4208107754915087,2.204061001561621,2.2125365001068613,2.3438990352739304,2.117785041741568,Seagate,skyhawk ai,hdd,35,10tb
0,0,28870.83870967742,1.0,0.974428616759979,0.9582891990578729,1.0443225072141848,1.2301853863034025,1.206603902885227,1.2318144438634362,1.912425306928746,1.3353635844927425,1.6080205945054504,Seagate,skyhawk ai,hdd,35,12tb
0,0,37903.0,1.0,1.0152852582343652,0.9743572940434538,1.0375827770888848,1.750949154590708,1.4512123050945835,1.122715624688828,1.1868674962318924,1.164661548338302,1.1141172755922801,Seagate,skyhawk ai,hdd,35,16tb
0,0,10353.838709677419,1.0,0.9912541620619348,0.9903417463991849,0.9248936813212493,0.9528646068623451,1.012213952126218,1.013923463013562,1.0132037673420176,1.0130638784430896,1.0340531328570672,Toshiba,x300,hdd,35,4tb
0,0,37497.0,1.0,1.0,1.0,1.0,0.5096794840361423,0.4000053337600341,0.4000053337600341,0.4000053337600341,0.4000053337600341,1.0,Toshiba,x300,hdd,35,5tb
0,0,33675.83870967742,1.0,0.7833636690939382,0.6131216886616326,0.5907796438721741,0.5890650040088089,0.8304826567530469,0.6531570926221634,0.532687836881233,0.5196604055171172,1.0,Toshiba,x300,hdd,35,6tb
0,0,31900.0,1.0,0.9914778325123154,0.9403448275862069,0.9403448275862069,0.8895257356658914,1.0018620689655173,1.003103448275862,1.003103448275862,1.003103448275862,1.0,Toshiba,x300,hdd,35,8tb
0,0,13500.0,1.0,1.0,1.0,0.9690740740740741,0.9628888888888889,0.9628888888888889,0.9628888888888889,0.9628888888888889,1.1851666666666667,1.0,Toshiba,p300,hdd,35,2tb
0,0,17629.032258064515,1.0,0.9359560841720037,0.9359560841720037,0.9355930466605672,0.9351655992680696,0.9351052150045747,0.9376944190301921,1.0153705397987192,1.0153705397987192,1.0,Toshiba,p300,hdd,35,3tb
0,0,5490.0,1.0,1.0,1.0,1.0,1.0270168635054937,1.0380692167577414,1.0380692167577414,1.0380692167577414,1.0380692167577414,1.0,Toshiba,l200,hdd,25,500gb
0,0,7995.0,1.0,1.0,1.0,1.0,1.0003711997417741,0.8104315196998123,0.525328330206379,0.525328330206379,0.525328330206379,1.0,Toshiba,l200,hdd,25,1tb
0,0,8575.387096774193,1.0,0.9602232087439188,0.9325526544461457,0.9104039944276631,0.9325526544461457,0.9052419339670551,0.8789069994018892,0.8046284001098418,0.8663165774515963,0.9327858800693658,Toshiba,l200,hdd,25,2tb
0,0,10250.612903225807,1.0,1.0162005598855952,1.017622864407793,1.005175667439765,1.0093558528364943,1.044558678369088,1.0424805440429998,1.0304560860247538,1.0525549481961216,0.9970013594781114,Toshiba,n300,hdd,35,4tb
0,0,15612.09677419355,1.0,1.0467386892770434,1.0429918900769668,1.1285714482497373,1.2825559171444805,1.5949170928250425,1.5949170928250425,1.5949170928250425,1.5949170928250425,1.0,Toshiba,n300,hdd,35,6tb
0,0,28900.0,1.0,1.0,1.0,1.0,0.9215314209175131,1.0,1.0,1.0,0.9083581911466412,1.0,Toshiba,n300,hdd,35,8tb
0,0,16261.09677419355,1.0,0.8691251744997672,1.005058580344142,1.011247902176975,0.7863969815153523,0.6483777496525119,0.5473185556662051,0.5473185556662051,0.6720969369469451,0.707844833172649,Toshiba,s300,hdd,35,4tb
0,0,12708.677419354839,1.0,0.865471648784549,0.865471648784549,0.865471648784549,1.0254207818381649,1.7918754182858718,2.270658351291599,2.5887036797311462,2.5887036797311462,1.0,Toshiba,s300,hdd,35,5tb
0,0,23999.0,1.0,1.0,1.0,1.0,1.1236610665229332,1.166673611400475,1.2916788199508313,1.2916788199508313,0.9423059294137256,1.3178828687754462,Toshiba,s300,hdd,35,8tb
0,0,5216.064516129032,1.0,1.0161259614484144,0.9583853851006197,1.191083171509027,0.9936239161894396,0.9392138430902052,0.9475627404173212,0.8747108807777463,0.8625085035065368,0.8625276750485473,Western Digital,wd blue,hdd,35,2tb
0,0,7995.0,1.0,1.0,1.0319715951501947,1.0743464665415885,1.037325747947306,1.0566854283927456,1.010680062135609,0.9669349795234925,0.9050573274963519,0.8773588331416813,Western Digital,wd blue,hdd,35,4tb
0,0,12523.548387096775,1.0,1.036652794183124,1.0144115601576384,1.0275548858494534,1.0417793575973004,1.100172749830427,1.061190531386034,1.0243747263220255,0.9337928547510496,0.8959972181438838,Western Digital,wd blue,hdd,35,6tb
0,0,4486.129032258064,1.0,1.0028690587473934,0.9058747393399008,0.9538735888401524,0.9992737470338678,0.9634438292466624,0.7964981663910261,0.7576687998849501,0.8230035234054792,0.9489825267850722,Western Digital,wd blue,hdd,25,500gb
0,0,4799.0,1.0,0.9400693596880302,0.8921213424839852,0.991012016392304,1.0014788027075534,0.9988053066611099,0.9735697625177288,0.9509104719397186,0.9289365840105577,0.9395707439049802,Western Digital,wd blue,hdd,25,1tb
0,0,7482.741935483871,1.0,0.9348177526782058,0.9652361347617098,0.9433484936664295,0.9198068674153428,0.9394684542926734,0.9391244368762528,0.9440174164205807,0.9487164011812127,0.946121182074882,Western Digital,wd blue,hdd,25,2tb
0,0,6644.806451612903,1.0,1.0532016966231899,1.0440800236905854,1.017576666715213,1.0531290505803708,1.037441805144935,1.0471481486875511,0.9857905033763938,0.8576171543140653,0.8070916408157717,Western Digital,wd red,hdd,35,2tb
0,0,8488.225806451614,1.0,0.9996199669371234,0.9996199669371234,1.0002247262178474,1.0012693104300072,0.9774323699495188,1.0009310810040473,0.9979022174929219,0.9149222515692198,0.8820909419119463,Western Digital,wd red,hdd,35,3tb
0,0,9402.225806451614,1.0,1.0059624081561234,0.9912512136796707,0.9964732670255385,1.0102926897886224,1.0085094241011336,0.9720381927409089,0.8935770184822399,0.8507559980649743,0.8507559980649743,Western Digital,wd red,hdd,35,4tb
0,0,13794.09677419355,1.0,1.0096995174921215,1.0478372001113145,0.9954354792567491,1.0865283653362705,1.0395026390438171,1.0288856617019435,1.016959101251821,1.0177542052818291,1.0120738885498004,Western Digital,wd red,hdd,35,6tb
0,0,7115.129032258064,1.0,1.0253403049126837,0.9950128984580789,1.1713069379649905,1.2285724648522685,1.2434583584577465,1.1202752880051141,0.9022120062202758,0.8292189745612484,0.8292189745612484,Western Digital,wd red plus,hdd,35,2tb
0,0,7953.8387096774195,1.0,1.0698966907553549,1.237608945163423,1.4403988335922198,1.42696364912053,1.370470334875836,1.1743365954357605,1.079523378851356,1.0970475325100812,1.0,Western Digital,wd red plus,hdd,35,3tb
0,0,13635.387096774193,1.0,1.0725034717539987,1.164559956659262,1.396481561654487,1.4708337177694661,1.9621371810067259,1.8916079366543883,1.6039124952389066,1.5212060490926913,1.9824247628916223,Western Digital,wd red plus,hdd,35,6tb
0,0,19795.290322580644,1.0,1.0362096788837265,1.0421002714884935,1.0884221944831018,1.3432455422762664,1.5405196304975335,1.452227150804851,1.3395186864259012,1.5350031668225634,1.762612156035812,Western Digital,wd red plus,hdd,35,8tb
0,0,26207.90322580645,1.0,1.005173888694004,1.0301448098025097,0.9702722030414367,1.2842715506895852,1.4625435567946137,1.284324477349236,1.6466960840426121,1.6212971955024649,1.4609210469631793,Western Digital,wd red plus,hdd,35,10tb
0,0,31788.677419354837,1.0,0.9751585317961661,0.9676786926568499,0.9733622947509207,1.2659457770011437,1.3273709412325414,1.3495056568122754,1.3091758173177912,1.3444724181565968,1.3413895594799934,Western Digital,wd red plus,hdd,35,12tb
0,0,38878.54838709677,1.0,1.0028767655863202,0.9973946989591241,1.0093055157984405,1.1834048961405867,1.2159181681027629,1.1283019494123554,1.0596837961061536,1.0094289771980844,0.9139628371230507,Western Digital,wd red plus,hdd,35,14tb
0,0,9999.0,1.0,1.0,0.9709648384193258,1.007084041737507,1.0072587903951684,0.9426042604260426,0.9482270807725933,0.9319286767386417,0.8816448311497818,0.849978546241721,Western Digital,wd red pro,hdd,35,4tb
0,0,18087.25806451613,1.0,1.0981921993612633,1.1015774783531447,1.1252101669624253,1.0780517384364328,1.0642298534880195,1.0560258959702518,1.0851909649459164,1.0780517384364328,1.1688160440873543,Western Digital,wd red pro,hdd,35,6tb
0,0,27675.967741935485,1.0,0.9876825874150909,0.979461626775297,0.9704135220767213,1.028868646957008,1.0380630685758576,1.0425943085593066,1.0462145450518967,1.0699583699999806,0.9825328834262869,Western Digital,wd red pro,hdd,35,8tb
0,0,32069.0,1.0,0.9948537305720255,1.0225089248083015,1.0617397902439532,1.2009578137463675,1.2625235169998026,1.0430825065710125,1.0288873085152077,1.0289999688172378,0.9454925317284605,Western Digital,wd red pro,hdd,35,10tb
0,0,40585.6129032258,1.0,0.9704353702783148,0.9716894752152757,0.9712752175011964,1.0016937513213804,1.0422198978291477,1.027009412202322,0.963688069981894,0.9728176359968653,0.9139310450072091,Western Digital,wd red pro,hdd,35,12tb
0,0,44237.51612903226,1.0,1.0327207311266238,1.0043154146640971,0.9833810109601422,1.189679902403667,1.155765614210096,1.096011048861607,1.032542076751378,0.9153693563751294,0.9134459658019065,Western Digital,wd red pro,hdd,35,14tb
0,0,49905.903225806454,1.0,1.0018654461331422,1.0018654461331422,1.000285138763294,1.519355457981246,1.434749439213453,1.2147725752270562,1.127865150092141,1.117728158950317,1.045992361107969,Western Digital,wd red pro,hdd,35,16tb
0,0,60897.1935483871,1.0,0.9789238356008475,0.9401243661316031,0.9975155907920965,1.2372830359786695,1.1394471451003532,1.0435678745723225,0.9924817765318916,0.9879360579322917,0.9490844697011832,Western Digital,wd red pro,hdd,35,18tb
0,0,4982.1612903225805,1.0,1.0023475459450262,0.9274443660284759,1.0023360764534113,1.0698038809429773,1.0352602079246171,0.982291659922174,1.0254844704008494,1.0226886893238458,0.9757521997837445,Western Digital,wd purple,hdd,35,1tb
0,0,6602.903225806452,1.0,1.0193513885108492,1.0076457081440227,0.9688768381454882,1.050495871806146,1.0227571775204782,0.9812838927158141,0.9888514338756167,0.9841983812920351,1.0112413894181445,Western Digital,wd purple,hdd,35,2tb
0,0,8248.483870967742,1.0,0.9941047677523198,0.9697578831691454,0.9987249530379646,1.0682315029545997,1.0705805824204904,1.0719428399353936,1.0621580505508343,1.034715405502999,1.019381860987161,Western Digital,wd purple,hdd,35,3tb
0,0,9148.258064516129,1.0,0.9728628048350471,0.9728628048350471,0.9983066286783546,1.1500444293995684,1.1519642966285375,1.1160559387297422,1.1442791858841452,1.1267791741303357,1.1188839052736992,Western Digital,wd purple,hdd,35,4tb
0,0,14133.741935483871,1.0,0.988622024882769,1.057971543731998,1.1865034334065205,1.4676820055415318,1.330220976569454,1.2989711192159692,1.2362545818060646,1.2117904381948787,1.1070259685127788,Western Digital,wd purple,hdd,35,6tb
0,0,19215.25806451613,1.0,0.9903922597993003,1.0016015498436222,1.0364818728843956,1.2947808613114913,1.2988861897942887,1.3401581068807886,1.3107376026779793,1.2966483848241122,1.3048887560792581,Western Digital,wd purple,hdd,35,8tb
0,0,23540.290322580644,1.0,0.9964177996230799,0.9958903677839914,1.0246460997776863,1.4017943155797405,1.4673664963341275,1.38607521216199,1.4256257973632032,1.4044785718559853,1.3881252321003523,Western Digital,wd purple,hdd,35,10tb
0,0,26523.451612903227,1.0,0.9929285690830252,1.0088710295332066,1.0820436854218278,1.5818113489340533,1.6113124072387146,1.454879248674636,1.4214030918468987,1.5512410400858483,1.466233777290213,Western Digital,wd purple,hdd,35,12tb
0,0,35221.903225806454,1.0,0.9956142445401786,0.9936549745896752,1.0325478372603558,1.5044542481355534,1.6513521797439703,1.552710510963211,1.4568482405101664,1.2433125221140193,1.199742828646764,Western Digital,wd purple,hdd,35,14tb
0,0,50864.903225806454,1.0,0.9721185168917681,1.0126115224896817,1.0417471243665488,1.8462473649363398,1.7046069326379218,1.372729913268037,1.2640067427188528,1.1460816719642757,1.0286914356308805,Western Digital,wd purple,hdd,35,18tb
0,0,5582.1612903225805,1.0,0.924302769932859,0.9702392991499419,0.996961519124862,0.9718111264569742,1.0651191102224637,1.0508185637427983,1.0495010026177858,0.9140067919890743,0.7189665235456264,WD_BLACK,wd black,hdd,35,500gb
0,0,9960.483870967742,1.0,1.000865748291058,1.0041324589102096,1.0105064637141392,1.0635899927131407,1.027687690605349,1.041907537851186,1.0233956764634442,0.9345998434674656,0.8581167516800259,WD_BLACK,wd black,hdd,35,2tb
0,0,14842.935483870968,1.0,1.0768109671872947,1.002290652009971,1.0059780077122964,1.0072805353258094,1.0120414983269257,1.010514396986945,1.0736942305560808,0.9809739690073769,0.8931565141231519,WD_BLACK,wd black,hdd,35,4tb
0,0,17895.709677419356,1.0,1.0746250871343928,1.0552177761114125,1.0566722606067052,1.061651107582102,1.1013310092345072,0.9980442239715052,1.0717454354711076,1.061651107582102,1.1165173847759509,WD_BLACK,wd black,hdd,35,6tb
0,0,25171.451612903227,1.0,0.9910206592392633,0.9931232899534163,1.0091856066673928,1.1630943913675886,1.1103465053642865,1.125796633410866,1.034315628944721,0.961896584498995,0.8737112576331353,WD_BLACK,wd black,hdd,35,8tb
0,0,32012.516129032258,1.0,1.0094946662566888,1.0235714256923705,1.0216170825658244,1.0670917020358972,1.1965184652239513,1.204651809574481,1.1002883952647553,1.0130235687385714,1.0151966771061318,WD_BLACK,wd black,hdd,35,10tb
0,0,7747.0,1.0,1.0054214534658577,1.025778969590726,1.0975044103093672,1.03634705630067,1.0886192504625445,1.194447798731663,1.1854869939248074,1.1839120519771094,1.1060681137755717,Western Digital,wd gold,hdd,35,1tb
0,0,10953.838709677419,1.0,1.0025480830111113,1.0221516098348202,0.9751771608519427,0.9974349837588238,1.0356247674748482,1.1109347437486932,1.2556152063350896,1.1430026494369825,1.1126869649467415,Western Digital,wd gold,hdd,35,2tb
0,0,15000.0,1.0,1.0,1.0,1.0671866666666667,1.0666,1.0664933333333333,1.1146193548387096,1.1337505376344086,1.1144244444444444,1.0306602150537634,Western Digital,wd gold,hdd,35,4tb
0,0,18560.58064516129,1.0,1.0570251208770582,1.0627205072143877,1.0853791188864828,1.0260993642440273,1.0943802740691047,1.1015037071281835,1.2907410432793744,1.2932102606170783,1.1279784767578878,Western Digital,wd gold,hdd,35,6tb
0,0,26274.967741935485,1.0,0.9888662405457491,0.9514378950159847,0.9685733426311972,1.1422045268156615,1.077316895102743,1.0385439839710064,1.0113465042159593,0.9406329340817459,0.8936876015930777,Western Digital,wd gold,hdd,35,8tb
0,0,29411.0,1.0,0.9825454033233436,0.9726238043479454,0.9988258361384063,1.225146176381231,1.1165731642356034,1.0374371669147269,1.0116612064171733,0.9955980188818242,0.9145733272936064,Western Digital,wd gold,hdd,35,10tb
0,0,39721.967741935485,1.0,0.9660280669775295,0.8636741999429908,0.9264848166408285,1.2040725007126145,1.1058968751345035,0.9856989834990145,0.9821127660732137,0.9814376162482069,0.87350949868481,Western Digital,wd gold,hdd,35,12tb
0,0,45017.22580645161,1.0,1.0006970961858124,0.9184233418891978,0.9603834804454783,1.1728062519437004,1.186679077686391,1.1039286753314501,1.0966647892491332,1.0623289006215542,0.9849079487936264,Western Digital,wd gold,hdd,35,14tb
0,0,51677.903225806454,1.0,0.9776968157512347,0.879361304357325,0.9836428497860507,1.3076481805725912,1.1337373037497567,1.0301245618798824,0.9774415345674042,0.9537977276534032,0.8938674107296124,Western Digital,wd gold,hdd,35,16tb
0,0,57772.354838709674,1.0,0.9797635938162187,0.8890640293968038,1.0598292817433796,1.452727417902189,1.3122291254756107,1.0864086685059213,1.055314993274493,1.0307490523148979,0.9304394388877816,Western Digital,wd gold,hdd,35,18tb
