date,btc,eth,doge,ltc,bch,etc,dash
2017-08-01,473639.0,124859,22731,43994.0,308149.0,14600,26354
2017-08-02,599118.0,126128,26889,45825.0,16751.0,15146,24476
2017-08-03,592805.0,132391,25112,48422.0,80506.0,20473,20101
2017-08-04,668144.0,135064,25676,54588.0,88105.0,16241,28508
2017-08-05,642015.0,134502,30286,54241.0,44381.0,20981,28363
2017-08-06,547079.0,135792,33055,55807.0,33613.0,17055,31459
2017-08-07,692078.0,152806,44029,57613.0,58611.0,17134,25980
2017-08-08,786340.0,169229,30786,62513.0,34565.0,16307,39043
2017-08-09,711839.0,160410,25166,49768.0,30593.0,15306,20720
2017-08-10,730801.0,169210,28508,60726.0,31527.0,16704,28877
2017-08-11,729508.0,170497,29304,60889.0,31381.0,15179,30310
2017-08-12,695821.0,167082,33958,61710.0,23548.0,16071,42592
2017-08-13,717839.0,166131,33304,56802.0,23046.0,14917,41377
2017-08-14,681161.0,209225,31602,60094.0,32262.0,15242,42470
2017-08-15,817719.0,213108,30130,56770.0,25233.0,14598,37909
2017-08-16,688962.0,188623,28989,54133.0,186687.0,14332,32782
2017-08-17,863099.0,196255,31278,55676.0,38367.0,16153,45736
2017-08-18,727394.0,206639,30237,63340.0,61736.0,15394,46432
2017-08-19,708914.0,192634,32538,62271.0,68401.0,14531,45493
2017-08-20,627940.0,171234,37321,53652.0,51823.0,13300,38304
2017-08-21,632318.0,192142,30558,49983.0,44956.0,14905,29219
2017-08-22,530992.0,180890,30127,56489.0,42557.0,13913,42715
2017-08-23,839588.0,200456,32676,68211.0,33653.0,15993,27708
2017-08-24,542527.0,168031,30180,64593.0,52614.0,15295,30559
2017-08-25,587663.0,175112,35312,59633.0,29747.0,14699,31117
2017-08-26,617917.0,144211,33663,53185.0,37503.0,13224,44063
2017-08-27,753881.0,151002,34080,69283.0,25421.0,16378,36646
2017-08-28,661017.0,176815,35887,74539.0,27003.0,15947,41874
2017-08-29,789243.0,188218,35309,75887.0,38467.0,16446,39215
2017-08-30,805068.0,199429,36134,69663.0,98978.0,16596,46991
2017-08-31,797023.0,201738,35922,79665.0,66622.0,15334,43338
2017-09-01,767441.0,194535,34001,105603.0,31477.0,20045,46963
2017-09-02,709832.0,170203,41569,82532.0,21234.0,19738,51068
2017-09-03,587110.0,155252,37385,65359.0,25532.0,18041,37276
2017-09-04,760792.0,217222,61824,94956.0,21699.0,18602,40477
2017-09-05,780357.0,209290,34364,80661.0,22945.0,18279,36289
2017-09-06,777010.0,219517,35623,74253.0,25282.0,20561,40133
2017-09-07,767722.0,203211,34646,78133.0,22751.0,17503,31040
2017-09-08,809056.0,212715,37596,76714.0,19775.0,17737,32592
2017-09-09,625612.0,187363,35389,65079.0,18543.0,18576,44845
2017-09-10,581564.0,168148,43261,67509.0,13434.0,17903,35193
2017-09-11,724503.0,192744,42413,65986.0,18272.0,17896,41430
2017-09-12,700869.0,206092,36903,70697.0,14881.0,16951,41217
2017-09-13,715683.0,184759,35820,72541.0,16036.0,16547,35991
2017-09-14,786448.0,201842,42763,87355.0,18493.0,17282,28651
2017-09-15,831698.0,211723,47340,100975.0,79976.0,19947,34466
2017-09-16,637532.0,172971,47979,74230.0,17485.0,19165,65491
2017-09-17,582453.0,151929,42945,63903.0,13752.0,16698,51045
2017-09-18,694432.0,191107,46873,81612.0,20849.0,17958,43715
2017-09-19,784159.0,174538,46452,72202.0,25396.0,16022,47871
2017-09-20,619406.0,182509,52963,58720.0,21885.0,15153,27676
2017-09-21,684987.0,174750,44450,71390.0,15926.0,15944,38787
2017-09-22,642171.0,131621,44371,66489.0,15282.0,14587,36608
2017-09-23,571954.0,131179,44459,59891.0,15021.0,14187,27198
2017-09-24,549507.0,132444,52504,52431.0,15505.0,13876,31720
2017-09-25,655510.0,147862,53021,65109.0,37261.0,14880,34226
2017-09-26,722077.0,159185,48371,62387.0,16225.0,14962,36452
2017-09-27,702387.0,161803,42563,65122.0,20871.0,15315,32297
2017-09-28,753933.0,166745,48597,65384.0,22910.0,18953,39837
2017-09-29,741184.0,166723,46109,60933.0,13305.0,15935,45671
2017-09-30,631821.0,150248,48924,58567.0,20697.0,15880,36723
2017-10-01,628817.0,133565,48627,56021.0,20194.0,14013,27854
2017-10-02,800519.0,153749,43722,61494.0,21533.0,14756,35704
2017-10-03,787242.0,156587,42828,58745.0,16495.0,14134,27755
2017-10-04,655363.0,144259,46836,58375.0,22186.0,13543,31442
2017-10-05,725883.0,139560,44929,61264.0,22544.0,15162,32890
2017-10-06,818384.0,141273,44319,62458.0,20862.0,14394,29025
2017-10-07,651679.0,134989,47121,58609.0,12695.0,14166,29070
2017-10-08,699283.0,141322,50968,61486.0,19572.0,14330,32317
2017-10-09,797851.0,153436,45689,69754.0,20624.0,14715,34792
2017-10-10,833834.0,159757,47266,66510.0,21724.0,15055,34178
2017-10-11,778349.0,164924,50729,61606.0,30665.0,14792,35512
2017-10-12,784446.0,163736,50979,76442.0,35286.0,16454,29429
2017-10-13,818187.0,176192,51581,82057.0,86243.0,16141,41220
2017-10-14,789672.0,153996,53876,72749.0,180645.0,19175,38186
2017-10-15,825816.0,154242,60860,71135.0,25789.0,14865,34228
2017-10-16,844162.0,166773,55041,74970.0,27131.0,16055,37727
2017-10-17,878509.0,207471,55921,74793.0,38988.0,17721,41693
2017-10-18,824566.0,179137,53898,77955.0,19230.0,15453,41201
2017-10-19,906491.0,183418,46003,71620.0,19438.0,15388,40872
2017-10-20,850614.0,198225,41095,70225.0,32003.0,15026,30577
2017-10-21,800937.0,173297,44059,75132.0,28745.0,14744,29640
2017-10-22,907439.0,207996,43949,66762.0,17474.0,14638,36648
2017-10-23,880240.0,197761,40954,84333.0,25738.0,15499,46544
2017-10-24,955565.0,214936,55868,86245.0,24751.0,15371,39040
2017-10-25,911228.0,192161,35642,71423.0,27935.0,14108,30586
2017-10-26,742163.0,197162,35924,71050.0,24022.0,15112,34374
2017-10-27,668740.0,178047,41026,72842.0,26639.0,14679,38531
2017-10-28,555227.0,154861,42673,65935.0,25490.0,13784,27094
2017-10-29,905041.0,161233,54945,70251.0,38087.0,14434,32196
2017-10-30,894901.0,178292,48491,70507.0,27925.0,14840,35340
2017-10-31,827896.0,214027,51400,70033.0,26004.0,15591,38785
2017-11-01,961473.0,232914,39265,74849.0,31349.0,17485,37817
2017-11-02,916882.0,250046,40523,71728.0,40045.0,15235,34772
2017-11-03,820113.0,211882,36527,74695.0,45452.0,15643,32544
2017-11-04,800708.0,174924,34541,54447.0,35466.0,19449,25419
2017-11-05,805781.0,168183,47862,64685.0,42673.0,16039,25686
2017-11-06,831790.0,195513,40589,67352.0,44135.0,18756,28239
2017-11-07,937089.0,187168,44172,82324.0,48809.0,16643,31778
2017-11-08,871573.0,215842,37331,76737.0,54388.0,15948,36128
2017-11-09,948030.0,243554,40764,80760.0,51723.0,15627,35786
2017-11-10,786879.0,233966,39216,81030.0,100352.0,16501,32196
2017-11-11,579558.0,194696,38071,73186.0,99770.0,21795,40317
2017-11-12,586355.0,213315,40324,89762.0,176845.0,22906,56170
2017-11-13,920515.0,214384,35789,78167.0,86955.0,18532,52388
2017-11-14,819127.0,226170,34903,64711.0,66463.0,17631,38622
2017-11-15,944172.0,258219,37764,79218.0,65732.0,17623,45631
2017-11-16,907472.0,242563,37710,92803.0,74890.0,17255,39431
2017-11-17,982559.0,255402,34674,88831.0,78411.0,16770,36473
2017-11-18,843076.0,206670,40621,76607.0,43370.0,18426,38201
2017-11-19,913898.0,207546,44762,72140.0,39065.0,16142,35329
2017-11-20,979917.0,234513,46002,93821.0,38041.0,17927,48597
2017-11-21,981593.0,237062,40922,90412.0,40845.0,15835,49257
2017-11-22,869698.0,242021,43596,89628.0,43787.0,18123,51194
2017-11-23,959240.0,250344,47992,92603.0,70122.0,17774,45903
2017-11-24,905792.0,242143,44689,86166.0,113060.0,18643,43004
2017-11-25,922777.0,236910,39660,98253.0,43253.0,21097,46734
2017-11-26,941512.0,252960,66377,99747.0,43747.0,19289,41399
2017-11-27,1061044.0,277958,45300,116010.0,46883.0,23370,48366
2017-11-28,1025283.0,309063,39422,118643.0,50642.0,32506,47463
2017-11-29,1132724.0,315598,47038,145305.0,60934.0,29459,56398
2017-11-30,1086490.0,299340,41142,124900.0,45957.0,23265,64982
2017-12-01,1115596.0,290214,40063,117472.0,42453.0,20646,53253
2017-12-02,943132.0,284287,42210,111304.0,38010.0,21589,51961
2017-12-03,1008744.0,304550,43182,119276.0,44288.0,20358,50633
2017-12-04,1155119.0,289747,39470,126845.0,45281.0,21458,51619
2017-12-05,1146460.0,303039,41416,156808.0,45660.0,21818,55260
2017-12-06,1228561.0,394106,50124,185968.0,88403.0,23277,58770
2017-12-07,1065803.0,330894,49027,188122.0,61423.0,22216,61266
2017-12-08,1126652.0,361582,45494,191602.0,62612.0,24828,54280
2017-12-09,1182172.0,330732,44496,201170.0,40030.0,21150,43044
2017-12-10,1073634.0,335622,45835,167349.0,42117.0,19629,29627
2017-12-11,1163072.0,394749,44295,223660.0,53933.0,24141,46451
2017-12-12,1099485.0,422384,54554,400593.0,68058.0,25034,62616
2017-12-13,1251052.0,458001,64325,353671.0,54739.0,23627,51708
2017-12-14,1290363.0,489334,54782,359896.0,151612.0,23610,48611
2017-12-15,1179313.0,452357,55872,302832.0,139208.0,21261,52992
2017-12-16,1132973.0,426989,71758,274740.0,163330.0,28759,65188
2017-12-17,1175732.0,446682,80887,279709.0,171534.0,22385,67931
2017-12-18,1204183.0,518226,69984,298084.0,183204.0,27416,58230
2017-12-19,1046267.0,524427,74157,357780.0,231193.0,28292,64079
2017-12-20,1027644.0,518097,71784,520364.0,442088.0,25641,78599
2017-12-21,998866.0,558243,82860,426531.0,319380.0,26623,69818
2017-12-22,1110734.0,597846,73275,381744.0,330831.0,23452,58245
2017-12-23,979504.0,490621,72359,315205.0,251190.0,29322,63520
2017-12-24,1020552.0,415698,67979,246568.0,84177.0,29571,53035
2017-12-25,878323.0,423259,79098,229835.0,78001.0,22608,51968
2017-12-26,911656.0,465903,70298,249799.0,84205.0,22430,47127
2017-12-27,1037747.0,473086,74755,297046.0,114093.0,23538,57799
2017-12-28,999488.0,493568,69646,299368.0,160084.0,21605,48794
2017-12-29,1096215.0,580463,84040,393462.0,316674.0,25501,52481
2017-12-30,998615.0,611071,72323,466942.0,331278.0,21970,53681
2017-12-31,1007208.0,492424,69000,326466.0,338465.0,20577,43964
2018-01-01,972783.0,520683,66246,236300.0,243881.0,21619,44859
2018-01-02,1142721.0,619409,77363,331554.0,200202.0,26564,57161
2018-01-03,1130917.0,648959,74585,471046.0,156628.0,26674,53350
2018-01-04,1253986.0,716438,86339,601822.0,197995.0,27780,62642
2018-01-05,1069525.0,703108,90058,577650.0,162841.0,35444,51869
2018-01-06,1163503.0,669883,114568,474855.0,108244.0,30999,59719
2018-01-07,1130388.0,614040,141875,389707.0,111310.0,32338,59126
2018-01-08,1157303.0,661636,120007,365076.0,145997.0,30139,60939
2018-01-09,1145338.0,715228,161690,365142.0,159142.0,29670,59265
2018-01-10,1118949.0,671853,89063,356973.0,169497.0,30150,62015
2018-01-11,1222969.0,668789,84603,294222.0,100137.0,25538,53927
2018-01-12,1153290.0,617412,80199,285980.0,133547.0,22876,60445
2018-01-13,939348.0,654142,79525,324083.0,100399.0,25347,46384
2018-01-14,971840.0,614264,75396,234076.0,99598.0,30290,46881
2018-01-15,949563.0,714821,76620,242369.0,95432.0,25874,51666
2018-01-16,1001819.0,735111,78687,305590.0,92918.0,24021,57605
2018-01-17,1090483.0,718205,72074,288293.0,93561.0,21911,44823
2018-01-18,1050790.0,681654,69581,246835.0,101081.0,22717,44283
2018-01-19,1027992.0,543995,66928,201684.0,64129.0,22670,48088
2018-01-20,970060.0,470143,66750,193125.0,61232.0,22433,51064
2018-01-21,988506.0,612388,63686,165184.0,56264.0,21133,43102
2018-01-22,946599.0,547707,99687,185366.0,69015.0,22532,48793
2018-01-23,893416.0,527571,87735,167675.0,60604.0,21770,47688
2018-01-24,940167.0,510896,93879,170545.0,55012.0,20774,44428
2018-01-25,854029.0,410985,66698,178746.0,58419.0,22171,47108
2018-01-26,807029.0,480908,66580,174890.0,83924.0,20444,38632
2018-01-27,860840.0,424637,61848,195705.0,55362.0,20327,40307
2018-01-28,765711.0,448123,79412,183010.0,63102.0,21178,40890
2018-01-29,775230.0,479352,65714,157654.0,56804.0,19551,47290
2018-01-30,845185.0,466227,63532,163729.0,67783.0,17999,47142
2018-01-31,685452.0,461713,64102,161491.0,73517.0,18527,47208
2018-02-01,833934.0,501671,63756,171333.0,166057.0,23757,52948
2018-02-02,853582.0,499746,68833,184956.0,85060.0,21142,55174
2018-02-03,714800.0,433090,64594,147661.0,49501.0,17579,49386
2018-02-04,711645.0,425727,64641,159260.0,73929.0,16520,44631
2018-02-05,915758.0,457677,58602,161833.0,51122.0,17116,43108
2018-02-06,999753.0,452196,71078,172607.0,57738.0,17010,52065
2018-02-07,804119.0,418269,59902,145613.0,52733.0,17478,40056
2018-02-08,753618.0,353159,55593,119252.0,61100.0,17058,44999
2018-02-09,781921.0,399711,53518,141141.0,61721.0,30798,48824
2018-02-10,737187.0,420048,60288,171828.0,117795.0,20350,52017
2018-02-11,814528.0,382341,66595,114379.0,48289.0,18979,46983
2018-02-12,912131.0,421764,59992,128711.0,54916.0,20582,58956
2018-02-13,868109.0,365156,54389,127880.0,51491.0,35473,56927
2018-02-14,937769.0,387178,72599,203607.0,60471.0,29407,54264
2018-02-15,779005.0,400782,66838,209445.0,60917.0,25345,50502
2018-02-16,773561.0,346010,81914,165307.0,57061.0,26131,49164
2018-02-17,765638.0,349625,56003,188517.0,50159.0,34576,40959
2018-02-18,730130.0,343310,69650,243569.0,48973.0,28430,33094
2018-02-19,857787.0,392016,54609,159232.0,53723.0,26238,41461
2018-02-20,703065.0,392070,65100,176589.0,54481.0,31336,46052
2018-02-21,713740.0,363398,59926,145625.0,53102.0,26156,43277
2018-02-22,719848.0,343322,52549,186164.0,53555.0,24524,47402
2018-02-23,732287.0,329223,54576,145570.0,51746.0,29299,43850
2018-02-24,690001.0,293520,54467,118667.0,44065.0,26314,41771
2018-02-25,526879.0,294581,61893,109739.0,41209.0,31082,46724
2018-02-26,688379.0,368611,56135,135685.0,49820.0,27636,47678
2018-02-27,699046.0,355055,59107,137557.0,52322.0,33581,48519
2018-02-28,817155.0,373014,88631,168203.0,51939.0,28701,41360
2018-03-01,821011.0,342494,61846,138022.0,52310.0,34545,43579
2018-03-02,752300.0,355811,55495,117135.0,48226.0,31496,37093
2018-03-03,934083.0,309915,58787,121663.0,48752.0,42859,41526
2018-03-04,792569.0,287392,62971,114329.0,43536.0,50224,37570
2018-03-05,857168.0,358287,55050,119476.0,50721.0,61601,41044
2018-03-06,834323.0,364952,59269,128077.0,50838.0,28056,45497
2018-03-07,922143.0,467576,63476,129332.0,47686.0,24649,52571
2018-03-08,903578.0,347207,57371,241550.0,48898.0,22322,47505
2018-03-09,888997.0,335308,57529,127753.0,60485.0,25609,42286
2018-03-10,803717.0,318074,56072,111839.0,42781.0,21451,43796
2018-03-11,889324.0,288838,59560,105631.0,46583.0,18795,41311
2018-03-12,828676.0,322689,52938,112773.0,45481.0,19722,49504
2018-03-13,773506.0,333398,54266,115180.0,46802.0,21959,43419
2018-03-14,580666.0,359709,50042,108385.0,46973.0,24395,39088
2018-03-15,602746.0,339262,57682,122053.0,48020.0,21000,49351
2018-03-16,601517.0,313390,49883,107603.0,49187.0,18433,37260
2018-03-17,452543.0,279550,54443,105492.0,41518.0,18426,45501
2018-03-18,535510.0,318550,57577,109095.0,41353.0,19158,51025
2018-03-19,587514.0,356019,61290,115554.0,51440.0,20863,46006
2018-03-20,567891.0,329322,51552,114491.0,51009.0,20877,56349
2018-03-21,586910.0,352609,57679,108214.0,57236.0,20222,47253
2018-03-22,577941.0,345780,54867,107785.0,48241.0,19023,44863
2018-03-23,619608.0,401205,59346,106609.0,44455.0,29621,43047
2018-03-24,543804.0,354616,55451,96200.0,41077.0,18787,56576
2018-03-25,454187.0,266883,72469,95785.0,41013.0,17853,45228
2018-03-26,582295.0,318207,59275,105743.0,46320.0,22041,47628
2018-03-27,598612.0,292427,54510,108207.0,46810.0,17686,40528
2018-03-28,552755.0,272121,50148,101172.0,48275.0,17530,43977
2018-03-29,559619.0,293419,56807,114388.0,49543.0,23321,49813
2018-03-30,571020.0,316912,57040,108019.0,49502.0,17822,50392
2018-03-31,475498.0,273912,52818,84962.0,45396.0,16573,42592
2018-04-01,425276.0,273312,57440,82549.0,41782.0,16854,33919
2018-04-02,485666.0,306197,59198,99074.0,48588.0,17448,41228
2018-04-03,605514.0,327729,63142,113015.0,95169.0,19200,44423
2018-04-04,565002.0,330922,56459,102186.0,48628.0,17228,42966
2018-04-05,534893.0,372734,54862,91980.0,43970.0,19644,37499
2018-04-06,631476.0,350661,55524,102292.0,49108.0,16228,38602
2018-04-07,502038.0,293326,61073,92567.0,41943.0,16187,40976
2018-04-08,414992.0,309376,70373,87243.0,37330.0,16307,33888
2018-04-09,535496.0,319374,62001,100282.0,50692.0,16742,48378
2018-04-10,569509.0,339055,64063,105580.0,36097.0,16539,43787
2018-04-11,533732.0,371762,66115,105768.0,36992.0,21902,40309
2018-04-12,629328.0,353014,60716,108353.0,41307.0,17642,43262
2018-04-13,638968.0,374208,69757,107948.0,44156.0,17666,33712
2018-04-14,502546.0,301862,62997,99452.0,37027.0,16531,38600
2018-04-15,590187.0,302284,79772,102385.0,43383.0,16551,40399
2018-04-16,721332.0,334786,71847,110859.0,43704.0,17848,47712
2018-04-17,614295.0,339274,61796,117771.0,41050.0,17061,45758
2018-04-18,588686.0,339669,65372,114046.0,47401.0,17450,52046
2018-04-19,657714.0,360686,63871,112199.0,49442.0,17714,48598
2018-04-20,661833.0,369410,69452,120349.0,55718.0,17609,47924
2018-04-21,602722.0,411088,68873,106701.0,46097.0,17695,49166
2018-04-22,502665.0,414637,82690,100611.0,46617.0,16590,40853
2018-04-23,642298.0,428031,68144,113626.0,72449.0,18704,51248
2018-04-24,776436.0,417221,69616,129418.0,78153.0,19647,56050
2018-04-25,701507.0,365985,76667,120842.0,58167.0,17460,44252
2018-04-26,661663.0,358539,64038,116339.0,62460.0,16993,51464
2018-04-27,674680.0,346176,66695,110776.0,47863.0,17074,52070
2018-04-28,541764.0,341856,68819,109249.0,44399.0,16435,41281
2018-04-29,549120.0,318879,74227,114682.0,44721.0,17017,39850
2018-04-30,645424.0,361168,70390,121984.0,50339.0,17415,43009
2018-05-01,634217.0,328660,66648,116098.0,46239.0,15719,49264
2018-05-02,673769.0,363346,69501,123328.0,55531.0,16855,42588
2018-05-03,660104.0,394992,71119,128039.0,57040.0,17615,50781
2018-05-04,710689.0,644295,74125,129549.0,53877.0,15617,49563
2018-05-05,606625.0,396427,69451,117776.0,55513.0,14699,51547
2018-05-06,535825.0,389642,77083,110679.0,50790.0,17761,45770
2018-05-07,662775.0,419460,77201,114633.0,61016.0,18215,49783
2018-05-08,665870.0,410500,72550,119069.0,50843.0,15258,47463
2018-05-09,603396.0,390605,71130,112765.0,50533.0,23046,34028
2018-05-10,633729.0,390235,71436,118279.0,48221.0,16007,44199
2018-05-11,772234.0,392464,69986,119072.0,51105.0,16773,49359
2018-05-12,563749.0,383918,67581,107977.0,41809.0,14520,47778
2018-05-13,488836.0,359287,72906,102581.0,41844.0,17825,37941
2018-05-14,641192.0,398274,73523,117960.0,50126.0,15161,44113
2018-05-15,624136.0,400914,73011,114414.0,50178.0,15754,42774
2018-05-16,617403.0,414046,77201,112446.0,49717.0,19657,40900
2018-05-17,635676.0,412529,72655,112463.0,43315.0,16324,38864
2018-05-18,701918.0,419826,73954,117187.0,43341.0,15350,39705
2018-05-19,500408.0,424160,70388,109262.0,37179.0,13877,37460
2018-05-20,483041.0,389190,81993,98450.0,36563.0,12962,30171
2018-05-21,620329.0,397743,71930,124016.0,43948.0,14473,51434
2018-05-22,595706.0,422824,75258,118561.0,46405.0,14942,74489
2018-05-23,636565.0,410012,78048,131694.0,45349.0,15365,67392
2018-05-24,559734.0,418876,78176,114369.0,37921.0,17091,55403
2018-05-25,624713.0,394287,76711,109227.0,42492.0,13340,41863
2018-05-26,459370.0,375954,72648,115173.0,34539.0,11962,40955
2018-05-27,441802.0,403522,78342,99537.0,32322.0,12037,38230
2018-05-28,598556.0,445032,83361,104664.0,40743.0,12912,41710
2018-05-29,600021.0,409323,85442,110723.0,42083.0,13181,45757
2018-05-30,596173.0,413796,93888,105587.0,46551.0,15516,46757
2018-05-31,620191.0,416236,93787,101147.0,56960.0,14646,43080
2018-06-01,683588.0,371923,87473,99600.0,40680.0,14623,48974
2018-06-02,524370.0,404528,82369,92842.0,39077.0,14690,48891
2018-06-03,542740.0,415409,94636,92689.0,40184.0,24979,42418
2018-06-04,694350.0,397194,95725,104890.0,43459.0,16049,53633
2018-06-05,655014.0,380350,104215,98513.0,40903.0,15616,56148
2018-06-06,653426.0,374278,92146,96021.0,45465.0,15947,51863
2018-06-07,635530.0,403581,92876,95362.0,39221.0,15873,38270
2018-06-08,640966.0,364344,94765,96182.0,38732.0,16144,38310
2018-06-09,503993.0,388714,92280,85575.0,33969.0,15608,43809
2018-06-10,527886.0,406267,99979,96174.0,37241.0,15835,45900
2018-06-11,586393.0,403546,105919,98943.0,39731.0,16497,51826
2018-06-12,662032.0,355775,96996,98687.0,42086.0,28705,48915
2018-06-13,660241.0,385073,98839,102552.0,38351.0,18442,42364
2018-06-14,586144.0,372165,99314,105570.0,38458.0,17591,48189
2018-06-15,613937.0,385201,98886,94285.0,35680.0,16394,48445
2018-06-16,434955.0,310364,111059,82931.0,30192.0,15735,58656
2018-06-17,439145.0,321511,104084,81397.0,30511.0,17907,45975
2018-06-18,569167.0,344436,98167,89803.0,34753.0,16820,56438
2018-06-19,628857.0,375907,77550,92042.0,40875.0,17656,54791
2018-06-20,590701.0,388423,72096,89657.0,34770.0,22787,66150
2018-06-21,556428.0,384776,64048,96799.0,40298.0,27277,57113
2018-06-22,616964.0,383910,63519,99464.0,37064.0,26688,70256
2018-06-23,473376.0,340250,58439,85449.0,32335.0,23732,83218
2018-06-24,465159.0,359869,64517,87702.0,31427.0,18305,61849
2018-06-25,618481.0,492435,64064,89101.0,46431.0,23509,65560
2018-06-26,601757.0,372838,61804,87753.0,35180.0,18155,53941
2018-06-27,591319.0,382764,62538,133297.0,38281.0,28002,59004
2018-06-28,566389.0,393195,59105,112958.0,35765.0,19580,55633
2018-06-29,584573.0,379509,62802,92676.0,34237.0,19335,55771
2018-06-30,560237.0,261580,62429,86765.0,37221.0,18994,51122
2018-07-01,476547.0,197829,69171,81689.0,57426.0,19255,53117
2018-07-02,662310.0,235721,60960,110184.0,82925.0,19152,55269
2018-07-03,655359.0,232199,62505,90781.0,43553.0,18869,56312
2018-07-04,594400.0,230552,62551,88568.0,36962.0,19925,56852
2018-07-05,555588.0,253141,59993,88576.0,35525.0,19035,52913
2018-07-06,640591.0,219912,55927,87054.0,31898.0,20601,59370
2018-07-07,460458.0,217148,53165,82623.0,31401.0,19553,50562
2018-07-08,501981.0,272797,61916,88712.0,31744.0,19576,52561
2018-07-09,627774.0,290889,58703,95338.0,31948.0,20809,45440
2018-07-10,669373.0,294141,56724,92583.0,34309.0,20899,43644
2018-07-11,636817.0,271336,57319,87120.0,33558.0,20014,45010
2018-07-12,923421.0,257081,57753,86052.0,35861.0,18991,45862
2018-07-13,941540.0,239602,53855,90419.0,35325.0,22750,42593
2018-07-14,793757.0,229822,54791,80204.0,31880.0,20652,44129
2018-07-15,502106.0,231420,63739,80184.0,29163.0,21560,34368
2018-07-16,602482.0,341295,63433,93650.0,37609.0,31908,44305
2018-07-17,681518.0,357364,60915,93811.0,41879.0,23757,41702
2018-07-18,762246.0,409849,67748,96322.0,45100.0,21215,225060
2018-07-19,626926.0,379165,62428,90474.0,46786.0,20460,150632
2018-07-20,653321.0,356950,59972,99530.0,49028.0,28385,110567
2018-07-21,511119.0,319591,52029,88770.0,33010.0,22757,93271
2018-07-22,459458.0,338502,61025,81765.0,29469.0,18130,74657
2018-07-23,716690.0,398296,60372,91920.0,36819.0,19497,76441
2018-07-24,717759.0,423877,57454,94248.0,38874.0,19880,58438
2018-07-25,771199.0,431947,56983,102912.0,40156.0,19701,45521
2018-07-26,641543.0,388974,58936,87723.0,43182.0,19368,45481
2018-07-27,721812.0,416595,56599,86848.0,35790.0,18748,43832
2018-07-28,545883.0,382761,54036,79977.0,39708.0,18087,43945
2018-07-29,494042.0,359339,62843,81138.0,34252.0,18507,92211
2018-07-30,638966.0,376103,59272,87034.0,37654.0,19215,53468
2018-07-31,696566.0,374451,57444,92482.0,41041.0,19386,54301
2018-08-01,698015.0,374393,59988,89655.0,47334.0,21227,45954
2018-08-02,622521.0,369948,53080,92788.0,36873.0,20738,39523
2018-08-03,694601.0,394710,57989,92906.0,34513.0,22744,35769
2018-08-04,547308.0,340854,55006,83581.0,29052.0,21015,38334
2018-08-05,495532.0,320195,65863,78386.0,29373.0,39828,40876
2018-08-06,651894.0,348727,59426,87575.0,34876.0,28358,45814
2018-08-07,710766.0,323836,59131,96639.0,53676.0,28462,49208
2018-08-08,634443.0,291558,60190,99913.0,39416.0,23569,54292
2018-08-09,636143.0,284548,64020,104649.0,36175.0,21609,43180
2018-08-10,656819.0,325203,57777,88470.0,30475.0,21044,50789
2018-08-11,523641.0,336510,49100,82961.0,28888.0,20307,54326
2018-08-12,486939.0,332668,61728,74534.0,35054.0,18982,34615
2018-08-13,602328.0,352269,57258,90071.0,40105.0,20528,35174
2018-08-14,672592.0,334805,59340,96585.0,87196.0,23927,38206
2018-08-15,677460.0,328753,59340,90975.0,35574.0,20452,36809
2018-08-16,621029.0,354449,68106,86422.0,31715.0,22910,41347
2018-08-17,650774.0,312809,67145,90301.0,43012.0,26657,37732
2018-08-18,498238.0,305324,59594,80189.0,29232.0,23204,31854
2018-08-19,502449.0,304996,69914,80626.0,32251.0,20635,29255
2018-08-20,639365.0,336770,71001,83053.0,33724.0,21770,30033
2018-08-21,589991.0,300645,63210,78851.0,27898.0,21476,35044
2018-08-22,622189.0,306983,63325,79360.0,33626.0,26831,38481
2018-08-23,574017.0,300126,60470,79852.0,30473.0,22087,34085
2018-08-24,633016.0,316189,60184,82789.0,35779.0,21465,32120
2018-08-25,540988.0,304696,61561,75204.0,27529.0,20889,31294
2018-08-26,495145.0,320400,76366,71550.0,28692.0,19830,35703
2018-08-27,675295.0,329885,77014,80248.0,55102.0,21580,38542
2018-08-28,676219.0,320916,88896,87617.0,44029.0,22539,42477
2018-08-29,643056.0,267879,87579,80993.0,55254.0,21092,44391
2018-08-30,626114.0,287916,104202,81241.0,33726.0,19935,36750
2018-08-31,658225.0,290044,107432,85117.0,39573.0,29109,35605
2018-09-01,556577.0,322434,120425,82472.0,59951.0,21036,46440
2018-09-02,491997.0,333290,130999,79648.0,69196.0,20097,46475
2018-09-03,616107.0,340844,135222,92147.0,38907.0,21690,57498
2018-09-04,646393.0,316527,190541,93957.0,64787.0,20492,42540
2018-09-05,644928.0,321744,72576,89526.0,47949.0,20999,43049
2018-09-06,659910.0,303884,63812,87176.0,45415.0,20014,40035
2018-09-07,694327.0,305417,60827,85244.0,33523.0,20241,38619
2018-09-08,541935.0,281740,79983,78049.0,30911.0,19498,32605
2018-09-09,506971.0,284904,93523,79026.0,29658.0,19239,38547
2018-09-10,620579.0,282579,85066,82986.0,39094.0,19786,42829
2018-09-11,642145.0,261353,78273,83717.0,52335.0,22201,59663
2018-09-12,602958.0,261275,67407,85233.0,38087.0,24725,36812
2018-09-13,618775.0,276678,66885,85200.0,46537.0,20590,36408
2018-09-14,615099.0,258740,62331,84807.0,35204.0,19733,42170
2018-09-15,547938.0,244687,59946,79232.0,44389.0,19211,49709
2018-09-16,479019.0,228206,59438,73207.0,34939.0,18808,34774
2018-09-17,616149.0,291307,61734,79568.0,35489.0,19613,30154
2018-09-18,640750.0,258463,65292,82466.0,37071.0,19680,35099
2018-09-19,638350.0,235612,57792,80332.0,40600.0,23329,42936
2018-09-20,628755.0,261726,53946,89902.0,33184.0,20881,49587
2018-09-21,713347.0,254561,52974,126153.0,44215.0,24952,32528
2018-09-22,550844.0,231040,45703,84413.0,33103.0,20338,28948
2018-09-23,524121.0,228519,54778,77259.0,29104.0,19415,28713
2018-09-24,601707.0,226513,55504,84289.0,33195.0,19500,31444
2018-09-25,653042.0,238299,44645,81319.0,37441.0,19337,35400
2018-09-26,624467.0,221050,52342,81014.0,44795.0,20120,37698
2018-09-27,642476.0,242499,46267,89559.0,47627.0,20222,42710
2018-09-28,654875.0,249548,40994,111327.0,35675.0,19720,38319
2018-09-29,564628.0,222349,81370,84564.0,34130.0,19399,33696
2018-09-30,514766.0,242254,45276,100132.0,34403.0,19707,28906
2018-10-01,688212.0,235188,48147,90192.0,37441.0,27704,37604
2018-10-02,660448.0,237819,46901,83962.0,34242.0,19535,41345
2018-10-03,695230.0,288662,42714,83756.0,35464.0,21347,45201
2018-10-04,653916.0,294709,44200,81806.0,40816.0,19513,48980
2018-10-05,686857.0,315425,44454,80551.0,35174.0,18960,42317
2018-10-06,569596.0,326444,42502,79102.0,33313.0,19090,44467
2018-10-07,618542.0,266999,44819,71676.0,28272.0,19007,39270
2018-10-08,643328.0,281024,49694,81158.0,30078.0,20482,46750
2018-10-09,604271.0,278759,46142,75684.0,29416.0,20572,54249
2018-10-10,651334.0,259112,45615,80192.0,32338.0,19747,40884
2018-10-11,689144.0,276591,48866,91951.0,36988.0,20393,44216
2018-10-12,699176.0,277706,48509,78722.0,32208.0,19992,43539
2018-10-13,553344.0,281709,45145,73835.0,30626.0,19210,33166
2018-10-14,522288.0,286828,52424,67463.0,30553.0,18986,34069
2018-10-15,711826.0,298338,53086,82337.0,40705.0,24195,41822
2018-10-16,674140.0,304839,56968,93673.0,37516.0,21235,39882
2018-10-17,662174.0,308025,58834,165905.0,32907.0,30242,48619
2018-10-18,673350.0,316673,56860,160292.0,41384.0,19642,41141
2018-10-19,684662.0,287643,58645,112758.0,40824.0,19769,45509
2018-10-20,583046.0,344066,46134,204417.0,28592.0,19563,41079
2018-10-21,540049.0,308778,58564,76963.0,36726.0,19205,43726
2018-10-22,687801.0,333040,53853,83593.0,36727.0,20142,47950
2018-10-23,688951.0,313343,62646,83534.0,32460.0,21002,38911
2018-10-24,630269.0,323381,56402,80462.0,43107.0,19588,49926
2018-10-25,664579.0,314814,56180,85088.0,31134.0,22188,40899
2018-10-26,681997.0,318269,66189,83011.0,34381.0,32019,35465
2018-10-27,578121.0,308409,52976,72864.0,34919.0,18778,34207
2018-10-28,547630.0,333518,58383,74217.0,29608.0,19010,42954
2018-10-29,708860.0,333546,58577,81984.0,48166.0,20112,45315
2018-10-30,697640.0,359738,58077,81982.0,36350.0,19408,45724
2018-10-31,694833.0,352140,55713,79796.0,32806.0,19651,45845
2018-11-01,702856.0,317485,55278,82202.0,32992.0,19376,41897
2018-11-02,764821.0,267634,72954,83502.0,40574.0,19234,59954
2018-11-03,635423.0,278264,72179,71397.0,46522.0,19056,42778
2018-11-04,619152.0,299497,157506,82968.0,56361.0,19035,41490
2018-11-05,709024.0,291779,70772,92613.0,49030.0,19564,51921
2018-11-06,698165.0,278348,67324,88237.0,50693.0,19852,54175
2018-11-07,708634.0,270280,65275,84574.0,49448.0,19825,56051
2018-11-08,702459.0,288705,62872,81415.0,46983.0,19728,63842
2018-11-09,696353.0,316813,68549,79778.0,43837.0,19190,54487
2018-11-10,583550.0,329225,59440,80349.0,40805.0,18795,49656
2018-11-11,601176.0,355871,82028,86229.0,47122.0,18601,54883
2018-11-12,680949.0,327353,67763,89319.0,53912.0,19260,50763
2018-11-13,637890.0,336439,54450,84966.0,88139.0,19362,45067
2018-11-14,734241.0,336750,61675,90988.0,77763.0,20319,39561
2018-11-15,709708.0,367079,72127,87537.0,43171.0,19284,36130
2018-11-16,704543.0,330177,72943,83063.0,15692.0,18986,37653
2018-11-17,587644.0,336902,62643,80359.0,8269.0,17111,40268
2018-11-18,543353.0,311575,69031,78062.0,10580.0,17118,42645
2018-11-19,680899.0,362855,80118,91731.0,378807.0,19583,51899
2018-11-20,769611.0,325428,74325,99709.0,146805.0,22701,42098
2018-11-21,620393.0,305267,72170,89529.0,11166.0,47963,57226
2018-11-22,653846.0,304552,63658,81817.0,11132.0,131003,40886
2018-11-23,624434.0,296227,72603,80929.0,12540.0,143024,44487
2018-11-24,578522.0,285249,58441,76988.0,14689.0,61527,54668
2018-11-25,577253.0,306399,71588,83487.0,18542.0,93495,35762
2018-11-26,628614.0,324681,67987,82698.0,49304.0,144457,33685
2018-11-27,627815.0,325795,82807,85448.0,55200.0,173198,45108
2018-11-28,630438.0,321224,64902,85717.0,37500.0,187356,39526
2018-11-29,612685.0,263790,63926,85396.0,24610.0,193214,40301
2018-11-30,597612.0,278002,58529,94753.0,65762.0,216940,37943
2018-12-01,579421.0,310612,55420,80417.0,21141.0,216851,43071
2018-12-02,502649.0,276777,79474,73109.0,14642.0,164209,38057
2018-12-03,586010.0,269535,82450,77775.0,18350.0,127390,55348
2018-12-04,671416.0,258028,83479,79715.0,18695.0,241993,46449
2018-12-05,609238.0,279019,77079,79285.0,21414.0,199802,58716
2018-12-06,655016.0,283624,67966,78248.0,23942.0,188509,54193
2018-12-07,658859.0,313613,74342,86759.0,25499.0,193862,51082
2018-12-08,531426.0,333138,68235,75410.0,20472.0,229050,44178
2018-12-09,518114.0,289050,76621,71817.0,18734.0,201764,43603
2018-12-10,600210.0,290286,89259,78935.0,22503.0,226064,56397
2018-12-11,635401.0,282399,73799,78165.0,20850.0,190180,45938
2018-12-12,616176.0,314610,66090,81954.0,30273.0,178629,47982
2018-12-13,638713.0,303851,67652,86468.0,28779.0,130826,38974
2018-12-14,701381.0,297473,65340,77208.0,19273.0,99953,53887
2018-12-15,594065.0,378120,63755,82205.0,18056.0,99950,59944
2018-12-16,539434.0,372962,72955,71853.0,17690.0,56864,49183
2018-12-17,682984.0,303060,87522,84974.0,20375.0,88792,50475
2018-12-18,656410.0,277282,62835,76647.0,30391.0,160093,46026
2018-12-19,701481.0,322980,175912,83436.0,26949.0,151740,48494
2018-12-20,641537.0,340424,51448,81002.0,30578.0,150209,44816
2018-12-21,656212.0,320212,54798,81408.0,34582.0,88902,48828
2018-12-22,551516.0,325282,66018,78114.0,19876.0,84434,41640
2018-12-23,520086.0,357263,75387,77118.0,18773.0,168548,36392
2018-12-24,583425.0,346049,63618,81678.0,21213.0,104971,45525
2018-12-25,481186.0,252176,76356,70668.0,18662.0,123473,35950
2018-12-26,536230.0,288376,61801,78495.0,18058.0,137144,37205
2018-12-27,624625.0,297630,71424,77210.0,20874.0,146085,41929
2018-12-28,644439.0,314344,70290,80482.0,23555.0,143890,46874
2018-12-29,572182.0,314501,105145,84887.0,16806.0,152178,44059
2018-12-30,514111.0,247598,83178,76035.0,17577.0,145090,41160
2018-12-31,557851.0,286665,71384,72494.0,17584.0,145499,47840
2019-01-01,433715.0,227755,88233,65660.0,15098.0,149750,38839
2019-01-02,578607.0,266633,65977,79396.0,19403.0,152414,48436
2019-01-03,598436.0,298379,59299,76432.0,20503.0,140115,60408
2019-01-04,580495.0,264923,62730,72963.0,18469.0,132925,55909
2019-01-05,519070.0,257064,70152,73356.0,18664.0,119147,46150
2019-01-06,498140.0,266956,104177,72071.0,46381.0,113176,47157
2019-01-07,613474.0,288553,84851,69752.0,18391.0,85502,52605
2019-01-08,607366.0,277503,60621,72819.0,20506.0,104149,49915
2019-01-09,619701.0,279728,60069,67168.0,20539.0,117329,47758
2019-01-10,634499.0,276872,67591,69940.0,19875.0,112477,35251
2019-01-11,623617.0,309317,64281,69009.0,17607.0,103019,46718
2019-01-12,521168.0,267659,68255,64887.0,16902.0,119451,35091
2019-01-13,477843.0,260303,82794,65001.0,18242.0,273205,34644
2019-01-14,604549.0,296695,71279,65143.0,17990.0,171005,46960
2019-01-15,621686.0,277216,65189,67585.0,18556.0,164548,50575
2019-01-16,639811.0,259885,74796,66635.0,21678.0,154392,48081
2019-01-17,619396.0,249911,68111,65425.0,19829.0,136419,49994
2019-01-18,606378.0,250566,62841,68593.0,19412.0,70338,66245
2019-01-19,519467.0,235309,66039,69066.0,21100.0,105933,75327
2019-01-20,518578.0,234174,70611,64495.0,16883.0,53150,103973
2019-01-21,604061.0,242165,70329,73597.0,20620.0,73382,76011
2019-01-22,594573.0,221052,64079,64291.0,19571.0,90996,107668
2019-01-23,685141.0,241743,60460,56314.0,20416.0,39816,94964
2019-01-24,619376.0,232516,57058,62499.0,23587.0,49695,97646
2019-01-25,629078.0,242692,74064,76354.0,22820.0,41075,112312
2019-01-26,585285.0,281294,59359,66622.0,19465.0,15066,105644
2019-01-27,487233.0,253559,69947,62325.0,19398.0,17073,91662
2019-01-28,650793.0,275560,59570,69246.0,23268.0,16695,77001
2019-01-29,607365.0,247558,59330,69114.0,25793.0,154556,73387
2019-01-30,622377.0,244601,65454,64654.0,22706.0,109121,77303
2019-01-31,632855.0,226825,79962,63467.0,23240.0,109439,86238
2019-02-01,654356.0,233701,170393,75319.0,21210.0,146683,94539
2019-02-02,560738.0,230615,62161,65174.0,22273.0,68262,92138
2019-02-03,518121.0,217389,72848,68136.0,20971.0,188127,72195
2019-02-04,610696.0,208209,58928,67761.0,20543.0,73116,80451
2019-02-05,645414.0,214341,61839,64271.0,18737.0,177695,112262
2019-02-06,686774.0,210354,80529,65829.0,23794.0,66861,113854
2019-02-07,645404.0,196941,68509,67881.0,19645.0,50298,96291
2019-02-08,691966.0,210686,88586,84485.0,22225.0,157204,75154
2019-02-09,561955.0,193871,66120,77013.0,21209.0,38742,65954
2019-02-10,501124.0,171484,104283,73339.0,20728.0,80306,91211
2019-02-11,709903.0,195256,73018,74794.0,20420.0,106095,94905
2019-02-12,809914.0,207073,71113,69627.0,28033.0,130718,90339
2019-02-13,758224.0,206023,67484,74814.0,39822.0,87376,74037
2019-02-14,617275.0,207805,92534,74093.0,31267.0,163400,68458
2019-02-15,621340.0,208673,55632,72208.0,27401.0,92530,74675
2019-02-16,587666.0,215553,60820,69145.0,19424.0,85058,61756
2019-02-17,526787.0,203761,71567,67162.0,20670.0,30340,68241
2019-02-18,693311.0,248067,64055,82301.0,31079.0,194690,96198
2019-02-19,713530.0,235079,58879,74566.0,28963.0,32812,86873
2019-02-20,690103.0,218723,62820,76765.0,26291.0,27919,80176
2019-02-21,643083.0,210293,58294,72088.0,24348.0,129138,90546
2019-02-22,728261.0,217612,60500,75189.0,23862.0,135930,90759
2019-02-23,581866.0,211612,63249,69643.0,22999.0,130020,79091
2019-02-24,558515.0,217755,78156,71094.0,27452.0,126546,70482
2019-02-25,679440.0,231575,58718,71397.0,25132.0,117439,64310
2019-02-26,702086.0,239116,74052,67901.0,29996.0,125273,58378
2019-02-27,668278.0,235484,79701,67917.0,27272.0,125364,59306
2019-02-28,688385.0,233394,79646,67727.0,23033.0,122007,55041
2019-03-01,727984.0,268402,56683,75850.0,22363.0,123869,82486
2019-03-02,616539.0,279249,58967,68050.0,20160.0,137331,51058
2019-03-03,553981.0,291044,85731,62780.0,18388.0,133649,78797
2019-03-04,687289.0,272293,85740,72813.0,20899.0,127248,87266
2019-03-05,701551.0,270746,58577,77039.0,33453.0,170094,75803
2019-03-06,734311.0,266235,67865,75776.0,21908.0,81107,89861
2019-03-07,689254.0,279134,86854,85204.0,23674.0,53444,68301
2019-03-08,698786.0,272589,67682,73300.0,23952.0,18948,62773
2019-03-09,604793.0,284250,61626,72692.0,20306.0,14793,64579
2019-03-10,525757.0,248152,68227,61505.0,18835.0,15345,52869
2019-03-11,749756.0,262743,87846,69841.0,23139.0,14519,57924
2019-03-12,696573.0,298223,67004,69406.0,40833.0,22546,69815
2019-03-13,720085.0,272122,104566,74936.0,29092.0,92997,61055
2019-03-14,735928.0,280348,60613,67731.0,32362.0,31522,68233
2019-03-15,715166.0,258613,87549,71367.0,24095.0,96487,64904
2019-03-16,602121.0,268643,67613,69420.0,28010.0,115239,62252
2019-03-17,548345.0,282235,75516,58370.0,20853.0,39218,49743
2019-03-18,720573.0,263811,77450,67114.0,25531.0,65836,86797
2019-03-19,739893.0,265142,73338,67612.0,45643.0,157162,67076
2019-03-20,745772.0,261950,64799,66011.0,27107.0,106604,87927
2019-03-21,705159.0,237078,72267,67150.0,31541.0,71268,103347
2019-03-22,726789.0,247350,61711,71937.0,27256.0,39731,74097
2019-03-23,566705.0,241066,64007,65543.0,25761.0,13667,60388
2019-03-24,569884.0,260748,78112,58984.0,22383.0,18685,86043
2019-03-25,715056.0,294083,206027,69722.0,26472.0,79335,82081
2019-03-26,688572.0,275745,101530,63630.0,50854.0,30256,91339
2019-03-27,778566.0,262880,109561,68514.0,41616.0,26661,82728
2019-03-28,765998.0,277318,59800,65486.0,30019.0,87739,62405
2019-03-29,759323.0,257930,67397,71546.0,33342.0,13733,86167
2019-03-30,683748.0,249624,64998,70809.0,30675.0,70686,70331
2019-03-31,623888.0,241677,78674,66954.0,28286.0,14363,88312
2019-04-01,697929.0,296278,70252,79135.0,36615.0,13109,91649
2019-04-02,879271.0,336880,99214,95009.0,67608.0,14513,131330
2019-04-03,856707.0,320514,90514,104908.0,66023.0,15521,123244
2019-04-04,802957.0,283098,112326,83507.0,43180.0,14688,123189
2019-04-05,873077.0,290567,68362,78358.0,38752.0,13236,101299
2019-04-06,677458.0,281955,92749,71825.0,35008.0,12908,89795
2019-04-07,623548.0,287126,62441,162301.0,32945.0,20259,74654
2019-04-08,778923.0,299606,88678,138559.0,37945.0,15670,94618
2019-04-09,776284.0,296515,56862,70960.0,54998.0,14432,85973
2019-04-10,773468.0,300565,58203,99575.0,41748.0,14065,121066
2019-04-11,813510.0,314322,59344,100908.0,34564.0,14103,85171
2019-04-12,763723.0,320739,69332,68285.0,30236.0,13165,80738
2019-04-13,602847.0,290028,59253,62844.0,27654.0,12793,82313
2019-04-14,596510.0,245862,78563,68295.0,28832.0,12650,68673
2019-04-15,767910.0,294905,86708,69925.0,45409.0,13322,68169
2019-04-16,777026.0,283757,83975,69874.0,64324.0,12890,73792
2019-04-17,734917.0,308498,68494,67979.0,44109.0,12845,83222
2019-04-18,739768.0,325334,64821,75061.0,54528.0,37831,77048
2019-04-19,798377.0,336310,63551,71237.0,33862.0,92832,81294
2019-04-20,689643.0,369030,67663,65865.0,39209.0,124090,76413
2019-04-21,673424.0,307683,70326,58625.0,32826.0,82824,53164
2019-04-22,646342.0,335022,337676,63556.0,34614.0,131499,69367
2019-04-23,714325.0,356264,82021,75485.0,65750.0,125214,73382
2019-04-24,875920.0,344470,127751,72246.0,45317.0,141770,76870
2019-04-25,751975.0,299191,101788,68587.0,40066.0,13282,73032
2019-04-26,761966.0,307928,84317,72800.0,34277.0,12948,92835
2019-04-27,619281.0,258512,94434,65314.0,31348.0,12668,58143
2019-04-28,574359.0,256712,89483,64739.0,30112.0,16150,47069
2019-04-29,807672.0,274907,85739,68414.0,37624.0,26120,45778
2019-04-30,839425.0,292816,69979,74713.0,66642.0,13704,77334
2019-05-01,760187.0,291650,88109,63784.0,43579.0,12564,74600
2019-05-02,787748.0,266188,107738,62917.0,47787.0,12077,62680
2019-05-03,803354.0,275199,77393,67637.0,34933.0,13248,60282
2019-05-04,658798.0,256938,69681,68270.0,31390.0,12336,55672
2019-05-05,613917.0,261416,73161,60197.0,32040.0,29501,42055
2019-05-06,776590.0,282859,106389,69999.0,33797.0,179879,77893
2019-05-07,754405.0,277792,94901,67479.0,74423.0,192532,68776
2019-05-08,839633.0,277410,62961,68005.0,39821.0,71961,64384
2019-05-09,831454.0,281070,63508,69755.0,32315.0,35284,73106
2019-05-10,775704.0,310015,63377,72920.0,121329.0,76674,101128
2019-05-11,773667.0,320467,78949,80431.0,43573.0,122342,121104
2019-05-12,819732.0,286729,68325,69282.0,43944.0,130786,103032
2019-05-13,882729.0,320643,68258,73252.0,44167.0,167694,81774
2019-05-14,896277.0,355627,94326,82152.0,84150.0,140791,97227
2019-05-15,879106.0,369579,156125,95635.0,61168.0,177072,74172
2019-05-16,882945.0,399571,99353,99082.0,50612.0,156646,80079
2019-05-17,903650.0,357861,71839,84724.0,47542.0,134744,92137
2019-05-18,845558.0,318252,61166,72876.0,37071.0,109262,60793
2019-05-19,750954.0,330704,67606,72822.0,38322.0,156820,73588
2019-05-20,836865.0,331537,75225,78198.0,37994.0,230815,100158
2019-05-21,888770.0,370207,73528,82593.0,72490.0,214880,76293
2019-05-22,862194.0,331007,68888,77154.0,40849.0,183523,74795
2019-05-23,825753.0,339775,80989,78119.0,38899.0,104458,87731
2019-05-24,862849.0,350611,96544,91600.0,40556.0,189285,70738
2019-05-25,701431.0,323361,121261,75973.0,40201.0,130545,80004
2019-05-26,670124.0,319134,78758,72574.0,42685.0,193350,67886
2019-05-27,884928.0,361711,109799,91805.0,44587.0,240115,114513
2019-05-28,944118.0,350001,85930,83662.0,67131.0,213143,94497
2019-05-29,887870.0,346909,109622,83740.0,48563.0,194100,83498
2019-05-30,862822.0,352640,111765,95320.0,44666.0,191758,66176
2019-05-31,766989.0,399069,87438,86508.0,53852.0,177789,75767
2019-06-01,850116.0,508448,77148,73240.0,35932.0,154947,48963
2019-06-02,690143.0,435046,117039,84720.0,44025.0,245331,58808
2019-06-03,727530.0,393251,68442,79127.0,38710.0,200533,64532
2019-06-04,911280.0,361274,66546,82157.0,63663.0,76535,75508
2019-06-05,874396.0,324986,66431,77978.0,38661.0,19173,50504
2019-06-06,812486.0,413745,74399,83054.0,34567.0,99784,62708
2019-06-07,864227.0,311139,69823,83787.0,33729.0,89183,43837
2019-06-08,617675.0,276543,64945,79732.0,34567.0,26280,67952
2019-06-09,580387.0,355087,81156,73888.0,33366.0,164966,64380
2019-06-10,809202.0,325166,103630,103551.0,35070.0,161291,64308
2019-06-11,835542.0,381772,85933,97201.0,55060.0,41700,67971
2019-06-12,795814.0,480717,96959,106301.0,38430.0,163921,68520
2019-06-13,892695.0,360497,100662,98172.0,40007.0,165662,86088
2019-06-14,1041358.0,351579,87553,95352.0,37812.0,127342,76748
2019-06-15,860753.0,330124,70953,91787.0,42676.0,31886,61493
2019-06-16,689588.0,443504,103695,91185.0,36736.0,138528,67554
2019-06-17,805931.0,338539,68187,101780.0,41248.0,168712,64999
2019-06-18,950212.0,378719,97745,98472.0,64846.0,142135,63056
2019-06-19,892254.0,331466,82699,96475.0,41270.0,36620,59993
2019-06-20,839162.0,313165,100324,98117.0,37554.0,128364,54031
2019-06-21,842659.0,390272,70004,105634.0,44682.0,44754,84658
2019-06-22,848072.0,379012,91106,134417.0,45483.0,67068,101789
2019-06-23,875010.0,339193,79938,99949.0,47188.0,158438,91113
2019-06-24,978017.0,363545,80773,121338.0,45723.0,204359,92787
2019-06-25,911584.0,350197,73981,105975.0,66534.0,226656,96082
2019-06-26,1035885.0,388619,75644,131221.0,58260.0,142738,90932
2019-06-27,891448.0,357014,76067,123421.0,45004.0,137126,87000
2019-06-28,1008973.0,325663,114816,97933.0,40446.0,180128,95527
2019-06-29,846946.0,310251,78232,92222.0,38611.0,92082,80529
2019-06-30,675915.0,275123,77874,83594.0,36027.0,22131,80624
2019-07-01,836709.0,309889,87237,96909.0,39215.0,32437,107100
2019-07-02,894242.0,382288,72837,86516.0,61476.0,126034,115831
2019-07-03,883931.0,370570,72376,86084.0,40691.0,62862,129029
2019-07-04,814107.0,360399,70101,83790.0,36862.0,102710,139179
2019-07-05,837154.0,319406,94685,84634.0,34420.0,104743,112330
2019-07-06,654703.0,318241,73479,78072.0,36209.0,86366,99946
2019-07-07,614084.0,309297,75618,88018.0,37449.0,171771,112877
2019-07-08,834590.0,335258,102397,96149.0,37775.0,18157,107720
2019-07-09,815561.0,351558,83993,88293.0,65909.0,54223,118435
2019-07-10,802293.0,347412,107704,98561.0,43136.0,56751,117896
2019-07-11,778056.0,313587,78056,88603.0,45214.0,12630,102518
2019-07-12,899488.0,343689,89056,86926.0,36491.0,44870,85335
2019-07-13,645726.0,287614,65339,78512.0,33046.0,156451,68729
2019-07-14,592612.0,297781,78613,82148.0,34670.0,12868,63980
2019-07-15,757007.0,360602,76187,84580.0,40457.0,187305,89710
2019-07-16,794106.0,268611,76308,89439.0,66164.0,108078,112243
2019-07-17,739298.0,312639,87994,92288.0,39355.0,18309,101985
2019-07-18,740918.0,308987,69082,85317.0,39423.0,198722,94617
2019-07-19,732618.0,296342,62321,78573.0,42929.0,183685,80146
2019-07-20,702633.0,293720,60459,74738.0,45400.0,118616,73652
2019-07-21,558672.0,284257,100066,68085.0,27816.0,173317,67367
2019-07-22,708667.0,332359,63230,74029.0,31792.0,130294,88387
2019-07-23,702928.0,295644,105658,79195.0,60804.0,219288,57509
2019-07-24,733358.0,268921,75529,72515.0,32516.0,223225,47019
2019-07-25,764542.0,271079,79531,73017.0,30535.0,196737,56532
2019-07-26,750605.0,314692,83689,72887.0,32685.0,200433,51478
2019-07-27,587410.0,279933,63104,68243.0,30766.0,192767,54539
2019-07-28,521206.0,292897,78768,66379.0,28026.0,169003,51234
2019-07-29,738306.0,304681,69133,75048.0,33212.0,208266,57169
2019-07-30,737831.0,331809,67236,78164.0,61374.0,172670,52849
2019-07-31,786236.0,294035,86764,78467.0,37169.0,153155,71114
2019-08-01,752575.0,269308,67146,78024.0,38314.0,168925,55463
2019-08-02,775949.0,299037,92930,76451.0,32859.0,191943,94022
2019-08-03,612854.0,259678,64281,71111.0,31161.0,157022,73383
2019-08-04,583300.0,301295,87301,73896.0,27247.0,187513,58706
2019-08-05,807955.0,335179,68534,86418.0,33123.0,165892,77482
2019-08-06,850550.0,346542,91082,83804.0,61264.0,12664,82025
2019-08-07,819832.0,310904,88408,79972.0,34191.0,13615,99941
2019-08-08,815367.0,306119,81463,90521.0,33543.0,17718,96019
2019-08-09,749568.0,326034,63604,182195.0,28223.0,16684,72187
2019-08-10,596821.0,315155,75534,270447.0,25703.0,11260,58580
2019-08-11,550565.0,293410,71358,88096.0,24340.0,11415,56064
2019-08-12,660039.0,349597,60551,88503.0,26105.0,24224,70484
2019-08-13,873566.0,322202,64464,75685.0,56330.0,54744,71430
2019-08-14,750768.0,321012,68813,70471.0,33303.0,125696,78674
2019-08-15,701215.0,304059,62054,64998.0,30567.0,11572,71824
2019-08-16,706459.0,325186,56883,75380.0,29378.0,97135,61668
2019-08-17,565674.0,290153,73547,65057.0,25257.0,210175,78734
2019-08-18,526730.0,283406,71064,62992.0,26992.0,174899,65244
2019-08-19,711022.0,295257,64278,61715.0,30695.0,145362,90120
2019-08-20,743636.0,304960,49670,88964.0,59830.0,163281,75710
2019-08-21,784357.0,316421,49436,67424.0,31809.0,49918,73946
2019-08-22,808723.0,305383,42174,68176.0,31524.0,13695,62263
2019-08-23,791057.0,312715,42959,60324.0,29128.0,45256,73066
2019-08-24,700721.0,297544,41776,58117.0,25884.0,11618,58767
2019-08-25,513916.0,295058,38082,52178.0,29306.0,12138,56758
2019-08-26,759470.0,309070,38569,61404.0,33092.0,11730,79445
2019-08-27,726784.0,308164,47554,100540.0,62432.0,12135,81315
2019-08-28,705437.0,303065,42721,60934.0,37847.0,11978,89648
2019-08-29,735396.0,308537,45487,61061.0,44664.0,11842,86646
2019-08-30,734849.0,288572,65873,58624.0,38061.0,11499,75061
2019-08-31,596235.0,282011,146631,59372.0,37567.0,10916,77640
2019-09-01,574358.0,275912,45165,51366.0,492819.0,11069,77258
2019-09-02,728155.0,319698,41290,59021.0,181307.0,11604,87876
2019-09-03,799532.0,303296,41519,103895.0,88990.0,11863,90244
2019-09-04,750620.0,296005,39703,62889.0,42377.0,173085,93879
2019-09-05,744004.0,326386,59382,64923.0,41466.0,11693,72994
2019-09-06,775304.0,320381,41128,70676.0,43640.0,127299,71796
2019-09-07,617013.0,284448,42399,67018.0,36742.0,11180,78243
2019-09-08,567664.0,279927,41557,77965.0,34107.0,11016,63963
2019-09-09,769573.0,316921,41089,73426.0,35459.0,12495,77060
2019-09-10,807975.0,296904,56157,109399.0,64340.0,12488,55605
2019-09-11,783950.0,295327,42303,78042.0,37019.0,11632,56868
2019-09-12,757805.0,301354,41705,68583.0,35754.0,11309,72654
2019-09-13,759154.0,270785,41979,74790.0,36481.0,11124,76886
2019-09-14,652357.0,271533,41670,71669.0,33369.0,11185,99830
2019-09-15,554317.0,277976,43127,83261.0,33196.0,10859,87565
2019-09-16,779631.0,307380,66651,97348.0,33182.0,11503,64273
2019-09-17,777701.0,297547,46096,142010.0,66076.0,12067,58338
2019-09-18,855706.0,305563,125798,110156.0,38271.0,12142,98830
2019-09-19,733322.0,295149,65474,128829.0,36932.0,14448,98088
2019-09-20,742828.0,309840,62052,99040.0,52719.0,12416,84257
2019-09-21,625288.0,242789,51339,73282.0,38824.0,12643,71307
2019-09-22,606415.0,239625,52340,69629.0,34352.0,11646,84011
2019-09-23,735518.0,251471,45610,101056.0,32363.0,12031,84062
2019-09-24,840208.0,296761,44355,115973.0,65550.0,12521,91449
2019-09-25,783948.0,278971,45214,74697.0,37638.0,13282,81597
2019-09-26,739854.0,265068,44703,69164.0,37618.0,12228,52000
2019-09-27,714047.0,268165,45167,64652.0,30991.0,11828,81855
2019-09-28,619808.0,248610,47635,71457.0,28936.0,11502,73616
2019-09-29,564381.0,231663,72975,57921.0,30745.0,1200797,51477
2019-09-30,750859.0,285523,46489,70513.0,27331.0,287536,67857
2019-10-01,750562.0,339783,46029,91007.0,65303.0,506598,61542
2019-10-02,717573.0,327680,53593,54749.0,33084.0,424621,56827
2019-10-03,708956.0,288751,57361,59322.0,31999.0,32591,59798
2019-10-04,712900.0,268748,41055,56285.0,33875.0,11229,60825
2019-10-05,636638.0,272795,41804,56505.0,28353.0,26364,54330
2019-10-06,555377.0,343035,40036,62857.0,29210.0,345496,58839
2019-10-07,734959.0,284288,39824,62606.0,35928.0,1676734,64798
2019-10-08,715311.0,306302,40804,96770.0,98648.0,1682604,76376
2019-10-09,701690.0,318125,41160,62678.0,34646.0,1973955,77476
2019-10-10,743456.0,326182,40197,61680.0,31332.0,4697025,98124
2019-10-11,726820.0,315705,40656,61718.0,34393.0,1281817,69068
2019-10-12,578474.0,279716,39564,53850.0,29065.0,16587,56828
2019-10-13,555407.0,250851,44937,54489.0,31691.0,10361,63732
2019-10-14,694167.0,300285,42912,54887.0,45702.0,10961,73946
2019-10-15,712296.0,302212,41111,87351.0,58724.0,10883,72871
2019-10-16,733220.0,291507,41151,60324.0,32205.0,10743,74573
2019-10-17,730671.0,285894,54084,50549.0,32148.0,10109,111519
2019-10-18,673650.0,310446,44620,51667.0,30793.0,9130,250810
2019-10-19,643714.0,276993,92667,52652.0,29523.0,9501,81801
2019-10-20,546144.0,248121,49261,47146.0,27983.0,9052,81068
2019-10-21,749935.0,271474,46474,52827.0,34425.0,9894,73924
2019-10-22,732596.0,274766,42479,81395.0,58435.0,10197,76002
2019-10-23,736263.0,275838,37616,52874.0,32842.0,14250,78721
2019-10-24,719988.0,272369,38786,51932.0,32504.0,16280,85611
2019-10-25,786680.0,290755,39520,58311.0,37854.0,12971,79247
2019-10-26,761194.0,303660,35432,58662.0,33417.0,10385,88195
2019-10-27,598714.0,256776,37638,48950.0,30836.0,125587,84949
2019-10-28,753434.0,290065,39382,57505.0,32301.0,441911,77099
2019-10-29,728736.0,283366,43603,94215.0,58095.0,435616,87129
2019-10-30,711325.0,278695,65143,57690.0,35153.0,455273,89768
2019-10-31,721957.0,288701,52267,55972.0,32887.0,436724,91220
2019-11-01,790414.0,287405,42714,53299.0,30971.0,463640,94248
2019-11-02,634816.0,243269,42532,99050.0,38871.0,480938,96712
2019-11-03,610943.0,230486,40917,47533.0,30506.0,487123,71371
2019-11-04,757129.0,262207,45177,88324.0,51929.0,456285,83357
2019-11-05,782184.0,302907,40283,87130.0,32649.0,450544,86073
2019-11-06,831199.0,289661,39112,73552.0,34286.0,461538,74210
2019-11-07,799136.0,375764,39209,54922.0,30953.0,472837,81992
2019-11-08,728522.0,275241,39641,54730.0,31549.0,457844,61594
2019-11-09,709807.0,230831,40353,50492.0,33751.0,448899,61470
2019-11-10,594556.0,257611,46530,53785.0,34583.0,467684,77042
2019-11-11,704180.0,284231,48918,54660.0,53664.0,465183,99645
2019-11-12,682025.0,285556,46570,85360.0,72339.0,459389,104474
2019-11-13,746140.0,278616,47954,54342.0,32318.0,481423,72981
2019-11-14,746968.0,271266,42319,61808.0,31911.0,469462,78862
2019-11-15,779428.0,257911,42083,72833.0,24657.0,467344,71689
2019-11-16,666406.0,233167,40331,58037.0,20751.0,447162,85604
2019-11-17,598140.0,242722,39396,50451.0,18469.0,470978,71175
2019-11-18,696269.0,269423,39209,82687.0,21835.0,464517,82849
2019-11-19,823018.0,283555,40697,89977.0,50104.0,432666,72838
2019-11-20,702168.0,269725,40078,56755.0,24656.0,443369,87770
2019-11-21,803455.0,306522,46777,58684.0,27790.0,468369,85535
2019-11-22,790198.0,341671,144071,62910.0,27497.0,463571,84289
2019-11-23,681817.0,281447,38998,55408.0,22249.0,479414,68981
2019-11-24,557217.0,247215,39785,53073.0,21372.0,475942,84248
2019-11-25,678695.0,326634,40042,59209.0,26285.0,444262,118786
2019-11-26,784964.0,264714,57993,93921.0,50514.0,461293,85728
2019-11-27,812540.0,252198,39464,57981.0,27992.0,463445,75488
2019-11-28,716192.0,260028,38855,57811.0,30591.0,452302,99655
2019-11-29,730014.0,280233,38395,56145.0,27299.0,453179,101374
2019-11-30,683831.0,255240,39734,58036.0,22506.0,437378,85547
2019-12-01,593329.0,244768,40747,56419.0,20445.0,391070,101828
2019-12-02,749060.0,283061,58636,53260.0,23522.0,411322,93676
2019-12-03,744688.0,250073,41803,90274.0,52254.0,457237,72271
2019-12-04,749562.0,253029,40327,52714.0,27165.0,427912,92661
2019-12-05,746859.0,288568,44894,52748.0,24693.0,561392,86864
2019-12-06,748047.0,239911,44230,54640.0,23615.0,407610,95851
2019-12-07,642350.0,207488,43382,53318.0,24825.0,433884,109109
2019-12-08,587017.0,200052,43436,50278.0,18238.0,479030,96330
2019-12-09,803439.0,269250,46672,54864.0,21924.0,660793,88378
2019-12-10,803226.0,249591,45413,90300.0,53086.0,501242,108087
2019-12-11,771631.0,250575,47792,56514.0,24887.0,446343,102336
2019-12-12,722853.0,325420,43459,55383.0,27549.0,450248,92623
2019-12-13,746512.0,346490,41863,53747.0,23078.0,543585,85541
2019-12-14,623464.0,320605,43297,51820.0,22181.0,438370,69092
2019-12-15,657604.0,327301,97610,149953.0,20968.0,410231,69733
2019-12-16,777556.0,308325,43201,56382.0,25064.0,113922,99894
2019-12-17,875713.0,285240,43878,92170.0,59230.0,436527,90163
2019-12-18,751472.0,294956,43147,54358.0,27537.0,562704,74165
2019-12-19,725702.0,277875,42697,54966.0,28749.0,286794,82518
2019-12-20,708265.0,302200,44610,56930.0,25992.0,458156,85518
2019-12-21,610208.0,358805,40581,52086.0,24423.0,461902,81554
2019-12-22,589250.0,298388,40718,50636.0,21784.0,660930,100004
2019-12-23,727796.0,295909,45146,57345.0,33484.0,913251,88467
2019-12-24,649535.0,307989,39303,77174.0,57577.0,825266,73241
2019-12-25,537049.0,314833,40762,58332.0,27893.0,1110322,94816
2019-12-26,653003.0,298790,45265,102698.0,29051.0,1092147,91482
2019-12-27,721861.0,259478,47112,114560.0,34645.0,1093842,86050
2019-12-28,611206.0,243589,40269,112310.0,31812.0,1017380,90985
2019-12-29,589993.0,270245,46184,74502.0,32848.0,591056,85368
2019-12-30,735877.0,261226,102670,62890.0,32200.0,356914,77546
2019-12-31,657164.0,232196,53133,108004.0,57476.0,192623,57851
2020-01-01,524360.0,231794,42336,41527.0,27651.0,86343,61398
2020-01-02,671016.0,220624,52840,68959.0,33372.0,71528,65190
2020-01-03,721747.0,255934,68976,50872.0,31987.0,73439,66978
2020-01-04,611397.0,240546,70109,45991.0,39571.0,93979,96704
2020-01-05,597061.0,229160,44513,50412.0,34302.0,70020,81955
2020-01-06,724219.0,274755,49482,50499.0,40110.0,177401,72694
2020-01-07,775757.0,276248,48531,88864.0,62523.0,135610,77018
2020-01-08,754553.0,283219,47835,53499.0,33164.0,35448,267414
2020-01-09,773570.0,282797,47386,49189.0,33340.0,66459,76780
2020-01-10,792103.0,329508,46833,53679.0,33971.0,326100,96993
2020-01-11,640445.0,281332,47246,52092.0,32827.0,121324,102450
2020-01-12,581504.0,231191,46733,47190.0,32668.0,109119,66557
2020-01-13,705443.0,260729,47645,50629.0,28083.0,124154,177081
2020-01-14,850757.0,311555,47153,91911.0,68785.0,85496,97913
2020-01-15,759192.0,321562,49980,61711.0,44747.0,203737,116472
2020-01-16,739283.0,305974,49025,53041.0,36344.0,276532,84591
2020-01-17,756728.0,295218,50168,60607.0,36437.0,156322,87931
2020-01-18,649187.0,290720,45811,56500.0,35819.0,74063,219861
2020-01-19,622774.0,269233,46257,58983.0,32731.0,22757,76563
2020-01-20,741539.0,258251,45728,51629.0,43286.0,15242,86889
2020-01-21,756250.0,287729,47155,86261.0,59260.0,15205,94543
2020-01-22,771727.0,272179,46709,56688.0,30346.0,30959,82174
2020-01-23,789764.0,257578,47551,53287.0,32251.0,53059,65850
2020-01-24,720051.0,209705,55166,59911.0,33264.0,49661,69829
2020-01-25,665971.0,208598,42913,49756.0,26503.0,95984,49025
2020-01-26,544915.0,195000,39979,48918.0,30129.0,72407,65441
2020-01-27,726725.0,238758,48269,55310.0,40327.0,16812,70199
2020-01-28,812560.0,231471,119545,96373.0,59785.0,25734,70900
2020-01-29,767507.0,231564,82791,58845.0,30854.0,17516,90062
2020-01-30,765495.0,244211,50485,65057.0,30161.0,16145,76790
2020-01-31,762130.0,239398,50493,62399.0,34129.0,15828,70890
2020-02-01,743933.0,236095,56366,59988.0,29294.0,18989,56741
2020-02-02,706042.0,235359,72746,70891.0,32351.0,15843,74634
2020-02-03,879860.0,277543,45152,80518.0,29323.0,15705,59096
2020-02-04,764885.0,234304,51403,96519.0,49174.0,15657,65684
2020-02-05,823713.0,274536,45557,86117.0,41528.0,16184,78692
2020-02-06,765225.0,287091,44042,91750.0,37202.0,16147,73142
2020-02-07,865396.0,285999,57544,98565.0,34361.0,15875,72123
2020-02-08,709380.0,348397,65963,92186.0,28535.0,100862,72980
2020-02-09,695691.0,305845,48534,100893.0,32389.0,165844,67936
2020-02-10,703356.0,318635,65299,82574.0,44722.0,55039,92686
2020-02-11,885934.0,319771,89414,98909.0,36952.0,104599,72698
2020-02-12,822547.0,394534,87382,76114.0,32063.0,53268,98132
2020-02-13,815808.0,374630,85369,80525.0,28052.0,16169,90646
2020-02-14,741471.0,323942,139944,71081.0,31368.0,15896,98017
2020-02-15,736640.0,343999,90905,66882.0,30948.0,87939,113697
2020-02-16,655188.0,337792,40126,57905.0,30925.0,379182,83286
2020-02-17,773751.0,333123,40338,67411.0,32244.0,352845,71712
2020-02-18,783570.0,344572,40406,100261.0,44297.0,176411,87798
2020-02-19,792783.0,333141,91137,85220.0,29116.0,279070,73965
2020-02-20,766448.0,317504,39419,67868.0,28287.0,444309,85708
2020-02-21,768521.0,323587,38949,60655.0,21566.0,232473,55060
2020-02-22,660812.0,314925,42902,54107.0,22651.0,382617,70340
2020-02-23,622397.0,311622,41555,52727.0,26262.0,392137,103153
2020-02-24,758122.0,320273,41612,58045.0,26770.0,429833,59339
2020-02-25,743278.0,308551,42247,91498.0,43518.0,137302,57098
2020-02-26,778003.0,368983,75843,64142.0,32812.0,41220,92204
2020-02-27,777389.0,367385,41917,62465.0,28805.0,289071,70113
2020-02-28,778213.0,387502,45136,59913.0,26638.0,75860,74885
2020-02-29,679597.0,294354,42723,62562.0,22187.0,411812,71228
2020-03-01,674209.0,321679,44527,53381.0,23164.0,446534,65686
2020-03-02,829550.0,332395,57598,69236.0,25088.0,345719,82940
2020-03-03,840712.0,335468,57323,85928.0,51901.0,347145,59223
2020-03-04,857423.0,313708,40633,52216.0,34384.0,72504,52622
2020-03-05,793221.0,321218,45573,94961.0,37063.0,102901,67925
2020-03-06,804945.0,332267,40283,149119.0,35957.0,96939,63115
2020-03-07,682432.0,290494,41576,203865.0,34345.0,57988,61236
2020-03-08,654911.0,327289,41246,129044.0,33832.0,65389,42657
2020-03-09,809850.0,383558,72984,73222.0,38125.0,30727,59308
2020-03-10,807778.0,326753,55538,100251.0,55016.0,36890,54238
2020-03-11,728889.0,348656,41571,58685.0,40507.0,123177,46346
2020-03-12,909601.0,408928,38152,62366.0,39205.0,131752,54143
2020-03-13,786409.0,400311,43974,66743.0,44469.0,168013,68069
2020-03-14,772769.0,460743,51714,51700.0,38780.0,170272,61434
2020-03-15,629326.0,438224,74778,47805.0,28935.0,221956,172587
2020-03-16,725120.0,473741,44119,54115.0,33886.0,306430,181034
2020-03-17,765477.0,445445,41241,60023.0,63128.0,256458,60959
2020-03-18,633373.0,434714,41407,53168.0,31742.0,206807,105538
2020-03-19,709786.0,465615,48215,57441.0,36664.0,123745,100279
2020-03-20,734614.0,497777,73920,58561.0,33836.0,131136,76521
2020-03-21,637554.0,537404,43578,43347.0,31336.0,71522,84684
2020-03-22,579901.0,379207,52828,45850.0,34354.0,102747,64757
2020-03-23,667486.0,426308,49237,50137.0,30887.0,121931,59630
2020-03-24,736233.0,387996,48743,66848.0,61480.0,121369,55700
2020-03-25,587460.0,380672,45711,49894.0,28754.0,131945,82530
2020-03-26,889704.0,411661,42952,48021.0,31381.0,87923,66772
2020-03-27,807651.0,394055,75564,50568.0,34332.0,115902,70785
2020-03-28,627230.0,376618,46912,45693.0,29993.0,105925,49723
2020-03-29,591287.0,318335,45688,45949.0,27072.0,140559,56219
2020-03-30,770915.0,344397,54292,52420.0,47458.0,132860,67455
2020-03-31,816889.0,353932,80776,67794.0,78131.0,127040,47097
2020-04-01,824108.0,333042,49333,52386.0,35657.0,107604,74500
2020-04-02,798186.0,340841,59425,56873.0,37090.0,121858,82659
2020-04-03,750332.0,327371,49323,47998.0,33256.0,121766,67773
2020-04-04,657862.0,325061,57179,48055.0,32305.0,107460,79151
2020-04-05,596364.0,309777,44268,48858.0,33064.0,132322,72999
2020-04-06,780832.0,388788,45564,56526.0,33410.0,126952,53491
2020-04-07,938358.0,365713,45141,74876.0,133130.0,118531,53192
2020-04-08,760207.0,419382,52486,55303.0,139269.0,114542,54038
2020-04-09,730620.0,383729,51098,54418.0,28016.0,128684,74349
2020-04-10,735297.0,376454,43878,58367.0,28828.0,127947,77435
2020-04-11,634944.0,387711,45511,50942.0,25550.0,128617,73204
2020-04-12,618062.0,365811,45825,46575.0,25378.0,73449,59282
2020-04-13,764583.0,380405,47826,53435.0,54507.0,99920,69124
2020-04-14,843493.0,384946,45475,75147.0,29246.0,85547,66079
2020-04-15,926278.0,366353,44544,57045.0,29675.0,81158,69588
2020-04-16,880665.0,368015,45480,57403.0,28904.0,80878,95455
2020-04-17,844316.0,384794,46157,60136.0,28934.0,77029,97343
2020-04-18,847811.0,408020,49597,57170.0,27112.0,94293,97713
2020-04-19,718815.0,377254,49498,81022.0,23258.0,109455,90070
2020-04-20,842251.0,386452,49667,62274.0,25665.0,123963,65364
2020-04-21,818062.0,371823,112630,78684.0,54820.0,115351,80751
2020-04-22,762361.0,369457,52655,57184.0,24634.0,45572,85145
2020-04-23,935989.0,412555,52579,64942.0,31199.0,95429,58946
2020-04-24,893187.0,391035,48981,100818.0,31996.0,25742,104366
2020-04-25,813456.0,385847,54209,91249.0,28701.0,112122,75542
2020-04-26,724250.0,397842,57194,86427.0,25376.0,129664,74318
2020-04-27,876229.0,390999,52835,92208.0,28577.0,140150,59969
2020-04-28,926669.0,404598,45732,130368.0,61276.0,125950,74705
2020-04-29,911617.0,427482,49356,117777.0,38933.0,136475,142496
2020-04-30,947585.0,417656,55324,101053.0,41155.0,120664,132131
2020-05-01,955523.0,404034,46103,115811.0,33727.0,130744,116222
2020-05-02,970554.0,398595,45387,100232.0,27867.0,109380,83146
2020-05-03,909805.0,401201,48176,68018.0,30100.0,103106,96309
2020-05-04,889636.0,362848,48278,74245.0,29432.0,127619,75136
2020-05-05,970464.0,366254,44088,88832.0,61348.0,102337,84299
2020-05-06,972369.0,384165,47959,72840.0,34455.0,103264,81446
2020-05-07,1020443.0,401731,61071,77316.0,32135.0,92174,76435
2020-05-08,949216.0,407113,46422,93104.0,34131.0,88353,79887
2020-05-09,906900.0,412090,141032,75552.0,42349.0,93029,68886
2020-05-10,869262.0,415159,53015,69662.0,38326.0,91099,67514
2020-05-11,999192.0,414250,55266,81157.0,43962.0,99862,80270
2020-05-12,954129.0,378729,46188,93912.0,75913.0,97945,77376
2020-05-13,858458.0,365732,45605,73145.0,47343.0,94121,102623
2020-05-14,880861.0,364002,63384,77496.0,49402.0,92212,109066
2020-05-15,895670.0,377934,47238,79408.0,53572.0,88942,84139
2020-05-16,880534.0,375179,46555,69549.0,57497.0,40713,98630
2020-05-17,763444.0,375674,62025,69562.0,57172.0,34150,70088
2020-05-18,970423.0,381426,48913,76969.0,54268.0,104899,77372
2020-05-19,890493.0,402897,47668,93517.0,77805.0,43090,83125
2020-05-20,865708.0,385900,48740,79867.0,55307.0,59808,89039
2020-05-21,928630.0,399759,46205,77213.0,61971.0,106903,93798
2020-05-22,797526.0,413266,46654,79339.0,53077.0,95839,102980
2020-05-23,848702.0,403516,45190,74005.0,42848.0,73906,68853
2020-05-24,807939.0,366826,45457,72779.0,43434.0,84592,68984
2020-05-25,828919.0,384146,52447,77031.0,40467.0,68323,78582
2020-05-26,852839.0,399709,95734,93308.0,73390.0,74523,68710
2020-05-27,913075.0,375085,48597,74117.0,49145.0,111730,85054
2020-05-28,866559.0,405928,47979,77573.0,43426.0,129118,82197
2020-05-29,852420.0,448382,51005,82162.0,61268.0,110141,102457
2020-05-30,902498.0,420854,48876,79385.0,60433.0,102541,106876
2020-05-31,801889.0,411586,48047,177895.0,61990.0,96528,112556
2020-06-01,870833.0,418707,83354,136651.0,55942.0,13041,98877
2020-06-02,899961.0,459219,48375,122458.0,90390.0,14296,93252
2020-06-03,950153.0,418567,49503,94543.0,53962.0,13655,84990
2020-06-04,884109.0,464243,64651,195842.0,43635.0,14474,118400
2020-06-05,918647.0,562284,51903,306753.0,45789.0,15835,109476
2020-06-06,771819.0,453437,49505,129095.0,59563.0,24800,102399
2020-06-07,690992.0,395673,56435,127280.0,70849.0,25036,87056
2020-06-08,986341.0,440239,51088,135449.0,58775.0,26764,87368
2020-06-09,910121.0,436143,80712,151530.0,90909.0,29569,85366
2020-06-10,909669.0,402483,51676,134102.0,69575.0,29100,120294
2020-06-11,1048342.0,409839,62888,133126.0,73150.0,29013,107567
2020-06-12,909615.0,448201,54907,128283.0,63553.0,28369,104166
2020-06-13,800767.0,443429,65035,125392.0,47651.0,27988,72132
2020-06-14,698545.0,411985,53812,128796.0,63964.0,27959,80892
2020-06-15,867844.0,442189,63407,105732.0,65942.0,27324,95465
2020-06-16,986219.0,429484,61035,84709.0,91494.0,27675,95179
2020-06-17,918592.0,396283,60516,63736.0,58504.0,66651,77498
2020-06-18,854866.0,469733,58338,66484.0,71434.0,89059,81189
2020-06-19,947402.0,457647,56379,64735.0,60975.0,92200,63181
2020-06-20,760742.0,496236,99074,63240.0,64547.0,116611,72348
2020-06-21,710176.0,470005,51021,56798.0,61379.0,123830,88600
2020-06-22,850006.0,447809,53473,62550.0,56324.0,112750,96910
2020-06-23,1034537.0,489995,54289,93262.0,83119.0,117250,76523
2020-06-24,917620.0,485760,76915,69681.0,65689.0,120272,68348
2020-06-25,901033.0,498356,59860,78773.0,56127.0,114249,70016
2020-06-26,929963.0,503748,57845,78433.0,61883.0,130039,78619
2020-06-27,761896.0,489823,54538,71256.0,64105.0,131123,59250
2020-06-28,686270.0,513042,57405,69003.0,45641.0,138196,66179
2020-06-29,962232.0,545051,63462,69634.0,62397.0,138167,63747
2020-06-30,926238.0,512942,103553,90608.0,94854.0,143777,66698
2020-07-01,1078007.0,504674,56826,71103.0,67039.0,145135,78997
2020-07-02,951042.0,542715,61309,72285.0,55913.0,144586,76197
2020-07-03,944676.0,506616,61418,72643.0,65444.0,193606,75280
2020-07-04,799989.0,530885,93354,67579.0,64833.0,187687,75415
2020-07-05,771473.0,564010,57874,65525.0,60572.0,151460,83514
2020-07-06,989688.0,521875,64386,75457.0,72263.0,134212,80415
2020-07-07,969354.0,548179,72920,93783.0,101977.0,155241,84919
2020-07-08,1024085.0,515130,126064,81243.0,65377.0,115541,77458
2020-07-09,1033334.0,511545,74289,78674.0,65500.0,96151,80835
2020-07-10,976205.0,506070,67731,78934.0,59873.0,81370,72497
2020-07-11,885970.0,569659,70657,72497.0,65775.0,80145,80948
2020-07-12,745665.0,567829,76790,85037.0,62932.0,81500,68733
2020-07-13,909653.0,529772,109411,78284.0,68541.0,87461,77710
2020-07-14,993499.0,520157,395181,101462.0,88361.0,84066,73821
2020-07-15,971186.0,520924,124104,85518.0,61461.0,95212,77959
2020-07-16,966383.0,447490,74739,82802.0,61881.0,108320,76979
2020-07-17,847984.0,475009,78019,83231.0,62928.0,82281,67404
2020-07-18,892684.0,447224,73562,77739.0,58513.0,69819,63329
2020-07-19,872974.0,462835,70079,77568.0,57449.0,60411,61583
2020-07-20,940265.0,478223,67629,79376.0,96195.0,63622,77684
2020-07-21,927506.0,440067,109403,97125.0,71842.0,66061,91302
2020-07-22,1017627.0,470998,69324,83459.0,68531.0,65170,91940
2020-07-23,977856.0,491363,87651,86368.0,70469.0,65171,91734
2020-07-24,1083981.0,487996,68377,82911.0,71050.0,72200,98920
2020-07-25,972156.0,510336,67193,94634.0,71249.0,61243,92387
2020-07-26,999311.0,519206,87233,88890.0,71787.0,70183,121561
2020-07-27,1022491.0,551497,68792,100281.0,106083.0,64830,85297
2020-07-28,1059084.0,596151,67438,125833.0,89277.0,78064,87620
2020-07-29,1039672.0,523675,69319,106900.0,66979.0,61296,94596
2020-07-30,968423.0,521352,92002,113476.0,72732.0,66343,83442
2020-07-31,1062923.0,550668,64343,113536.0,93368.0,36065,105618
2020-08-01,954055.0,562801,65455,97487.0,95297.0,7731,84185
2020-08-02,950873.0,626146,59109,99167.0,80570.0,7761,92527
2020-08-03,1080975.0,575598,89946,120324.0,78809.0,7994,96239
2020-08-04,1003351.0,594577,63130,124685.0,100978.0,9298,132549
2020-08-05,957619.0,611242,72112,113522.0,80641.0,6098,65480
2020-08-06,1120216.0,582260,70949,115114.0,69918.0,6716,114028
2020-08-07,1049182.0,529429,73958,109579.0,64685.0,14683,121980
2020-08-08,951540.0,532607,72916,106625.0,62202.0,8934,82210
2020-08-09,911571.0,493476,67853,104275.0,63818.0,12523,88573
2020-08-10,967780.0,500790,134024,110908.0,78702.0,20742,75926
2020-08-11,1086328.0,473147,72704,124730.0,104873.0,21104,72142
2020-08-12,1049344.0,440096,71544,94387.0,88901.0,18156,70637
2020-08-13,952528.0,486979,71644,114025.0,93162.0,18489,78799
2020-08-14,1086754.0,520788,67820,110199.0,89906.0,11157,84065
2020-08-15,973628.0,600612,69731,101757.0,94430.0,8796,67892
2020-08-16,892624.0,549697,71874,108235.0,81513.0,10205,66792
2020-08-17,878796.0,526760,74019,109657.0,72433.0,11162,82707
2020-08-18,1008612.0,467068,68258,144741.0,113322.0,14597,86259
2020-08-19,988648.0,474989,66041,159530.0,86020.0,11666,76952
2020-08-20,994559.0,467326,71350,114452.0,80188.0,12606,76535
2020-08-21,1095556.0,492967,69746,103507.0,82227.0,10152,61276
2020-08-22,950674.0,555166,174621,97316.0,86193.0,12139,61455
2020-08-23,906460.0,582203,74062,90705.0,75830.0,11568,75973
2020-08-24,944242.0,489798,72368,96941.0,77523.0,10543,83593
2020-08-25,951716.0,509157,62802,120074.0,93797.0,12640,63556
2020-08-26,1030264.0,516867,64305,98949.0,70853.0,9721,79760
2020-08-27,947577.0,538449,67354,102266.0,78442.0,10152,65762
2020-08-28,1080096.0,510764,68244,100435.0,80962.0,8261,62748
2020-08-29,972062.0,453869,64132,95211.0,74621.0,5826,66330
2020-08-30,821271.0,390040,59923,97744.0,66887.0,4992,61412
2020-08-31,935410.0,412302,141924,103694.0,65808.0,4221,79521
2020-09-01,1074307.0,434255,68311,132371.0,102779.0,4904,77338
2020-09-02,1029017.0,405978,66094,112337.0,75600.0,7562,88048
2020-09-03,983249.0,410463,97373,120826.0,71766.0,5565,106169
2020-09-04,1004854.0,476106,68124,124450.0,75528.0,5066,112151
2020-09-05,984198.0,403351,62994,109389.0,71613.0,4819,122625
2020-09-06,988383.0,544008,66057,101408.0,79605.0,4801,71731
2020-09-07,1086059.0,470998,65280,108457.0,67953.0,4942,114890
2020-09-08,974053.0,520483,62972,128759.0,98201.0,5066,108602
2020-09-09,968245.0,406766,65991,111951.0,67671.0,4951,95291
2020-09-10,1103924.0,365959,64767,114528.0,80424.0,3653,96615
2020-09-11,951505.0,356479,62605,112912.0,67335.0,7609,101818
2020-09-12,890683.0,405023,132241,110702.0,63826.0,5513,89143
2020-09-13,803998.0,418818,60955,103814.0,63556.0,5564,90421
2020-09-14,1016193.0,384998,61952,112052.0,71204.0,5695,99658
2020-09-15,976024.0,408754,82779,131686.0,93990.0,6242,99262
2020-09-16,1064243.0,391793,95049,120351.0,60320.0,5812,97026
2020-09-17,1101957.0,499706,64780,115013.0,48339.0,5656,83999
2020-09-18,974291.0,480140,62115,123166.0,49852.0,5772,88614
2020-09-19,892685.0,481384,57050,126905.0,45014.0,8364,83431
2020-09-20,820833.0,465984,59945,104245.0,48564.0,19837,89807
2020-09-21,946997.0,486381,59910,114118.0,48486.0,20786,93787
2020-09-22,968239.0,431660,65548,139730.0,78013.0,28523,100929
2020-09-23,1013565.0,454852,66977,108002.0,48405.0,17787,75696
2020-09-24,943668.0,487588,143500,116200.0,61283.0,10325,72471
2020-09-25,1140261.0,455205,72425,113409.0,57735.0,10975,73876
2020-09-26,952990.0,491205,60726,109532.0,58190.0,8841,74550
2020-09-27,784428.0,488227,66065,99560.0,43120.0,7034,108797
2020-09-28,884124.0,434364,64052,106856.0,43569.0,9894,91236
2020-09-29,998051.0,429114,66958,124951.0,77312.0,33188,94479
2020-09-30,1118241.0,412900,59893,104785.0,48342.0,21826,107571
2020-10-01,922880.0,447266,65177,108484.0,45129.0,6622,117592
2020-10-02,996361.0,458931,125274,112531.0,40852.0,38472,104324
2020-10-03,1002444.0,470605,66835,105234.0,42881.0,44949,100020
2020-10-04,923546.0,472428,59665,105629.0,37411.0,52095,119365
2020-10-05,946902.0,406952,64153,110077.0,44201.0,48741,125697
2020-10-06,978521.0,423241,69756,126282.0,75474.0,13465,107908
2020-10-07,1063425.0,428105,58268,103342.0,46514.0,9072,96571
2020-10-08,1033122.0,430143,57402,95712.0,46240.0,10178,83300
2020-10-09,1006667.0,463202,57343,100340.0,45083.0,11861,104413
2020-10-10,917402.0,472917,61131,101815.0,42262.0,10116,99999
2020-10-11,791020.0,567079,62699,103100.0,36226.0,10603,95458
2020-10-12,945894.0,496784,63838,108093.0,39145.0,11300,110061
2020-10-13,1049377.0,507728,64427,124937.0,78049.0,11969,120208
2020-10-14,952949.0,499024,121575,108980.0,58941.0,18494,106692
2020-10-15,1035214.0,622855,60354,111378.0,53588.0,14416,114691
2020-10-16,973228.0,649222,59433,117476.0,52535.0,7776,109862
2020-10-17,851147.0,654595,62381,106051.0,44816.0,6996,114880
2020-10-18,744786.0,622632,61509,102444.0,43643.0,4758,124781
2020-10-19,930306.0,490775,118435,109201.0,49345.0,5622,114503
2020-10-20,1011847.0,484476,65015,133020.0,78726.0,6062,129244
2020-10-21,1013298.0,499062,62036,127644.0,53856.0,6275,105603
2020-10-22,1048775.0,519373,60118,124027.0,56180.0,6462,128017
2020-10-23,977710.0,518375,61317,117189.0,53346.0,5458,131855
2020-10-24,1098917.0,603627,60622,113717.0,56723.0,4973,95556
2020-10-25,851199.0,586099,110698,146196.0,60444.0,5486,80547
2020-10-26,825846.0,491011,72389,139903.0,55219.0,6156,68084
2020-10-27,827512.0,516481,61875,145523.0,77904.0,6814,61218
2020-10-28,817505.0,485592,63985,119030.0,55240.0,5664,64471
2020-10-29,887772.0,437339,98318,122327.0,48298.0,7165,77744
2020-10-30,901403.0,487850,65130,120619.0,51033.0,6220,77143
2020-10-31,875335.0,523774,64329,119466.0,49474.0,6433,93958
2020-11-01,897445.0,524955,63777,115997.0,52657.0,6150,116486
2020-11-02,777173.0,489991,66874,131942.0,55603.0,6169,98370
2020-11-03,1029970.0,507085,121684,156378.0,80870.0,7669,69682
2020-11-04,1175181.0,625419,69930,123967.0,57403.0,8289,61525
2020-11-05,1071518.0,502128,89180,131358.0,50920.0,10263,71703
2020-11-06,1080743.0,573232,77288,125067.0,52220.0,6945,73892
2020-11-07,1055012.0,545032,73306,91787.0,59956.0,16620,64166
2020-11-08,920529.0,607371,65005,86185.0,67397.0,7435,54934
2020-11-09,1188873.0,545082,79264,93999.0,54584.0,8351,76532
2020-11-10,1026623.0,491180,78900,116056.0,97355.0,8952,67928
2020-11-11,1004339.0,646367,127904,99719.0,59239.0,8548,78419
2020-11-12,1064270.0,588103,74728,99969.0,54898.0,7802,87574
2020-11-13,999523.0,523034,68340,108314.0,57464.0,8279,91391
2020-11-14,915336.0,572107,59473,93659.0,50449.0,6969,77627
2020-11-15,845204.0,504327,133889,93484.0,34399.0,7123,65754
2020-11-16,1041491.0,497314,78637,109856.0,39967.0,8221,65533
2020-11-17,1142716.0,517582,78720,125021.0,57828.0,7979,74491
2020-11-18,1197076.0,500099,74084,109261.0,87123.0,10461,61208
2020-11-19,1052034.0,498682,111911,108914.0,59445.0,9203,75130
2020-11-20,1177776.0,529365,79124,110812.0,58634.0,9931,91054
2020-11-21,1007240.0,577881,81142,112817.0,58592.0,8409,71429
2020-11-22,875364.0,557067,106982,107792.0,51924.0,7453,63314
2020-11-23,1014814.0,557131,77722,180489.0,52704.0,9243,95945
2020-11-24,1052398.0,544793,83340,140420.0,106630.0,8779,106808
2020-11-25,1127776.0,545213,75994,114051.0,57837.0,8568,89724
2020-11-26,1115848.0,551486,82557,112735.0,48461.0,8175,59672
2020-11-27,1099990.0,559050,146940,105477.0,44253.0,7262,60945
2020-11-28,1038684.0,689375,72642,92296.0,40698.0,7908,58831
2020-11-29,875712.0,739327,71559,94234.0,39391.0,9089,64260
2020-11-30,903580.0,527321,76242,112123.0,54718.0,9201,65144
2020-12-01,1179012.0,559564,77285,209809.0,81085.0,9062,83013
2020-12-02,1015318.0,464131,76959,106953.0,55035.0,8200,64845
2020-12-03,1165469.0,498903,68321,110137.0,45278.0,8559,70336
2020-12-04,1070208.0,491692,127396,104262.0,61680.0,7949,68131
2020-12-05,1077064.0,562799,58657,96191.0,40359.0,8302,79584
2020-12-06,906549.0,505086,57910,90704.0,38783.0,8669,82010
2020-12-07,1017188.0,504152,90322,106432.0,47877.0,8535,79082
2020-12-08,1057637.0,498285,77755,119139.0,84984.0,10642,77650
2020-12-09,1059284.0,496565,116196,105150.0,41830.0,8290,88956
2020-12-10,995137.0,462934,62585,103143.0,38890.0,8305,82769
2020-12-11,1078069.0,483189,79185,104601.0,47708.0,7864,69838
2020-12-12,962538.0,509468,69535,95080.0,42217.0,7398,58249
2020-12-13,938739.0,569270,70914,92819.0,39964.0,7750,60758
2020-12-14,977389.0,541545,75503,108088.0,41627.0,7597,83284
2020-12-15,1047043.0,526599,76404,115878.0,73383.0,7682,76806
2020-12-16,1098912.0,570129,76603,133638.0,44622.0,8590,80310
2020-12-17,1066159.0,633044,155503,141902.0,57346.0,8851,73605
2020-12-18,1194851.0,554504,74469,122401.0,51258.0,8453,75098
2020-12-19,1158142.0,546564,62907,117954.0,48013.0,8110,76480
2020-12-20,1075417.0,487968,68771,113378.0,50638.0,8062,86129
2020-12-21,1126710.0,487201,139920,116607.0,46892.0,7884,109084
2020-12-22,1095221.0,479420,77054,129771.0,70777.0,8023,95546
2020-12-23,1138302.0,536115,73837,120746.0,47044.0,8549,78413
2020-12-24,969168.0,525234,73180,109159.0,42868.0,8047,75901
2020-12-25,1021183.0,475861,70513,110413.0,39859.0,7823,73832
2020-12-26,957062.0,465782,70373,121240.0,46883.0,7826,80262
2020-12-27,1049825.0,508702,70475,148985.0,49395.0,8744,69624
2020-12-28,1154354.0,545718,78170,129635.0,73096.0,9938,95456
2020-12-29,1146131.0,520345,76655,138645.0,91882.0,8473,107486
2020-12-30,1221579.0,522935,155318,128333.0,68943.0,8208,71064
2020-12-31,1193822.0,489924,67777,119271.0,54907.0,7946,70090
2021-01-01,1001890.0,511250,67451,112007.0,60901.0,7465,82161
2021-01-02,1140633.0,516268,112109,132254.0,69916.0,8235,95678
2021-01-03,1184688.0,584367,93892,147229.0,78396.0,9295,96001
2021-01-04,1270082.0,624273,87332,150487.0,73051.0,10530,80721
2021-01-05,1230529.0,592340,118879,158057.0,90688.0,9339,96052
2021-01-06,1344921.0,616836,68099,190069.0,79740.0,9814,97401
2021-01-07,1292297.0,659444,75727,168691.0,76342.0,11606,85105
2021-01-08,1237271.0,626952,63081,162650.0,103561.0,11023,79157
2021-01-09,1094947.0,613021,60405,153409.0,95780.0,12318,77373
2021-01-10,1177151.0,617780,63373,141190.0,107033.0,16124,113501
2021-01-11,1211948.0,640858,61373,175244.0,93401.0,14046,87746
2021-01-12,1202314.0,561907,65649,163911.0,97867.0,11686,70805
2021-01-13,1163164.0,545700,63674,136980.0,67266.0,11979,58269
2021-01-14,1167975.0,570542,131847,145831.0,74868.0,12071,68172
2021-01-15,1209589.0,586641,57910,146953.0,74236.0,9888,142496
2021-01-16,1115276.0,575783,54554,144129.0,69725.0,12666,96458
2021-01-17,1002014.0,549860,53920,129473.0,64761.0,12144,141488
2021-01-18,1077578.0,557612,60720,146008.0,74210.0,11775,88623
2021-01-19,1095890.0,602799,63233,165344.0,108073.0,12069,201157
2021-01-20,1107233.0,567023,66033,157824.0,91270.0,14175,90640
2021-01-21,1059467.0,542409,56880,155743.0,83887.0,9709,97097
2021-01-22,1115180.0,534147,131797,140692.0,80999.0,8280,79215
2021-01-23,1128728.0,514786,57833,140937.0,80495.0,8349,81960
2021-01-24,1004162.0,516253,56096,138869.0,78268.0,8314,77187
2021-01-25,1121794.0,546624,57220,158930.0,90815.0,8276,75080
2021-01-26,1182517.0,562311,66295,162545.0,106816.0,8347,96406
2021-01-27,1106142.0,503736,58353,163231.0,77392.0,8555,206829
2021-01-28,1097896.0,555693,175355,166268.0,80529.0,10028,72084
2021-01-29,1208741.0,630359,296547,196500.0,84621.0,10020,68891
2021-01-30,1087755.0,604318,123662,176044.0,85302.0,9274,64204
2021-01-31,1063553.0,572249,139043,169771.0,76257.0,9202,62010
2021-02-01,999221.0,578791,102865,179811.0,84926.0,9712,74987
2021-02-02,1202183.0,607597,109795,198821.0,105956.0,9526,82741
2021-02-03,1187019.0,632493,71422,195234.0,92451.0,12263,82125
2021-02-04,1226684.0,637964,124106,200972.0,94462.0,21498,85018
2021-02-05,1257476.0,610442,82787,219900.0,101118.0,23829,79347
2021-02-06,1147256.0,632419,83607,175399.0,103986.0,20540,74658
2021-02-07,1159518.0,619186,169070,179413.0,97845.0,25608,74313
2021-02-08,1249543.0,629676,131448,203157.0,103684.0,20734,100837
2021-02-09,1174227.0,604814,109489,233030.0,135631.0,15453,88505
2021-02-10,1191329.0,616673,89312,221775.0,102990.0,15164,94924
2021-02-11,1052110.0,613894,107055,213418.0,95752.0,15254,91917
2021-02-12,1157108.0,596108,86838,212887.0,104258.0,15666,198725
2021-02-13,1217682.0,565120,95520,226315.0,123995.0,18947,246995
2021-02-14,1122976.0,556676,79058,207903.0,125023.0,25429,126803
2021-02-15,1140491.0,572155,79711,208896.0,111000.0,11749,106820
2021-02-16,989854.0,570877,68885,209246.0,124797.0,12963,124560
2021-02-17,1134666.0,585027,73323,232206.0,117971.0,15678,107209
2021-02-18,1138881.0,602485,117002,265855.0,101015.0,17198,107582
2021-02-19,1248515.0,629683,77377,277266.0,109602.0,16181,105970
2021-02-20,1187083.0,644880,80591,247241.0,139827.0,17700,94546
2021-02-21,1047141.0,605781,70573,214535.0,108057.0,14792,98185
2021-02-22,1094544.0,623584,70634,242674.0,96372.0,13022,77885
2021-02-23,1054613.0,629862,63400,245943.0,113785.0,13282,85829
2021-02-24,1230122.0,626252,108532,230539.0,99708.0,12614,81216
2021-02-25,1217040.0,618961,70280,231893.0,96626.0,11248,75868
2021-02-26,1114180.0,606678,67560,246935.0,103125.0,12881,84744
2021-02-27,1202477.0,568481,69956,219280.0,85273.0,10376,59743
2021-02-28,1033508.0,582699,73777,209176.0,74553.0,11088,60212
2021-03-01,1073523.0,580615,70257,249888.0,88930.0,10583,69124
2021-03-02,1119669.0,597128,75824,246596.0,107535.0,17804,66488
2021-03-03,1185450.0,560868,89340,239454.0,82665.0,13991,73771
2021-03-04,1042797.0,599915,133676,242203.0,77888.0,12235,62875
2021-03-05,1154593.0,524802,84792,232928.0,88629.0,12856,69012
2021-03-06,1147083.0,541924,90897,222546.0,77064.0,11990,58690
2021-03-07,1043256.0,501185,101475,225131.0,86966.0,11843,51418
2021-03-08,1164249.0,535335,123421,251519.0,87457.0,11795,56292
2021-03-09,1088598.0,576354,113528,259641.0,113298.0,10432,63614
2021-03-10,1165773.0,584652,96127,239110.0,94301.0,10666,76603
2021-03-11,1084417.0,625273,71056,245957.0,84999.0,13635,56373
2021-03-12,1186618.0,593965,127473,307815.0,80310.0,10947,58413
2021-03-13,1104466.0,592726,69028,291091.0,94780.0,11814,64565
2021-03-14,1155175.0,588107,71188,277172.0,75199.0,11557,59549
2021-03-15,1167577.0,594607,68877,313478.0,78767.0,23819,66773
2021-03-16,1161912.0,589999,63089,331906.0,103297.0,16528,61119
2021-03-17,1110541.0,570729,98712,292890.0,83377.0,12655,60889
2021-03-18,1219716.0,595484,74238,330316.0,105848.0,13205,64821
2021-03-19,1158820.0,596157,70822,323873.0,90203.0,13060,66592
2021-03-20,1124513.0,580711,108916,291449.0,87717.0,12641,73726
2021-03-21,1112554.0,588077,71236,301088.0,87145.0,12075,76478
2021-03-22,1144113.0,571996,78963,317749.0,83956.0,12132,77327
2021-03-23,1234149.0,602865,164193,336016.0,103410.0,15000,63363
2021-03-24,1153475.0,600217,81378,316562.0,82552.0,13874,61536
2021-03-25,1218346.0,633758,75903,321414.0,77540.0,14527,58513
2021-03-26,1085835.0,585052,97269,254162.0,84471.0,13190,64061
2021-03-27,1149403.0,587024,81530,316067.0,80466.0,13620,56003
2021-03-28,1063472.0,574675,84587,317537.0,84085.0,14859,58267
2021-03-29,1115525.0,577924,85426,346245.0,89793.0,13575,71890
2021-03-30,1154381.0,576687,97256,335398.0,112055.0,13290,89817
2021-03-31,1234495.0,607390,88060,220213.0,91653.0,14421,79177
2021-04-01,1145125.0,652694,104117,226364.0,95448.0,15318,85789
2021-04-02,1103476.0,660375,138113,218112.0,90189.0,15147,75312
2021-04-03,1020968.0,602032,95602,207809.0,88039.0,11630,87006
2021-04-04,1032167.0,600579,86362,184557.0,95458.0,11838,75427
2021-04-05,1229289.0,617293,84322,246987.0,90384.0,20932,67643
2021-04-06,1180036.0,621029,92902,295953.0,125369.0,28353,74676
2021-04-07,1246138.0,615252,70510,222750.0,107002.0,27409,79550
2021-04-08,1092604.0,625726,65566,216349.0,91508.0,23829,62077
2021-04-09,1222362.0,607159,79308,233232.0,95187.0,20662,73402
2021-04-10,1163952.0,688534,73538,240440.0,106777.0,18689,77398
2021-04-11,1043812.0,649887,101638,239516.0,102112.0,16323,81200
2021-04-12,1126723.0,649920,113428,264551.0,95509.0,16508,77741
2021-04-13,1178027.0,641476,116794,290980.0,128866.0,16080,70904
2021-04-14,1149773.0,662089,207589,312419.0,116399.0,17265,76456
2021-04-15,1366494.0,605799,146544,281310.0,99601.0,18329,76311
2021-04-16,933121.0,681905,297089,326655.0,151152.0,29183,91518
2021-04-17,828375.0,692901,165172,292224.0,120406.0,26453,99139
2021-04-18,1057891.0,673448,127082,281494.0,98761.0,20041,209588
2021-04-19,884672.0,716119,206527,338061.0,112298.0,20917,151635
2021-04-20,1126908.0,767283,174692,368233.0,124941.0,19897,108197
2021-04-21,918079.0,771703,103341,367658.0,100862.0,19044,196084
2021-04-22,1114976.0,768202,136410,342076.0,102856.0,21043,128940
2021-04-23,1114180.0,755129,103505,325826.0,95968.0,20444,134371
2021-04-24,1125210.0,900893,94221,291926.0,92938.0,19353,86011
2021-04-25,1026103.0,905234,72135,311413.0,89685.0,19765,88424
2021-04-26,943203.0,748796,72423,273284.0,83624.0,19168,129237
2021-04-27,1092574.0,766759,72179,334714.0,119534.0,26039,116633
2021-04-28,1113474.0,736099,91367,300749.0,83962.0,43211,101604
2021-04-29,986056.0,734353,75848,320592.0,87722.0,37965,104889
2021-04-30,1122022.0,720859,81957,324620.0,90190.0,19969,95505
2021-05-01,1040203.0,808667,89143,310024.0,96610.0,23320,92434
2021-05-02,1248724.0,772483,117965,300869.0,83603.0,22463,94351
2021-05-03,1268856.0,773107,104236,339861.0,97245.0,26062,98762
2021-05-04,1293836.0,786367,185189,360561.0,112520.0,32742,113357
2021-05-05,1208973.0,789933,206333,380890.0,121035.0,62269,115671
2021-05-06,1228892.0,773968,210472,360708.0,126860.0,63426,116073
2021-05-07,1187763.0,756547,160338,370830.0,104000.0,54690,114848
2021-05-08,1169650.0,847017,191123,325230.0,104892.0,47332,84394
2021-05-09,1234486.0,894748,242547,239048.0,89669.0,42173,91756
2021-05-10,1315147.0,857448,148855,440452.0,110024.0,43097,96668
2021-05-11,1258920.0,868387,130749,391273.0,113940.0,40911,105512
2021-05-12,1245595.0,842506,114333,358330.0,110757.0,39653,127387
2021-05-13,1187747.0,883375,121842,349050.0,99332.0,39827,111998
2021-05-14,1066269.0,809164,129910,387134.0,97132.0,42640,107608
2021-05-15,953308.0,771604,97374,353579.0,83185.0,34487,85605
2021-05-16,971649.0,749768,93419,347743.0,78978.0,33285,74326
2021-05-17,962984.0,729765,90488,361641.0,89343.0,33196,89941
2021-05-18,856695.0,690475,81920,363354.0,110110.0,34261,80730
2021-05-19,1031147.0,795909,101407,361671.0,88618.0,36778,105236
2021-05-20,943686.0,766729,84964,369554.0,76630.0,35313,101517
2021-05-21,942736.0,700299,76437,361114.0,107694.0,35245,99588
2021-05-22,918673.0,689227,65218,339342.0,92396.0,32496,90355
2021-05-23,957018.0,753755,112065,337614.0,90537.0,30745,75699
2021-05-24,975836.0,696056,69632,364314.0,103490.0,27738,90094
2021-05-25,968674.0,655006,66745,354757.0,109688.0,30755,97297
2021-05-26,933622.0,687683,64900,294188.0,105801.0,30856,100910
2021-05-27,864432.0,723157,59364,322935.0,97353.0,29623,84656
2021-05-28,972164.0,646541,57748,298184.0,96565.0,31527,82467
2021-05-29,863265.0,798571,55307,287581.0,88707.0,27484,99822
2021-05-30,990443.0,736524,72229,308183.0,84392.0,26843,73521
2021-05-31,977895.0,736541,56913,286416.0,98606.0,28725,81158
2021-06-01,914351.0,680280,58725,315596.0,110292.0,30076,99425
2021-06-02,1090605.0,650349,81793,323539.0,92379.0,31725,86631
2021-06-03,1015474.0,687298,74476,325624.0,88533.0,31568,81545
2021-06-04,907519.0,713691,82845,337923.0,94043.0,31751,84474
2021-06-05,762659.0,829614,67945,291462.0,85651.0,29345,84604
2021-06-06,737174.0,809211,61180,317398.0,59920.0,29411,77341
2021-06-07,910652.0,657176,63970,302213.0,78177.0,28820,74727
2021-06-08,998834.0,616660,62773,421304.0,105848.0,30651,86554
2021-06-09,817282.0,627838,60558,312824.0,75774.0,29405,85571
2021-06-10,948298.0,656459,57113,316692.0,75845.0,28732,82128
2021-06-11,874050.0,614211,54986,316226.0,79823.0,32153,78539
2021-06-12,1013611.0,692247,52340,305979.0,77855.0,28358,76932
2021-06-13,799859.0,673559,52144,271393.0,74150.0,26623,64293
2021-06-14,972587.0,633811,56912,308252.0,74918.0,28445,65207
2021-06-15,963054.0,626558,56488,301946.0,104200.0,26844,71362
2021-06-16,954838.0,589164,56837,307747.0,85065.0,29000,64585
2021-06-17,865333.0,585530,52898,307769.0,76775.0,27690,73839
2021-06-18,825241.0,576902,54126,315633.0,84596.0,28574,87416
2021-06-19,688095.0,578685,50698,290373.0,80254.0,29846,74516
2021-06-20,652470.0,641786,54839,288039.0,76386.0,27126,61727
2021-06-21,835557.0,643760,64955,256853.0,76774.0,27920,77375
2021-06-22,776432.0,665961,67504,328790.0,99105.0,28641,83109
2021-06-23,847730.0,629109,58681,327531.0,76383.0,29681,78333
2021-06-24,843836.0,656611,55356,308360.0,66243.0,28475,67858
2021-06-25,880813.0,631565,125710,333925.0,84084.0,28262,76529
2021-06-26,715801.0,683140,49967,292655.0,79394.0,27075,75637
2021-06-27,518219.0,709963,54897,307443.0,67407.0,27777,76129
2021-06-28,776365.0,821105,59259,316778.0,84551.0,29892,81468
2021-06-29,792995.0,677340,58970,349090.0,118596.0,32638,70235
2021-06-30,790273.0,625497,53156,306790.0,87238.0,33666,44340
2021-07-01,817115.0,616892,54102,355257.0,82977.0,32130,64457
2021-07-02,809016.0,631727,49633,321212.0,86074.0,31206,46029
2021-07-03,1027108.0,656263,47625,313910.0,67039.0,30705,46593
2021-07-04,843475.0,655655,50319,292879.0,77429.0,30155,41964
2021-07-05,902032.0,620458,103412,302563.0,75584.0,32148,52036
2021-07-06,853332.0,584335,87075,364902.0,101961.0,33842,67722
2021-07-07,811614.0,589986,52384,334250.0,79015.0,33156,62211
2021-07-08,802085.0,590368,50281,319964.0,79826.0,32198,52415
2021-07-09,818441.0,595204,48505,366974.0,78380.0,31884,55749
2021-07-10,726034.0,546313,47781,279879.0,81591.0,31090,53958
2021-07-11,690684.0,579907,60827,418840.0,83592.0,30472,88026
2021-07-12,838472.0,552707,50694,364567.0,82495.0,31522,84704
2021-07-13,807050.0,566015,46915,406953.0,100268.0,30962,52995
2021-07-14,817900.0,590372,47894,319157.0,81186.0,29566,71996
2021-07-15,828844.0,604456,49805,324506.0,73185.0,28341,69851
2021-07-16,764392.0,570153,49564,362387.0,72562.0,28118,80912
2021-07-17,640355.0,548368,50064,405402.0,76876.0,27257,56534
2021-07-18,651828.0,535035,51478,365848.0,72973.0,26654,58468
2021-07-19,845474.0,583929,47585,409484.0,78269.0,27740,63341
2021-07-20,822257.0,588417,48626,388759.0,105651.0,41973,60616
2021-07-21,815589.0,602196,51059,425729.0,82363.0,29396,67222
2021-07-22,780869.0,592395,47398,302576.0,65482.0,30086,61778
2021-07-23,803246.0,614920,46720,413524.0,59283.0,31156,60608
2021-07-24,712132.0,629545,46694,233429.0,54856.0,26755,52715
2021-07-25,641796.0,568298,46503,278957.0,54247.0,25683,54403
2021-07-26,958347.0,653888,55773,420686.0,79402.0,41977,72701
2021-07-27,903400.0,734086,47405,351958.0,121341.0,32230,62748
2021-07-28,868607.0,693819,48951,323997.0,79038.0,33063,48582
2021-07-29,880689.0,630678,47516,283349.0,82039.0,33579,42443
2021-07-30,841162.0,627398,57185,186886.0,93427.0,33244,44010
2021-07-31,720022.0,617087,51923,194325.0,93227.0,32640,41046
2021-08-01,695892.0,611381,52052,203359.0,93051.0,32401,49103
2021-08-02,899861.0,648782,51842,248383.0,85708.0,33331,53763
2021-08-03,820918.0,599206,50695,277139.0,115251.0,29626,52523
2021-08-04,842870.0,605815,49368,296478.0,88647.0,35120,41311
2021-08-05,854629.0,527821,50567,336729.0,94259.0,33817,55644
2021-08-06,894265.0,528549,52389,384931.0,120199.0,33432,51177
2021-08-07,724467.0,515005,61276,270775.0,105811.0,34150,46168
2021-08-08,740945.0,528092,63176,268736.0,96018.0,33583,36085
2021-08-09,934412.0,515126,58667,287387.0,105883.0,44016,49251
2021-08-10,875882.0,521467,55902,346845.0,117131.0,35134,46094
2021-08-11,866724.0,524068,65639,319092.0,98698.0,34175,53653
2021-08-12,842547.0,527453,58943,289582.0,107338.0,32972,42022
2021-08-13,917929.0,522903,57365,283094.0,98094.0,33468,37680
2021-08-14,724702.0,500098,59340,262055.0,116208.0,33270,31193
2021-08-15,750378.0,490026,66329,269698.0,115396.0,33740,48452
2021-08-16,978773.0,542707,70944,287613.0,110669.0,35956,61321
2021-08-17,953226.0,530632,62090,344365.0,108655.0,38217,53364
2021-08-18,876483.0,513850,59534,321408.0,82021.0,29793,46794
2021-08-19,888796.0,563049,56120,254305.0,84110.0,35774,58994
2021-08-20,984372.0,562207,64308,326013.0,106415.0,33500,53448
2021-08-21,787645.0,529227,58413,278823.0,91626.0,32277,58326
2021-08-22,715639.0,512239,58116,222686.0,84741.0,32156,42398
2021-08-23,973417.0,538782,221658,365592.0,91887.0,33962,77472
2021-08-24,945668.0,521034,60460,380085.0,107120.0,33159,70743
2021-08-25,867743.0,499357,59074,468891.0,84485.0,32775,51503
2021-08-26,818959.0,498866,55584,341153.0,90535.0,32512,45054
2021-08-27,864176.0,484938,55094,365224.0,70656.0,33122,41865
2021-08-28,726381.0,507969,56058,340148.0,88286.0,32838,51117
2021-08-29,685753.0,492973,54371,330870.0,101668.0,31022,32245
2021-08-30,910173.0,518591,56230,345026.0,96830.0,32755,49101
2021-08-31,930055.0,552052,58742,378272.0,113056.0,34377,38841
2021-09-01,954959.0,557665,55462,335748.0,92180.0,36833,45151
2021-09-02,1026339.0,567055,59744,403660.0,100290.0,35049,55976
2021-09-03,1008068.0,512274,64192,406494.0,96055.0,37779,41579
