"Date","USD","GBP","EURO"
2021-09-10,24.025,17.32,20.31
2021-09-09,24.145,17.48,20.41
2021-09-08,24.315,17.66,20.58
2021-09-07,24.245,17.58,20.42
2021-09-06,24.705,17.86,20.82
2021-09-03,24.055,17.4,20.26
2021-09-02,24.165,17.52,20.39
2021-09-01,23.92,17.38,20.24
2021-08-31,24.045,17.47,20.32
2021-08-27,23.61,17.23,20.08
2021-08-26,23.675,17.24,20.1
2021-08-25,23.755,17.32,20.22
2021-08-24,23.76,17.32,20.25
2021-08-23,23.43,17.13,19.98
2021-08-20,23.205,17.04,19.87
2021-08-19,23.34,17.05,19.96
2021-08-18,23.67,17.22,20.21
2021-08-17,23.9,17.33,20.31
2021-08-16,23.54,16.98,19.98
2021-08-13,23.385,16.94,19.9
2021-08-12,23.415,16.91,19.95
2021-08-11,23.415,16.95,19.99
2021-08-10,23.39,16.88,19.95
2021-08-09,23.84,17.17,20.28
2021-08-06,24.975,17.95,21.16
2021-08-05,25.45,18.29,21.48
2021-08-04,25.67,18.43,21.65
2021-08-03,25.46,18.27,21.42
2021-08-02,25.405,18.27,21.37
2021-07-30,25.49,18.25,21.42
2021-07-29,25.45,18.23,21.43
2021-07-28,24.795,17.86,21.01
2021-07-27,25.115,18.21,21.31
2021-07-26,25.365,18.4,21.51
2021-07-23,25.165,18.32,21.39
2021-07-22,25.07,18.22,21.26
2021-07-21,25.105,18.45,21.33
2021-07-20,25.095,18.43,21.3
2021-07-19,25.325,18.48,21.51
2021-07-16,26.105,18.91,22.12
2021-07-15,26.205,18.89,22.17
2021-07-14,26.17,18.88,22.18
2021-07-13,26.105,18.84,22.04
2021-07-12,25.925,18.71,21.88
2021-07-09,26.01,18.84,21.94
2021-07-08,26.105,18.96,22.05
2021-07-07,26.385,19.08,22.32
2021-07-06,26.61,19.21,22.47
2021-07-05,26.545,19.15,22.35
2021-07-02,26.17,19.04,22.13
2021-07-01,26.26,19.04,22.13
2021-06-30,25.765,18.59,21.68
2021-06-29,25.955,18.76,21.8
2021-06-28,26.09,18.76,21.86
2021-06-25,26.13,18.8,21.87
2021-06-24,25.99,18.63,21.76
2021-06-23,25.945,18.58,21.73
2021-06-22,25.97,18.71,21.84
2021-06-21,25.955,18.7,21.82
2021-06-18,26.385,18.98,22.14
2021-06-17,26.595,19.07,22.29
2021-06-16,27.71,19.63,22.87
2021-06-15,27.625,19.61,22.8
2021-06-14,27.73,19.66,22.88
2021-06-11,28.14,19.87,23.16
2021-06-10,27.66,19.63,22.73
2021-06-09,27.58,19.46,22.62
2021-06-08,27.715,19.6,22.76
2021-06-07,27.58,19.49,22.69
2021-06-04,27.365,19.38,22.6
2021-06-03,27.755,19.58,22.77
2021-06-02,27.745,19.65,22.79
2021-06-01,28.21,19.89,23.08
2021-05-28,27.63,19.49,22.69
2021-05-27,27.655,19.59,22.66
2021-05-26,28.12,19.84,22.98
2021-05-25,27.555,19.46,22.5
2021-05-24,27.645,19.57,22.63
2021-05-21,27.8,19.55,22.75
2021-05-20,27.74,19.63,22.74
2021-05-19,27.675,19.55,22.67
2021-05-18,28.475,20.07,23.32
2021-05-17,27.61,19.59,22.7
2021-05-14,27.23,19.35,22.48
2021-05-13,26.82,19.13,22.22
2021-05-12,27.41,19.38,22.61
2021-05-11,27.48,19.46,22.6
2021-05-10,27.735,19.68,22.8
2021-05-07,27.375,19.68,22.68
2021-05-06,26.725,19.28,22.2
2021-05-05,26.295,18.9,21.88
2021-05-04,26.825,19.33,22.34
2021-04-30,25.875,18.6,21.41
2021-04-29,26.285,18.85,21.68
2021-04-28,25.87,18.65,21.44
2021-04-27,26.285,18.9,21.76
2021-04-26,26.11,18.79,21.59
2021-04-23,26.125,18.82,21.67
2021-04-22,26.3,18.92,21.83
2021-04-21,25.91,18.59,21.57
2021-04-20,25.88,18.52,21.48
2021-04-19,26.105,18.75,21.67
2021-04-16,26.14,18.96,21.8
2021-04-15,25.585,18.59,21.39
2021-04-14,25.33,18.41,21.19
2021-04-13,24.95,18.17,20.98
2021-04-12,25.16,18.28,21.12
2021-04-09,25.225,18.39,21.23
2021-04-08,25.33,18.44,21.35
2021-04-07,24.985,18.09,21.01
2021-04-06,25.04,18.11,21.21
2021-04-01,24.315,17.65,20.72
2021-03-31,24,17.44,20.46
2021-03-30,24.34,17.7,20.75
2021-03-29,24.83,17.95,21.1
2021-03-26,25.055,18.19,21.28
2021-03-25,24.67,18.01,20.9
2021-03-24,25.195,18.37,21.29
2021-03-23,25.62,18.6,21.56
2021-03-22,25.74,18.56,21.58
2021-03-19,26.175,18.83,22
2021-03-18,26.13,18.72,21.88
2021-03-17,25.85,18.6,21.73
2021-03-16,26.08,18.81,21.83
2021-03-15,26.1,18.77,21.89
2021-03-12,25.475,18.35,21.38
2021-03-11,26.25,18.81,21.95
2021-03-10,25.645,18.49,21.57
2021-03-09,25.755,18.56,21.64
2021-03-08,25.155,18.18,21.2
2021-03-05,25.355,18.35,21.25
2021-03-04,25.955,18.62,21.57
2021-03-03,26.585,19.06,22.04
2021-03-02,26.26,18.86,21.83
2021-03-01,26.89,19.29,22.33
2021-02-26,26.685,19.17,22.04
2021-02-25,27.925,19.75,22.84
2021-02-24,27.745,19.63,22.81
2021-02-23,27.965,19.85,23.01
2021-02-22,27.445,19.57,22.61
2021-02-19,26.95,19.25,22.2
2021-02-18,27.165,19.49,22.51
2021-02-17,27.115,19.56,22.48
2021-02-16,27.575,19.8,22.67
2021-02-15,27.57,19.83,22.73
2021-02-12,27.07,19.64,22.36
2021-02-11,27.125,19.62,22.36
2021-02-10,27.23,19.68,22.46
2021-02-09,27.635,20.06,22.83
2021-02-08,27.18,19.87,22.59
2021-02-05,26.53,19.38,22.14
2021-02-04,26.4,19.43,22.01
2021-02-03,26.8,19.67,22.31
2021-02-02,27.325,19.99,22.72
2021-02-01,29.585,21.58,24.48
2021-01-29,27.415,19.99,22.6
2021-01-28,25.205,18.48,20.83
2021-01-27,25.185,18.37,20.79
2021-01-26,25.4,18.58,20.93
2021-01-25,25.635,18.73,21.09
2021-01-22,25.32,18.53,20.79
2021-01-21,25.865,18.85,21.3
2021-01-20,25.295,18.49,20.88
2021-01-19,25.295,18.58,20.86
2021-01-18,24.865,18.35,20.61
2021-01-15,25.245,18.51,20.82
2021-01-14,25.25,18.5,20.78
2021-01-13,25.335,18.53,20.83
2021-01-12,25.525,18.78,21
2021-01-11,25.02,18.55,20.56
2021-01-08,26.645,19.6,21.75
2021-01-07,27.13,20,22.14
2021-01-06,27.525,20.17,22.31
2021-01-05,27.51,20.24,22.4
2021-01-04,27.27,19.95,22.19
2020-12-31,26.485,19.41,21.58
2020-12-30,26.305,19.33,21.43
2020-12-29,26.15,19.36,21.35
2020-12-24,25.78,18.97,21.14
2020-12-23,25.315,18.86,20.77
2020-12-22,25.77,19.22,21.05
2020-12-21,26.155,19.71,21.51
2020-12-18,25.815,19.08,21.07
2020-12-17,25.74,18.91,21.03
2020-12-16,25.13,18.57,20.61
2020-12-15,24.215,18.1,19.91
2020-12-14,23.855,17.77,19.62
2020-12-11,23.815,18.06,19.65
2020-12-10,23.885,18.02,19.76
2020-12-09,24.085,17.9,19.88
2020-12-08,24.475,18.38,20.21
2020-12-07,23.75,17.91,19.61
2020-12-04,24.225,17.99,19.91
2020-12-03,24.17,18,19.94
2020-12-02,23.98,17.98,19.9
2020-12-01,23.535,17.66,19.66
2020-11-30,22.15,16.58,18.48
2020-11-27,23.135,17.37,19.4
2020-11-26,23.36,17.49,19.62
2020-11-25,23.41,17.57,19.7
2020-11-24,23.155,17.36,19.51
2020-11-23,23.905,17.88,20.08
2020-11-20,24.165,18.2,20.35
2020-11-19,23.98,18.09,20.26
2020-11-18,24.315,18.31,20.48
2020-11-17,24.63,18.56,20.74
2020-11-16,24.265,18.37,20.5
2020-11-13,24.245,18.41,20.52
2020-11-12,24.215,18.4,20.5
2020-11-11,24.21,18.25,20.57
2020-11-10,24.195,18.25,20.5
2020-11-09,25.105,19.1,21.14
2020-11-06,25.78,19.62,21.7
2020-11-05,24.57,18.8,20.81
2020-11-04,23.975,18.41,20.48
2020-11-03,24.17,18.6,20.64
2020-11-02,23.975,18.56,20.58
2020-10-30,23.625,18.19,20.24
2020-10-29,23.015,17.78,19.66
2020-10-28,23.925,18.47,20.39
2020-10-27,24.435,18.71,20.65
2020-10-26,24.28,18.6,20.54
2020-10-23,24.76,18.94,20.9
2020-10-22,24.915,19.02,21.06
2020-10-21,25.02,19.15,21.1
2020-10-20,24.63,19.01,20.85
2020-10-19,24.84,19.11,21.11
2020-10-16,24.36,18.9,20.79
2020-10-15,23.935,18.48,20.42
2020-10-14,24.175,18.67,20.6
2020-10-13,24.935,19.1,21.15
2020-10-12,25.06,19.26,21.25
2020-10-09,24.315,18.8,20.6
2020-10-08,23.96,18.58,20.38
2020-10-07,23.53,18.29,20.01
2020-10-06,24.3,18.79,20.64
2020-10-05,23.915,18.48,20.35
2020-10-02,23.865,18.48,20.38
2020-10-01,23.62,18.4,20.11
2020-09-30,23.725,18.5,20.26
2020-09-29,23.835,18.53,20.38
2020-09-28,22.89,17.74,19.63
2020-09-25,22.63,17.81,19.43
2020-09-24,22.22,17.42,19.08
2020-09-23,23.595,18.55,20.15
2020-09-22,24.3,18.9,20.67
2020-09-21,26.36,20.5,22.37
2020-09-18,27.06,20.84,22.85
2020-09-17,26.745,20.62,22.67
2020-09-16,27.38,21.12,23.07
2020-09-15,27.545,21.33,23.15
2020-09-14,26.885,20.88,22.64
2020-09-11,26.875,20.95,22.66
2020-09-10,27.105,20.81,22.9
2020-09-09,26.535,20.52,22.57
2020-09-08,26.675,20.42,22.61
2020-09-07,26.83,20.4,22.7
2020-09-04,26.815,20.19,22.63
2020-09-03,26.9,20.3,22.77
2020-09-02,27.705,20.73,23.36
2020-09-01,28.885,21.44,24.09
2020-08-28,27.35,20.56,22.98
2020-08-27,27.245,20.67,23.08
2020-08-26,26.395,20.07,22.35
2020-08-25,26.495,20.18,22.4
2020-08-24,26.885,20.49,22.72
2020-08-21,26.85,20.43,22.77
2020-08-20,26.915,20.51,22.74
2020-08-19,27.44,20.76,22.99
2020-08-18,28.325,21.52,23.8
2020-08-17,26.915,20.56,22.71
2020-08-14,26.705,20.38,22.61
2020-08-13,26.25,20.03,22.16
2020-08-12,25.81,19.79,21.92
2020-08-11,28.28,21.61,23.99
2020-08-10,28.27,21.7,24.06
2020-08-07,28.33,21.66,23.96
2020-08-06,27.885,21.17,23.55
2020-08-05,26.945,20.53,22.77
2020-08-04,24.33,18.67,20.68
2020-08-03,24.23,18.62,20.66
2020-07-31,24.07,18.32,20.32
2020-07-30,23.16,17.79,19.71
2020-07-29,24.335,18.77,20.72
2020-07-28,23.545,18.28,20.06
2020-07-27,24.375,18.94,20.79
2020-07-24,22.475,17.64,19.4
2020-07-23,22.86,17.99,19.74
2020-07-22,22.245,17.52,19.22
2020-07-21,20.555,16.19,17.97
2020-07-20,19.44,15.42,16.97
2020-07-17,19.16,15.27,16.77
2020-07-16,19.245,15.36,16.89
2020-07-15,19.33,15.31,16.89
2020-07-14,18.895,15.09,16.62
2020-07-13,19.095,15.15,16.85
2020-07-10,18.77,14.88,16.62
2020-07-09,18.835,14.9,16.63
2020-07-08,18.485,14.75,16.39
2020-07-07,18.02,14.42,15.98
2020-07-06,18.255,14.61,16.16
2020-07-03,18.02,14.47,16.04
2020-07-02,17.925,14.33,15.89
2020-07-01,18.22,14.69,16.26
2020-06-30,17.845,14.55,15.92
2020-06-29,17.905,14.53,15.86
2020-06-26,17.83,14.36,15.88
2020-06-25,17.53,14.09,15.64
2020-06-24,17.855,14.26,15.79
2020-06-23,17.81,14.3,15.78
2020-06-22,17.86,14.42,15.93
2020-06-19,17.525,14.15,15.64
2020-06-18,17.615,14.08,15.65
2020-06-17,17.47,13.9,15.54
2020-06-16,17.41,13.76,15.39
2020-06-15,17.085,13.66,15.19
2020-06-12,17.625,13.97,15.6
2020-06-11,17.875,14.09,15.72
2020-06-10,17.715,13.87,15.59
2020-06-09,17.63,13.95,15.63
2020-06-08,17.63,13.95,15.64
2020-06-05,17.58,13.9,15.51
2020-06-04,17.75,14.16,15.84
2020-06-03,17.86,14.19,15.94
2020-06-02,18.27,14.55,16.36
2020-06-01,18.16,14.66,16.35
2020-05-29,17.59,14.28,15.8
2020-05-28,17.34,14.17,15.75
2020-05-27,17.19,13.94,15.6
2020-05-26,17.3,14.06,15.79
2020-05-22,17,13.95,15.59
2020-05-21,17.205,14.07,15.66
2020-05-20,17.47,14.24,15.95
2020-05-19,17.12,13.98,15.61
2020-05-18,17.35,14.31,16.05
2020-05-15,16.25,13.32,15.03
2020-05-14,15.53,12.73,14.39
2020-05-13,15.56,12.65,14.32
2020-05-12,15.485,12.54,14.29
2020-05-11,15.445,12.54,14.28
2020-05-07,14.98,12.11,13.88
2020-05-06,15.075,12.18,13.95
2020-05-05,14.75,11.85,13.61
2020-05-04,14.93,12.03,13.66
2020-05-01,14.845,11.83,13.52
2020-04-30,15.335,12.26,14.1
2020-04-29,15.165,12.24,13.98
2020-04-28,15.145,12.12,13.92
2020-04-27,15.205,12.21,14.01
2020-04-24,15.315,12.4,14.2
2020-04-23,15.305,12.38,14.2
2020-04-22,14.91,12.06,13.71
2020-04-21,14.97,12.14,13.82
2020-04-20,15.15,12.15,13.94
2020-04-17,15.16,12.18,13.99
2020-04-16,15.5,12.41,14.25
2020-04-15,15.57,12.45,14.28
2020-04-14,15.51,12.36,14.17
2020-04-09,15.175,12.2,13.97
2020-04-08,15.065,12.21,13.86
2020-04-07,15.075,12.27,13.86
2020-04-06,14.555,11.82,13.47
2020-04-03,14.39,11.73,13.32
2020-04-02,14.175,11.39,12.98
2020-04-01,14.015,11.32,12.81
2020-03-31,13.93,11.27,12.73
2020-03-30,14.055,11.32,12.7
2020-03-27,14.315,11.71,13.01
2020-03-26,14.415,12.05,13.15
2020-03-25,13.965,11.75,12.92
2020-03-24,13.625,11.61,12.55
2020-03-23,12.51,10.84,11.68
2020-03-20,12.63,10.75,11.8
2020-03-19,12.005,10.41,11.17
2020-03-18,12.42,10.43,11.32
2020-03-17,12.44,10.28,11.31
2020-03-16,12.965,10.53,11.58
2020-03-13,15.77,12.6,14.14
2020-03-12,16.525,12.98,14.71
2020-03-11,17.02,13.18,15.02
2020-03-10,17.07,13.09,15.03
2020-03-09,16.885,12.89,14.78
2020-03-06,17.48,13.44,15.43
2020-03-05,17.2,13.31,15.38
2020-03-04,17.25,13.48,15.47
2020-03-03,16.81,13.15,15.13
2020-03-02,16.915,13.24,15.21
2020-02-28,17.185,13.34,15.63
2020-02-27,18.05,14.03,16.49
2020-02-26,18.075,13.97,16.6
2020-02-25,18.33,14.14,16.91
2020-02-24,18.775,14.56,17.36
2020-02-21,18.56,14.34,17.18
2020-02-20,18.385,14.28,17.03
2020-02-19,18.345,14.13,17
2020-02-18,17.885,13.72,16.52
2020-02-17,17.8,13.68,16.42
2020-02-14,17.705,13.59,16.34
2020-02-13,17.64,13.59,16.25
2020-02-12,17.56,13.52,16.09
2020-02-11,17.705,13.69,16.22
2020-02-10,17.785,13.76,16.24
2020-02-07,17.77,13.74,16.23
2020-02-06,17.765,13.71,16.15
2020-02-05,17.62,13.5,15.98
2020-02-04,17.73,13.62,16.04
2020-02-03,17.77,13.61,16.06
2020-01-31,17.885,13.62,16.21
2020-01-30,17.725,13.55,16.08
2020-01-29,17.47,13.42,15.88
2020-01-28,17.975,13.81,16.33
2020-01-27,18.295,13.98,16.6
2020-01-24,17.83,13.63,16.16
2020-01-23,17.6,13.41,15.87
2020-01-22,17.77,13.57,16.04
2020-01-21,17.985,13.77,16.2
2020-01-20,18.055,13.9,16.29
2020-01-17,18.06,13.85,16.25
2020-01-16,18.01,13.79,16.14
2020-01-15,17.85,13.72,16.01
2020-01-14,17.77,13.67,15.97
2020-01-13,17.985,13.87,16.17
2020-01-10,17.915,13.7,16.15
2020-01-09,17.91,13.76,16.13
2020-01-08,18.42,14.05,16.55
2020-01-07,18.145,13.8,16.23
2020-01-06,18.44,14.02,16.46
2020-01-03,18.21,13.95,16.36
2020-01-02,17.925,13.58,16.02
2019-12-31,18.045,13.66,16.07
2019-12-30,17.825,13.58,15.93
2019-12-27,17.825,13.62,15.99
2019-12-24,17.585,13.58,15.88
2019-12-23,17.375,13.38,15.68
2019-12-20,17.035,13.09,15.35
2019-12-19,16.94,12.95,15.22
2019-12-18,16.995,12.98,15.27
2019-12-17,17.06,12.92,15.29
2019-12-16,17.02,12.73,15.27
2019-12-13,16.935,12.65,15.15
2019-12-12,16.865,12.8,15.15
2019-12-11,16.66,12.67,15.04
2019-12-10,16.675,12.66,15.04
2019-12-09,16.62,12.61,15.01
2019-12-06,16.94,12.9,15.27
2019-12-05,16.87,12.84,15.21
2019-12-04,17.13,13.12,15.48
2019-12-03,17.01,13.09,15.36
2019-12-02,16.875,13.07,15.33
2019-11-29,16.965,13.15,15.43
2019-11-28,16.945,13.12,15.4
2019-11-27,17.055,13.23,15.49
2019-11-26,16.935,13.15,15.37
2019-11-25,16.87,13.11,15.31
2019-11-22,17.175,13.34,15.52
2019-11-21,17.09,13.19,15.42
2019-11-20,17.115,13.27,15.48
2019-11-19,17.125,13.24,15.46
2019-11-18,16.795,12.97,15.18
2019-11-15,16.87,13.1,15.29
2019-11-14,17.035,13.27,15.5
2019-11-13,16.95,13.21,15.4
2019-11-12,16.735,13.04,15.19
2019-11-11,16.88,13.16,15.31
2019-11-08,16.81,13.13,15.24
2019-11-07,17.53,13.66,15.83
2019-11-06,17.54,13.61,15.83
2019-11-05,18.045,13.98,16.23
2019-11-04,18.185,14.07,16.29
2019-11-01,18.12,13.98,16.24
2019-10-31,18.055,13.93,16.19
2019-10-30,17.955,13.92,16.15
2019-10-29,17.66,13.74,15.93
2019-10-28,18.055,14.06,16.27
2019-10-25,18.125,14.12,16.31
2019-10-24,17.53,13.6,15.75
2019-10-23,17.535,13.64,15.79
2019-10-22,17.625,13.61,15.82
2019-10-21,17.725,13.66,15.88
2019-10-18,17.435,13.53,15.66
2019-10-17,17.45,13.55,15.7
2019-10-16,17.255,13.52,15.65
2019-10-15,17.67,13.97,16.04
2019-10-14,17.605,14.02,15.96
2019-10-11,17.6,14.01,15.95
2019-10-10,17.75,14.49,16.1
2019-10-09,17.78,14.54,16.19
2019-10-08,17.555,14.37,15.97
2019-10-07,17.425,14.14,15.87
2019-10-04,17.605,14.27,16.02
2019-10-03,17.6,14.32,16.06
2019-10-02,17.26,14.09,15.8
2019-10-01,17.11,13.91,15.69
2019-09-30,17.255,14.03,15.8
2019-09-27,17.52,14.24,16.02
2019-09-26,17.97,14.56,16.44
2019-09-25,18.57,14.96,16.89
2019-09-24,18.56,14.91,16.89
2019-09-23,18.38,14.79,16.73
2019-09-20,17.88,14.3,16.19
2019-09-19,17.755,14.26,16.05
2019-09-18,17.85,14.32,16.16
2019-09-17,17.84,14.38,16.18
2019-09-16,17.835,14.32,16.16
2019-09-13,18.145,14.57,16.36
2019-09-12,18.19,14.77,16.5
2019-09-11,18.165,14.7,16.5
2019-09-10,17.99,14.58,16.3
2019-09-09,18.17,14.68,16.48
2019-09-06,18.145,14.75,16.45
2019-09-05,19.22,15.58,17.38
2019-09-04,19.305,15.81,17.52
2019-09-03,18.475,15.36,16.89
2019-09-02,18.35,15.2,16.73
2019-08-30,18.385,15.1,16.65
2019-08-29,18.48,15.15,16.69
2019-08-28,18.365,15.05,16.56
2019-08-27,17.725,14.46,15.96
2019-08-23,17.05,13.96,15.42
2019-08-22,16.96,13.97,15.32
2019-08-21,17.11,14.11,15.41
2019-08-20,17.02,14.1,15.36
2019-08-19,16.925,13.96,15.24
2019-08-16,17.16,14.11,15.49
2019-08-15,17.29,14.3,15.5
2019-08-14,17.115,14.15,15.31
2019-08-13,17.445,14.44,15.55
2019-08-12,16.955,14.02,15.14
2019-08-09,17,14.07,15.18
2019-08-08,17.02,14.01,15.2
2019-08-07,16.82,13.86,15.04
2019-08-06,16.385,13.45,14.63
2019-08-05,16.485,13.55,14.76
2019-08-02,16.195,13.37,14.59
2019-08-01,16.005,13.22,14.51
2019-07-31,16.475,13.54,14.78
2019-07-30,16.455,13.52,14.76
2019-07-29,16.39,13.31,14.73
2019-07-26,16.44,13.23,14.77
2019-07-25,16.535,13.23,14.84
2019-07-24,16.535,13.21,14.83
2019-07-23,16.43,13.18,14.7
2019-07-22,16.385,13.14,14.6
2019-07-19,16.315,13.01,14.52
2019-07-18,16.03,12.85,14.3
2019-07-17,15.61,12.58,13.92
2019-07-16,15.395,12.4,13.72
2019-07-15,15.32,12.21,13.59
2019-07-12,15.14,12.08,13.45
2019-07-11,15.265,12.15,13.54
2019-07-10,15.095,12.11,13.46
2019-07-09,15.025,12.05,13.41
2019-07-08,15.07,12.03,13.44
2019-07-05,15.21,12.12,13.51
2019-07-04,15.28,12.15,13.54
2019-07-03,15.31,12.18,13.55
2019-07-02,15.17,12.01,13.43
2019-07-01,15.26,12.08,13.46
2019-06-28,15.22,12,13.37
2019-06-27,15.25,11.99,13.4
2019-06-26,15.255,12.02,13.42
2019-06-25,15.4,12.08,13.53
2019-06-24,15.37,12.06,13.49
2019-06-21,15.29,12.08,13.52
2019-06-20,15.33,12.07,13.56
2019-06-19,14.945,11.87,13.34
2019-06-18,14.895,11.88,13.3
2019-06-17,14.78,11.73,13.17
2019-06-14,15.025,11.89,13.35
2019-06-13,14.795,11.68,13.11
2019-06-12,14.79,11.61,13.07
2019-06-11,14.695,11.57,12.99
2019-06-10,14.745,11.63,13.04
2019-06-07,14.91,11.73,13.24
2019-06-06,14.955,11.78,13.31
2019-06-05,14.84,11.68,13.18
2019-06-04,14.72,11.6,13.08
2019-06-03,14.705,11.63,13.15
2019-05-31,14.48,11.51,12.99
2019-05-30,14.4,11.4,12.93
2019-05-29,14.375,11.37,12.89
2019-05-28,14.48,11.42,12.94
2019-05-24,14.55,11.46,13.01
2019-05-23,14.48,11.45,13
2019-05-22,14.435,11.4,12.92
2019-05-21,14.43,11.37,12.95
2019-05-20,14.415,11.31,12.92
2019-05-17,14.48,11.35,12.97
2019-05-16,14.795,11.54,13.2
2019-05-15,14.815,11.48,13.24
2019-05-14,14.755,11.39,13.14
2019-05-13,14.66,11.26,13.05
2019-05-10,14.795,11.36,13.17
2019-05-09,14.82,11.41,13.24
2019-05-08,14.93,11.47,13.33
2019-05-07,14.83,11.33,13.25
2019-05-03,14.655,11.28,13.14
2019-05-02,14.675,11.23,13.1
2019-05-01,14.88,11.39,13.24
2019-04-30,14.985,11.52,13.37
2019-04-29,14.97,11.58,13.42
2019-04-26,15,11.62,13.47
2019-04-25,14.865,11.55,13.36
2019-04-24,14.805,11.44,13.21
2019-04-23,14.975,11.51,13.31
2019-04-18,14.955,11.5,13.29
2019-04-17,15,11.49,13.27
2019-04-16,14.945,11.42,13.22
2019-04-15,14.935,11.39,13.2
2019-04-12,15.065,11.51,13.31
2019-04-11,15.16,11.58,13.44
2019-04-10,15.245,11.65,13.52
2019-04-09,15.255,11.66,13.53
2019-04-08,15.14,11.6,13.47
2019-04-05,15.195,11.63,13.53
2019-04-04,15.085,11.48,13.44
2019-04-03,15.165,11.51,13.49
2019-04-02,15.025,11.51,13.42
2019-04-01,15.07,11.5,13.42
2019-03-29,15.1,11.52,13.45
2019-03-28,15.195,11.58,13.53
2019-03-27,15.4,11.65,13.65
2019-03-26,15.44,11.66,13.65
2019-03-25,15.525,11.77,13.72
2019-03-22,15.46,11.75,13.68
2019-03-21,15.54,11.85,13.64
2019-03-20,15.32,11.58,13.49
2019-03-19,15.41,11.61,13.57
2019-03-18,15.38,11.6,13.54
2019-03-15,15.355,11.58,13.56
2019-03-14,15.235,11.52,13.48
2019-03-13,15.52,11.8,13.73
2019-03-12,15.445,11.83,13.72
2019-03-11,15.295,11.74,13.6
2019-03-08,15.115,11.56,13.48
2019-03-07,15.075,11.47,13.33
2019-03-06,15.095,11.49,13.36
2019-03-05,15.11,11.47,13.33
2019-03-04,15.16,11.5,13.38
2019-03-01,15.56,11.75,13.67
2019-02-28,15.815,11.89,13.85
2019-02-27,15.86,11.91,13.92
2019-02-26,15.83,11.98,13.93
2019-02-25,15.955,12.19,14.04
2019-02-22,15.87,12.2,14
2019-02-21,15.91,12.19,14.02
2019-02-20,16.035,12.31,14.15
2019-02-19,15.78,12.22,13.99
2019-02-18,15.765,12.19,13.91
2019-02-15,15.675,12.23,13.9
2019-02-14,15.58,12.17,13.83
2019-02-13,15.695,12.13,13.85
2019-02-12,15.81,12.3,14.01
2019-02-11,15.705,12.16,13.88
2019-02-08,15.78,12.18,13.92
2019-02-07,15.71,12.2,13.87
2019-02-06,15.73,12.15,13.82
2019-02-05,15.865,12.19,13.89
2019-02-04,15.745,12.05,13.75
2019-02-01,16.01,12.26,13.96
2019-01-31,16.075,12.24,13.99
2019-01-30,15.915,12.15,13.92
2019-01-29,15.855,12.05,13.87
2019-01-28,15.685,11.93,13.75
2019-01-25,15.375,11.74,13.55
2019-01-24,15.3,11.75,13.48
2019-01-23,15.385,11.8,13.54
2019-01-22,15.26,11.84,13.44
2019-01-21,15.26,11.86,13.42
2019-01-18,15.47,11.96,13.56
2019-01-17,15.575,12.08,13.66
2019-01-16,15.54,12.09,13.66
2019-01-15,15.6,12.13,13.65
2019-01-14,15.615,12.13,13.61
2019-01-11,15.68,12.23,13.6
2019-01-10,15.705,12.33,13.63
2019-01-09,15.62,12.27,13.64
2019-01-08,15.64,12.24,13.64
2019-01-07,15.75,12.35,13.77
2019-01-04,15.705,12.4,13.76
2019-01-03,15.535,12.37,13.7
2019-01-02,15.44,12.19,13.51
2018-12-31,15.465,12.11,13.51
2018-12-28,15.295,12.05,13.34
2018-12-27,15.055,11.92,13.22
2018-12-24,14.675,11.6,12.88
2018-12-21,14.69,11.59,12.86
2018-12-20,14.77,11.64,12.88
2018-12-19,14.645,11.58,12.84
2018-12-18,14.655,11.55,12.86
2018-12-17,14.6,11.55,12.86
2018-12-14,14.58,11.61,12.92
2018-12-13,14.68,11.6,12.9
2018-12-12,14.655,11.68,12.93
2018-12-11,14.64,11.62,12.85
2018-12-10,14.53,11.48,12.73
2018-12-07,14.485,11.34,12.73
2018-12-06,14.38,11.28,12.68
2018-12-05,14.48,11.34,12.75
2018-12-04,14.545,11.35,12.77
2018-12-03,14.385,11.31,12.69
2018-11-30,14.235,11.16,12.52
2018-11-29,14.265,11.17,12.55
2018-11-28,14.15,11.06,12.54
2018-11-27,14.275,11.2,12.61
2018-11-26,14.38,11.18,12.65
2018-11-23,14.255,11.12,12.56
2018-11-22,14.52,11.26,12.72
2018-11-21,14.42,11.26,12.65
2018-11-20,14.44,11.24,12.63
2018-11-19,14.36,11.21,12.57
2018-11-16,14.285,11.15,12.61
2018-11-15,14.13,11.02,12.49
2018-11-14,13.97,10.8,12.39
2018-11-13,14.02,10.85,12.46
2018-11-12,14.16,11,12.57
2018-11-09,14.34,11.01,12.63
2018-11-08,14.49,11.06,12.7
2018-11-07,14.67,11.15,12.77
2018-11-06,14.7,11.25,12.89
2018-11-05,14.735,11.33,12.96
2018-11-02,14.82,11.38,12.95
2018-11-01,14.45,11.19,12.68
2018-10-31,14.34,11.23,12.64
2018-10-30,14.425,11.32,12.71
2018-10-29,14.65,11.42,12.86
2018-10-26,14.69,11.48,12.94
2018-10-25,14.74,11.43,12.92
2018-10-24,14.745,11.42,12.92
2018-10-23,14.715,11.33,12.83
2018-10-22,14.63,11.23,12.72
2018-10-19,14.61,11.21,12.75
2018-10-18,14.515,11.06,12.6
2018-10-17,14.65,11.16,12.69
2018-10-16,14.755,11.16,12.74
2018-10-15,14.74,11.19,12.71
2018-10-12,14.6,11.04,12.6
2018-10-11,14.4,10.9,12.45
2018-10-10,14.375,10.92,12.5
2018-10-09,14.325,10.98,12.51
2018-10-08,14.465,11.1,12.61
2018-10-05,14.635,11.23,12.73
2018-10-04,14.63,11.27,12.72
2018-10-03,14.735,11.36,12.75
2018-10-02,14.505,11.2,12.59
2018-10-01,14.55,11.16,12.53
2018-09-28,14.305,10.97,12.35
2018-09-27,14.42,10.98,12.31
2018-09-26,14.475,11.01,12.32
2018-09-25,14.29,10.86,12.15
2018-09-24,14.315,10.9,12.17
2018-09-21,14.33,10.87,12.18
2018-09-20,14.23,10.75,12.14
2018-09-19,14.185,10.76,12.13
2018-09-18,14.21,10.81,12.16
2018-09-17,14.17,10.81,12.15
2018-09-14,14.215,10.83,12.15
2018-09-13,14.225,10.9,12.24
2018-09-12,14.155,10.9,12.22
2018-09-11,14.125,10.85,12.19
2018-09-10,14.215,10.99,12.28
2018-09-07,14.185,10.9,12.2
2018-09-06,14.265,11.03,12.27
2018-09-05,14.17,11.05,12.22
2018-09-04,14.25,11.11,12.33
2018-09-03,14.525,11.27,12.5
2018-08-31,14.655,11.27,12.56
2018-08-30,14.665,11.27,12.54
2018-08-29,14.69,11.4,12.6
2018-08-28,14.9,11.56,12.74
2018-08-24,14.62,11.37,12.63
2018-08-23,14.625,11.34,12.62
2018-08-22,14.81,11.49,12.77
2018-08-21,14.785,11.52,12.83
2018-08-20,14.755,11.57,12.93
2018-08-17,14.66,11.54,12.87
2018-08-16,14.605,11.51,12.85
2018-08-15,14.825,11.66,13.1
2018-08-14,15.035,11.77,13.18
2018-08-13,15.185,11.91,13.35
2018-08-10,15.375,12.04,13.41
2018-08-09,15.48,12.01,13.35
2018-08-08,15.345,11.93,13.24
2018-08-07,15.465,11.93,13.34
2018-08-06,15.345,11.86,13.3
2018-08-03,15.36,11.81,13.26
2018-08-02,15.45,11.78,13.29
2018-08-01,15.475,11.79,13.24
2018-07-31,15.43,11.72,13.15
2018-07-30,15.49,11.81,13.25
2018-07-27,15.355,11.72,13.2
2018-07-26,15.535,11.79,13.27
2018-07-25,15.565,11.83,13.31
2018-07-24,15.51,11.81,13.24
2018-07-23,15.485,11.78,13.22
2018-07-20,15.37,11.79,13.19
2018-07-19,15.26,11.75,13.16
2018-07-18,15.44,11.85,13.29
2018-07-17,15.77,11.91,13.46
2018-07-16,15.81,11.9,13.49
2018-07-13,15.81,12.04,13.6
2018-07-12,15.84,12,13.58
2018-07-11,15.915,12.02,13.59
2018-07-10,15.93,12.04,13.61
2018-07-09,16.205,12.15,13.76
2018-07-06,15.995,12.09,13.66
2018-07-05,15.95,12.04,13.65
2018-07-04,16.045,12.15,13.78
2018-07-03,15.93,12.08,13.68
2018-07-02,15.98,12.14,13.73
2018-06-29,16.03,12.2,13.77
2018-06-28,16.11,12.3,13.9
2018-06-27,16.21,12.27,13.93
2018-06-26,16.225,12.25,13.9
2018-06-25,16.375,12.35,14.05
2018-06-22,16.425,12.35,14.11
2018-06-21,16.245,12.33,14.07
2018-06-20,16.285,12.38,14.09
2018-06-19,16.355,12.42,14.16
2018-06-18,16.605,12.53,14.29
2018-06-15,17.225,12.96,14.86
2018-06-14,17.125,12.75,14.48
2018-06-13,16.905,12.68,14.37
2018-06-12,16.855,12.58,14.3
2018-06-11,16.76,12.55,14.23
2018-06-08,16.72,12.49,14.25
2018-06-07,16.745,12.44,14.15
2018-06-06,16.545,12.33,14.06
2018-06-05,16.385,12.26,14.03
2018-06-04,16.44,12.29,14.03
2018-06-01,16.42,12.32,14.02
2018-05-31,16.55,12.42,14.17
2018-05-30,16.37,12.33,14.08
2018-05-29,16.475,12.43,14.26
2018-05-25,16.67,12.49,14.24
2018-05-24,16.51,12.32,14.09
2018-05-23,16.53,12.38,14.11
2018-05-22,16.58,12.32,14.04
2018-05-21,16.34,12.19,13.91
2018-05-18,16.39,12.16,13.92
2018-05-17,16.385,12.14,13.9
2018-05-16,16.255,12.07,13.79
2018-05-15,16.41,12.12,13.77
2018-05-14,16.645,12.25,13.89
2018-05-11,16.76,12.35,14.04
2018-05-10,16.6,12.24,13.97
2018-05-09,16.44,12.12,13.84
2018-05-08,16.445,12.17,13.85
2018-05-04,16.415,12.1,13.72
2018-05-03,16.465,12.12,13.74
2018-05-02,16.35,11.98,13.62
2018-05-01,16.25,11.87,13.51
2018-04-30,16.38,11.93,13.54
2018-04-27,16.53,12.01,13.68
2018-04-26,16.575,11.87,13.61
2018-04-25,16.565,11.87,13.57
2018-04-24,16.595,11.9,13.59
2018-04-23,16.935,12.14,13.85
2018-04-20,17.11,12.15,13.91
2018-04-19,17.195,12.09,13.91
2018-04-18,16.945,11.93,13.7
2018-04-17,16.625,11.6,13.44
2018-04-16,16.6,11.61,13.42
2018-04-13,16.505,11.57,13.4
2018-04-12,16.655,11.74,13.5
2018-04-11,16.565,11.67,13.39
2018-04-10,16.49,11.65,13.38
2018-04-09,16.34,11.59,13.32
2018-04-06,16.275,11.61,13.3
2018-04-05,16.305,11.59,13.28
2018-04-04,16.46,11.72,13.4
2018-04-03,16.52,11.78,13.44
2018-03-29,16.28,11.58,13.21
2018-03-28,16.455,11.63,13.28
2018-03-27,16.64,11.79,13.41
2018-03-26,16.61,11.67,13.39
2018-03-23,16.53,11.7,13.39
2018-03-22,16.52,11.64,13.41
2018-03-21,16.245,11.56,13.23
2018-03-20,16.25,11.6,13.22
2018-03-19,16.285,11.59,13.24
2018-03-16,16.475,11.79,13.36
2018-03-15,16.52,11.86,13.37
2018-03-14,16.605,11.88,13.42
2018-03-13,16.51,11.88,13.38
2018-03-12,16.455,11.88,13.39
2018-03-09,16.485,11.92,13.4
2018-03-08,16.48,11.89,13.31
2018-03-07,16.645,12.01,13.42
2018-03-06,16.62,11.96,13.41
2018-03-05,16.51,11.95,13.42
2018-03-02,16.445,11.92,13.36
2018-03-01,16.315,11.87,13.39
2018-02-28,16.44,11.88,13.45
2018-02-27,16.61,11.91,13.48
2018-02-26,16.67,11.88,13.52
2018-02-23,16.61,11.88,13.5
2018-02-22,16.465,11.86,13.4
2018-02-21,16.435,11.8,13.35
2018-02-20,16.57,11.85,13.42
2018-02-19,16.72,11.92,13.46
2018-02-16,16.835,11.97,13.49
2018-02-15,16.825,11.98,13.49
2018-02-14,16.58,11.97,13.43
2018-02-13,16.605,11.94,13.46
2018-02-12,16.425,11.86,13.39
2018-02-09,16.355,11.83,13.37
2018-02-08,16.345,11.7,13.36
2018-02-07,16.69,12.02,13.52
2018-02-06,16.805,12.07,13.59
2018-02-05,16.875,12.01,13.56
2018-02-02,17.135,12.05,13.72
2018-02-01,17.19,12.09,13.82
2018-01-31,17.23,12.17,13.84
2018-01-30,17.295,12.24,13.91
2018-01-29,17.335,12.33,13.99
2018-01-26,17.4,12.21,13.99
2018-01-25,17.52,12.29,14.12
2018-01-24,17.19,12.16,13.93
2018-01-23,16.98,12.19,13.87
2018-01-22,17.035,12.25,13.9
2018-01-19,17.04,12.27,13.89
2018-01-18,17.09,12.31,13.96
2018-01-17,17.21,12.49,14.1
2018-01-16,17.095,12.43,13.99
2018-01-15,17.325,12.58,14.14
2018-01-12,17.12,12.56,14.12
2018-01-11,17.01,12.64,14.24
2018-01-10,17.135,12.64,14.27
2018-01-09,17.055,12.6,14.3
2018-01-08,17.17,12.68,14.33
2018-01-05,17.155,12.66,14.24
2018-01-04,17.13,12.64,14.2
2018-01-03,17.125,12.63,14.25
2018-01-02,17.06,12.59,14.15
2017-12-29,16.865,12.48,14.07
2017-12-28,16.74,12.46,14.02
2017-12-27,16.5,12.3,13.87
2017-12-22,16.175,12.08,13.65
2017-12-21,16.145,12.08,13.61
2017-12-20,16.185,12.09,13.67
2017-12-19,16.155,12.08,13.68
2017-12-18,16.09,12.04,13.64
2017-12-15,15.985,11.93,13.55
2017-12-14,16.01,11.92,13.54
2017-12-13,15.705,11.76,13.38
2017-12-12,15.78,11.82,13.4
2017-12-11,15.835,11.84,13.43
2017-12-08,15.825,11.76,13.48
2017-12-07,15.91,11.94,13.49
2017-12-06,16.115,12.06,13.64
2017-12-05,16.285,12.14,13.72
2017-12-04,16.33,12.09,13.77
2017-12-01,16.42,12.16,13.8
2017-11-30,16.57,12.32,14
2017-11-29,16.895,12.6,14.26
2017-11-28,17.07,12.84,14.36
2017-11-27,17.1,12.81,14.32
2017-11-24,17.05,12.8,14.38
2017-11-23,17.095,12.84,14.43
2017-11-22,16.965,12.81,14.44
2017-11-21,17,12.85,14.5
2017-11-20,17.145,12.94,14.56
2017-11-17,17.085,12.95,14.49
2017-11-16,17.04,12.92,14.48
2017-11-15,17.115,13,14.45
2017-11-14,16.935,12.92,14.45
2017-11-13,16.925,12.93,14.53
2017-11-10,17,12.92,14.6
2017-11-09,17.1,13.03,14.69
2017-11-08,16.995,12.96,14.65
2017-11-07,17.005,12.95,14.7
2017-11-06,16.915,12.9,14.59
2017-11-03,17.085,13.05,14.67
2017-11-02,17.08,12.98,14.66
2017-11-01,16.94,12.74,14.55
2017-10-31,16.82,12.72,14.45
2017-10-30,16.735,12.69,14.39
2017-10-27,16.72,12.76,14.38
2017-10-26,16.97,12.84,14.37
2017-10-25,16.89,12.75,14.34
2017-10-24,17.035,12.92,14.49
2017-10-23,16.995,12.9,14.47
2017-10-20,17.075,12.96,14.46
2017-10-19,17.025,12.93,14.4
2017-10-18,16.95,12.86,14.42
2017-10-17,17.11,12.96,14.55
2017-10-16,17.41,13.09,14.75
2017-10-13,17.2,12.94,14.55
2017-10-12,17.195,13.06,14.5
2017-10-11,17.15,13,14.51
2017-10-10,17.12,12.98,14.53
2017-10-09,16.92,12.86,14.41
2017-10-06,16.625,12.73,14.2
2017-10-05,16.66,12.64,14.19
2017-10-04,16.825,12.67,14.29
2017-10-03,16.61,12.53,14.13
2017-10-02,16.58,12.46,14.12
2017-09-29,16.86,12.5962,14.2712
2017-09-28,16.82,12.5326,14.2809
2017-09-27,16.89,12.5819,14.3818
2017-09-26,17.01,12.6657,14.4299
2017-09-25,16.95,12.5733,14.2701
2017-09-22,16.97,12.5166,14.1842
2017-09-21,16.95,12.576,14.2389
2017-09-20,17.38,12.8446,14.4785
2017-09-19,17.15,12.7046,14.306
2017-09-18,17.53,12.943,14.6584
2017-09-15,17.7,13.0329,14.8105
2017-09-14,17.75,13.3993,14.9135
2017-09-13,17.91,13.4997,14.9449
2017-09-12,17.75,13.367,14.8685
2017-09-11,17.85,13.5074,14.8614
2017-09-08,18.21,13.8049,15.0895
2017-09-07,17.79,13.5916,14.8485
2017-09-06,17.77,13.62,14.8965
2017-09-05,17.88,13.7974,15.0303
2017-09-04,17.8,13.7484,14.9492
2017-09-01,17.5,13.5313,14.6923
2017-08-31,17.34,13.4669,14.6243
2017-08-30,17.44,13.4932,14.5966
2017-08-29,17.6,13.5897,14.6228
2017-08-25,17.02,13.2555,14.3993
2017-08-24,16.93,13.2039,14.3584
2017-08-23,17.06,13.3208,14.4785
2017-08-22,17.02,13.273,14.4826
2017-08-21,17.02,13.1979,14.4753
2017-08-18,17.15,13.3039,14.597
2017-08-17,17.02,13.2338,14.5532
2017-08-16,16.68,12.9584,14.254
2017-08-15,16.89,13.1174,14.3757
2017-08-14,16.97,13.0891,14.3887
2017-08-11,17.09,13.1827,14.5323
2017-08-10,17.08,13.1385,14.5696
2017-08-09,16.59,12.7596,14.136
2017-08-08,16.39,12.5748,13.8722
2017-08-07,16.13,12.3545,13.673
2017-08-04,16.7,12.7093,14.0691
2017-08-03,16.47,12.5038,13.914
2017-08-02,16.67,12.6011,14.0853
2017-08-01,16.74,12.6703,14.1708
2017-07-31,16.76,12.7705,14.2857
2017-07-28,16.56,12.6557,14.1466
2017-07-27,16.79,12.77,14.3431
2017-07-26,16.37,12.5412,14.0587
2017-07-25,16.31,12.5163,13.9976
2017-07-24,16.5,12.6602,14.1667
2017-07-21,16.43,12.6326,14.1091
2017-07-20,16.18,12.5048,14.0659
2017-07-19,16.23,12.4368,14.0824
2017-07-18,16.17,12.4146,13.9903
2017-07-17,16.07,12.2991,14.0227
2017-07-14,15.71,12.1126,13.7638
2017-07-13,15.95,12.3414,14.0035
2017-07-12,15.83,12.3104,13.8205
2017-07-11,15.51,12.0186,13.61
2017-07-10,15.22,11.8186,13.3614
2017-07-07,15.84,12.2867,13.8801
2017-07-06,16.01,12.361,14.0859
2017-07-05,15.95,12.3557,14.0876
2017-07-04,16.15,12.4807,14.2316
2017-07-03,16.48,12.719,14.4879
2017-06-30,16.47,12.6946,14.4398
2017-06-29,16.83,12.9801,14.7554
2017-06-28,16.78,13.0828,14.775
2017-06-27,16.66,13.0667,14.7931
2017-06-26,16.53,12.9759,14.7893
2017-06-23,16.71,13.1172,14.9664
2017-06-22,16.58,13.086,14.8486
2017-06-21,16.51,13.0267,14.8058
2017-06-20,16.59,13.095,14.8789
2017-06-19,16.67,13.0224,14.8707
2017-06-16,16.76,13.1142,14.9924
2017-06-15,16.86,13.1904,15.0967
2017-06-14,16.96,13.3239,15.1361
2017-06-13,16.82,13.2098,15.0085
2017-06-12,17.13,13.5009,15.2742
2017-06-09,17.35,13.5993,15.516
2017-06-08,17.6,13.5981,15.6653
2017-06-07,17.6,13.6424,15.7059
2017-06-06,17.56,13.6082,15.6214
2017-06-05,17.52,13.5772,15.5858
2017-06-02,17.19,13.3712,15.325
2017-06-01,17.13,13.3266,15.2579
2017-05-31,17.31,13.4845,15.4333
2017-05-30,17.27,13.423,15.4874
2017-05-26,17.29,13.4532,15.4072
2017-05-25,17.15,13.233,15.2893
2017-05-24,17.03,13.1384,15.2176
2017-05-23,17.14,13.2161,15.2518
2017-05-22,16.95,13.0435,15.0962
2017-05-19,16.77,12.895,15.0228
2017-05-18,16.81,12.897,15.0952
2017-05-17,16.9,13.0291,15.2156
2017-05-16,16.72,12.9693,15.1257
2017-05-15,16.59,12.8306,15.1203
2017-05-12,16.3,12.6769,14.9871
2017-05-11,16.37,12.7008,15.0612
2017-05-10,16.29,12.585,14.9876
2017-05-09,16.22,12.5503,14.8848
2017-05-08,16.38,12.6389,14.9575
2017-05-05,16.27,12.5783,14.8462
2017-05-04,16.5,12.8036,15.0933
2017-05-03,16.85,13.0368,15.4431
2017-05-02,16.95,13.1161,15.5277
2017-04-28,17.41,13.4544,15.917
2017-04-27,17.46,13.5349,16.0198
2017-04-26,17.59,13.7175,16.1465
2017-04-25,17.84,13.9168,16.3986
2017-04-24,17.81,13.8967,16.4027
2017-04-21,17.98,14.0546,16.8022
2017-04-20,18.19,14.2076,16.9131
2017-04-19,18.22,14.1878,16.9852
2017-04-18,18.42,14.5567,17.2714
2017-04-13,18.56,14.7971,17.4469
2017-04-12,18.31,14.6539,17.2687
2017-04-11,17.94,14.4363,16.9054
2017-04-10,17.94,14.4654,16.9677
2017-04-07,18.4,14.8112,17.3095
2017-04-06,18.22,14.6275,17.0871
2017-04-05,18.26,14.6338,17.1134
2017-04-04,18.34,14.7321,17.2304
2017-04-03,18.16,14.5245,17.0452
2017-03-31,18.06,14.499,16.9101
2017-03-30,18.1,14.53,16.8513
2017-03-29,18.13,14.5822,16.8073
2017-03-28,17.94,14.2914,16.533
2017-03-27,17.94,14.2505,16.5102
2017-03-24,17.63,14.1108,16.3135
2017-03-23,17.55,14.0434,16.2711
2017-03-22,17.58,14.1228,16.2974
2017-03-21,17.31,13.8824,16.013
2017-03-20,17.23,13.9176,16.0309
2017-03-17,17.4,14.0765,16.2087
2017-03-16,17.46,14.2125,16.2797
2017-03-15,16.91,13.8663,15.9168
2017-03-14,17,14.0172,15.9895
2017-03-13,17.02,13.9212,15.9528
2017-03-10,16.89,13.9104,15.9219
2017-03-09,17.14,14.1047,16.2295
2017-03-08,17.4,14.3222,16.4804
2017-03-07,17.7,14.5213,16.736
2017-03-06,17.81,14.5269,16.8321
2017-03-03,17.66,14.4434,16.7568
2017-03-02,18.33,14.9291,17.4223
2017-03-01,18.33,14.8867,17.3975
2017-02-28,18.28,14.6957,17.242
2017-02-27,18.34,14.7713,17.3297
2017-02-24,18.27,14.5554,17.2261
2017-02-23,18,14.4242,17.0568
2017-02-22,18,14.4741,17.1445
2017-02-21,17.89,14.4065,16.9686
2017-02-20,17.98,14.4209,16.9224
2017-02-17,18.005,14.5014,16.9093
2017-02-16,18.1,14.4904,17.0225
2017-02-15,17.88,14.3892,16.935
2017-02-14,17.905,14.3677,16.8502
2017-02-13,17.97,14.3439,16.8859
2017-02-10,17.62,14.1515,16.5586
2017-02-09,17.715,14.1088,16.5855
2017-02-08,17.74,14.2056,16.6604
2017-02-07,17.6,14.2188,16.4918
2017-02-06,17.6,14.106,16.3934
2017-02-03,17.28,13.8406,16.1044
2017-02-02,17.71,13.9537,16.383
2017-02-01,17.6,13.9119,16.2948
2017-01-31,17.29,13.8686,16.0792
2017-01-30,17.1,13.6592,16.0398
2017-01-27,16.7,13.3248,15.6148
2017-01-26,16.86,13.3926,15.713
2017-01-25,16.93,13.4579,15.7474
2017-01-24,17.105,13.7345,15.9235
2017-01-23,17.14,13.7848,15.9769
2017-01-20,16.89,13.7373,15.877
2017-01-19,16.95,13.7525,15.8946
2017-01-18,17.12,13.9368,16.018
2017-01-17,17,13.9162,15.873
2017-01-16,16.82,13.9446,15.8709
2017-01-13,16.76,13.7625,15.7445
2017-01-12,16.91,13.7704,15.8735
2017-01-11,16.79,13.8486,15.9616
2017-01-10,16.665,13.7319,15.7618
2017-01-09,16.52,13.5766,15.696
2017-01-06,16.45,13.3058,15.5423
2017-01-05,16.59,13.4747,15.809
2017-01-04,16.42,13.3681,15.7415
2017-01-03,15.95,12.9728,15.3454
2016-12-30,16.24,13.2,15.3802
2016-12-29,16.06,13.1049,15.3625
2016-12-28,15.85,12.9589,15.217
2016-12-23,15.74,12.8458,15.0636
2016-12-22,15.77,12.7796,15.0952
2016-12-21,16.03,12.9619,15.4016
2016-12-20,15.8,12.7977,15.2216
2016-12-19,16,12.8876,15.3404
2016-12-16,16.05,12.9123,15.3603
2016-12-15,16.14,12.9535,15.5088
2016-12-14,17.11,13.5246,16.0672
2016-12-13,17.01,13.3853,16.0351
2016-12-12,16.86,13.3439,15.8967
2016-12-09,16.95,13.4524,16.0284
2016-12-08,17.13,13.502,15.8817
2016-12-07,16.77,13.318,15.6407
2016-12-06,16.79,13.1655,15.6346
2016-12-05,16.62,13.0527,15.5371
2016-12-02,16.35,12.9546,15.3564
2016-12-01,16.3,12.9088,15.3455
2016-11-30,16.67,13.3885,15.6585
2016-11-29,16.54,13.2606,15.6111
2016-11-28,16.68,13.4484,15.7284
2016-11-25,16.465,13.2143,15.5492
2016-11-24,16.31,13.092,15.4319
2016-11-23,16.56,13.3559,15.5947
2016-11-22,16.76,13.4629,15.7711
2016-11-21,16.68,13.4701,15.687
2016-11-18,16.51,13.2984,15.5388
2016-11-17,17.04,13.6451,15.8748
2016-11-16,16.95,13.6386,15.8456
2016-11-15,17,13.681,15.7978
2016-11-14,17.195,13.7307,15.9494
2016-11-11,18.59,14.7341,17.0943
2016-11-10,18.75,15.1063,17.2003
2016-11-09,18.81,15.1157,16.9612
2016-11-08,18.26,14.7199,16.5369
2016-11-07,18.22,14.6734,16.4693
2016-11-04,18.3,14.6459,16.4835
2016-11-03,18.07,14.4989,16.316
2016-11-02,18.54,15.0536,16.7042
2016-11-01,18.24,14.9117,16.5412
2016-10-31,17.76,14.5933,16.2177
2016-10-28,17.61,14.5129,16.1323
2016-10-27,17.66,14.4057,16.1633
2016-10-26,17.66,14.4612,16.1692
2016-10-25,17.73,14.4936,16.2975
2016-10-24,17.64,14.4118,16.1939
2016-10-21,17.51,14.3407,16.076
2016-10-20,17.6,14.3498,16.0291
2016-10-19,17.69,14.3786,16.1052
2016-10-18,17.65,14.3741,16.0338
2016-10-17,17.4,14.3045,15.834
2016-10-14,17.47,14.2822,15.8645
2016-10-13,17.59,14.3968,15.946
2016-10-12,17.44,14.2321,15.8272
2016-10-11,17.48,14.2612,15.7804
2016-10-10,17.78,14.3087,15.9205
2016-10-07,17.33,14.0108,15.5538
2016-10-06,17.76,13.9821,15.877
2016-10-05,17.8,13.986,15.856
2016-10-04,18.74,14.6831,16.7771
2016-10-03,19.18,14.8925,17.0671
2016-09-30,19.35,14.9225,17.3325
2016-09-29,19.01,14.6062,16.946
2016-09-28,19.12,14.6874,17.0516
2016-09-27,19.42,14.9904,17.2622
2016-09-26,19.44,15.0395,17.2877
2016-09-23,19.82,15.2779,17.6649
2016-09-22,19.875,15.2229,17.6903
2016-09-21,19.43,14.945,17.4307
2016-09-20,19.17,14.7848,17.1467
2016-09-19,19.12,14.6513,17.1311
2016-09-16,18.91,14.3573,16.8463
2016-09-15,18.96,14.3224,16.8683
2016-09-14,19.04,14.4242,16.9606
2016-09-13,19.16,14.444,17.0584
2016-09-12,18.72,14.1134,16.6815
2016-09-09,19.41,14.5775,17.2349
2016-09-08,19.93,14.9043,17.6481
2016-09-07,19.92,14.8857,17.7098
2016-09-06,19.6,14.7015,17.5533
2016-09-05,19.46,14.5954,17.431
2016-09-02,18.75,14.1456,16.7635
2016-09-01,18.65,14.0787,16.7265
2016-08-31,18.74,14.2651,16.8192
2016-08-30,18.78,14.3534,16.8174
2016-08-26,18.67,14.145,16.5382
2016-08-25,18.5,14.0162,16.3862
2016-08-24,18.84,14.2307,16.7036
2016-08-23,18.98,14.4006,16.7505
2016-08-22,18.91,14.4528,16.739
2016-08-19,19.415,14.7969,17.142
2016-08-18,19.78,15.0373,17.4689
2016-08-17,19.57,15.0446,17.3662
2016-08-16,20.035,15.4293,17.7662
2016-08-15,19.9,15.4025,17.814
2016-08-12,19.87,15.3306,17.8142
2016-08-11,20.21,15.5629,18.1272
2016-08-10,20.335,15.5526,18.1936
2016-08-09,19.7,15.176,17.7734
2016-08-08,19.66,15.0432,17.7389
2016-08-05,20.22,15.3647,18.141
2016-08-04,20.16,15.2485,18.1116
2016-08-03,20.59,15.4267,18.3856
2016-08-02,20.71,15.6515,18.5109
2016-08-01,20.51,15.5615,18.3683
2016-07-29,20.04,15.2037,18.0346
2016-07-28,20.41,15.5186,18.4156
2016-07-27,19.58,14.9546,17.8081
2016-07-26,19.68,15.0069,17.8925
2016-07-25,19.41,14.7796,17.6663
2016-07-22,19.7,15.0324,17.8798
2016-07-21,19.34,14.6615,17.5547
2016-07-20,19.7,14.9582,17.8896
2016-07-19,19.99,15.183,18.0774
2016-07-18,19.72,14.8999,17.8397
2016-07-15,20.14,15.0636,18.0839
2016-07-14,20.25,15.1538,18.2301
2016-07-13,20.29,15.2522,18.3073
2016-07-12,20.35,15.4718,18.3532
2016-07-11,20.47,15.7801,18.5266
2016-07-08,19.72,15.1961,17.8187
2016-07-07,19.95,15.3085,18.0038
2016-07-06,20.43,15.7457,18.462
2016-07-05,19.73,14.989,17.6887
2016-07-04,20.36,15.3614,18.3061
2016-07-01,19.24,14.4825,17.2928
2016-06-30,18.36,13.6101,16.4752
2016-06-29,18.21,13.5511,16.4187
2016-06-28,17.57,13.1739,15.8431
2016-06-27,17.7,13.3979,16.0646
2016-06-24,18.04,13.1881,16.3214
2016-06-23,17.29,11.6056,15.1613
2016-06-22,17.2,11.7198,15.228
2016-06-21,17.36,11.7775,15.3411
2016-06-20,17.335,11.8473,15.3028
2016-06-17,17.37,12.1903,15.4263
2016-06-16,17.71,12.5372,15.7928
2016-06-15,17.41,12.264,15.5086
2016-06-14,17.25,12.1745,15.3689
2016-06-13,17.32,12.2342,15.3696
2016-06-10,17.32,12.0111,15.3301
2016-06-09,17.05,11.7863,15.03
2016-06-08,16.75,11.4954,14.7279
2016-06-07,16.31,11.1827,14.3574
2016-06-06,16.4,11.3881,14.4672
2016-06-03,16.1,11.1728,14.4511
2016-06-02,15.98,11.0734,14.2691
2016-06-01,15.95,11.0411,14.296
2016-05-31,16.06,10.9895,14.3997
2016-05-27,16.3,11.124,14.5848
2016-05-26,16.46,11.2041,14.7267
2016-05-25,16.205,11.0569,14.5441
2016-05-24,16.27,11.1431,14.5515
2016-05-23,16.31,11.2732,14.5547
2016-05-20,16.56,11.358,14.7673
2016-05-19,16.6,11.3465,14.8175
2016-05-18,17.05,11.7724,15.126
2016-05-17,17.08,11.7956,15.0857
2016-05-16,17.32,12.0697,15.2963
2016-05-13,17.09,11.859,15.0639
2016-05-12,17.23,11.9057,15.1233
2016-05-11,17.51,12.1378,15.3637
2016-05-10,17.04,11.8153,15
2016-05-09,17.33,11.9914,15.2164
2016-05-06,17.31,11.9346,15.1483
2016-05-05,17.38,12.0177,15.2109
2016-05-04,17.18,11.863,14.9599
2016-05-03,17.49,11.919,15.1023
2016-04-29,17.855,12.2169,15.6678
2016-04-28,17.35,11.9244,15.2931
2016-04-27,17.34,11.8718,15.3356
2016-04-26,16.95,11.6391,15.0213
2016-04-25,16.86,11.6654,14.9813
2016-04-22,17.19,11.9591,15.2569
2016-04-21,17.32,12.0495,15.3125
2016-04-20,16.97,11.806,14.9305
2016-04-19,16.62,11.5674,14.6651
2016-04-18,16.2,11.4093,14.3287
2016-04-15,16.17,11.3978,14.3338
2016-04-14,16.13,11.3937,14.3212
2016-04-13,15.98,11.2109,14.1366
2016-04-12,15.96,11.1476,13.9828
2016-04-11,15.56,10.9308,13.6611
2016-04-08,15.16,10.7778,13.338
2016-04-07,15.22,10.812,13.3826
2016-04-06,15.07,10.7084,13.2787
2016-04-05,15.19,10.6934,13.3715
2016-04-04,14.96,10.516,13.1679
2016-04-01,15.38,10.7628,13.477
2016-03-31,15.38,10.6791,13.5173
2016-03-30,15.38,10.6828,13.5878
2016-03-29,15.06,10.5595,13.4404
2016-03-24,15.28,10.82,13.7028
2016-03-23,15.58,10.9896,13.9182
2016-03-22,15.89,11.1189,14.1609
2016-03-21,15.81,10.986,14.0222
2016-03-18,15.94,11.0151,14.1337
2016-03-17,15.73,10.9411,13.8859
2016-03-16,15.29,10.844,13.7847
2016-03-15,15.32,10.82,13.808
2016-03-14,15.6,10.8741,14.0427
2016-03-11,15.5,10.8376,13.9552
2016-03-10,15.27,10.7482,13.916
2016-03-09,15.27,10.7361,13.916
2016-03-08,15.66,11.0142,14.2208
2016-03-07,15.66,11.0554,14.2948
2016-03-04,15.43,10.9046,14.0464
2016-03-03,14.97,10.6472,13.7567
2016-03-02,14.82,10.5827,13.659
2016-03-01,14.99,10.7271,13.7826
2016-02-29,14.75,10.6475,13.5508
2016-02-26,15.17,10.8621,13.7596
2016-02-25,15.16,10.8565,13.7456
2016-02-24,15.32,11.0287,13.9692
2016-02-23,15.21,10.7811,13.8373
2016-02-22,15,10.6315,13.5931
2016-02-19,15.37,10.7573,13.8381
2016-02-18,15.25,10.6124,13.7437
2016-02-17,15.25,10.6546,13.6808
2016-02-16,15.35,10.6427,13.7545
2016-02-15,15.26,10.554,13.6347
2016-02-12,15.64,10.7565,13.8652
2016-02-11,15.65,10.856,13.7946
2016-02-10,15.12,10.4039,13.4269
2016-02-09,15.34,10.6314,13.6781
2016-02-08,14.94,10.3628,13.4304
2016-02-05,14.91,10.2629,13.3161
2016-02-04,14.74,10.1049,13.1866
2016-02-03,14.41,9.9379,13.1923
2016-02-02,14.26,9.887,13.0574
2016-02-01,14.33,10.0385,13.1843
2016-01-29,14.08,9.8441,12.8961
2016-01-28,13.58,9.4992,12.4484
2016-01-27,14.38,10.0475,13.2206
2016-01-26,14.33,10.0674,13.2379
2016-01-25,14.22,9.9853,13.1448
2016-01-22,14.17,9.9126,13.0804
2016-01-21,14.01,9.9305,12.8485
2016-01-20,14.05,9.9265,12.8805
2016-01-19,14.03,9.8222,12.9166
2016-01-18,13.88,9.7063,12.7433
2016-01-15,13.8,9.6127,12.6559
2016-01-14,14.02,9.7348,12.8259
2016-01-13,13.83,9.6135,12.7772
2016-01-12,13.88,9.6215,12.7856
2016-01-11,13.97,9.5889,12.82
2016-01-08,14.04,9.6171,12.9151
2016-01-07,14.03,9.632,12.9095
2016-01-06,14.005,9.5571,13.0206
2016-01-05,14.01,9.5514,13.0217
2016-01-04,14,9.4793,12.8229
2015-12-31,13.82,9.3278,12.6882
2015-12-30,13.82,9.3353,12.6534
2015-12-29,13.93,9.395,12.6971
2015-12-24,14.2,9.5149,12.9751
2015-12-23,14.33,9.6271,13.1095
2015-12-22,14.24,9.575,13.0117
2015-12-21,14.2,9.5321,13.0695
2015-12-18,13.82,9.264,12.7585
2015-12-17,14.08,9.4402,12.9853
2015-12-16,13.74,9.1472,12.5801
2015-12-15,13.74,9.0651,12.4818
2015-12-14,13.71,9.0669,12.4909
2015-12-11,13.92,9.1881,12.6903
2015-12-10,14.17,9.347,12.9359
2015-12-09,14.27,9.4679,13.0642
2015-12-08,14.24,9.4959,13.1123
2015-12-07,14.49,9.6196,13.4055
2015-12-04,14.13,9.3459,12.974
2015-12-03,13.93,9.3283,13.2063
2015-12-02,14.14,9.4053,13.3447
2015-12-01,14.21,9.4243,13.4082
2015-11-30,14.08,9.3848,13.3157
2015-11-27,14.11,9.3773,13.3365
2015-11-26,14.29,9.4768,13.4621
2015-11-25,14.07,9.3414,13.2874
2015-11-24,14.14,9.3593,13.2845
2015-11-23,13.98,9.2418,13.1589
2015-11-20,14.29,9.3576,13.3814
2015-11-19,14.21,9.307,13.2643
2015-11-18,14.17,9.3144,13.2865
2015-11-17,14.25,9.3725,13.3652
2015-11-16,14.36,9.4511,13.3693
2015-11-13,14.39,9.4553,13.3364
2015-11-12,14.39,9.4783,13.4298
2015-11-11,14.44,9.5244,13.4739
2015-11-10,14.55,9.6307,13.5588
2015-11-09,14.78,9.7887,13.7118
2015-11-06,15.08,9.9604,13.8654
2015-11-05,15.02,9.7844,13.8077
2015-11-04,15.26,9.8969,13.9654
2015-11-03,15.38,9.9922,14.0201
2015-11-02,15.4,9.9567,13.9835
2015-10-30,15.63,10.1804,14.1859
2015-10-29,15.82,10.3677,14.4369
2015-10-28,16.03,10.4874,14.4845
2015-10-27,15.8,10.3032,14.2896
2015-10-26,16.1,10.492,14.6138
2015-10-23,15.98,10.3854,14.4081
2015-10-22,15.77,10.1873,13.9348
2015-10-21,15.75,10.1902,13.8644
2015-10-20,15.86,10.2455,13.9343
2015-10-19,15.86,10.2356,14.0094
2015-10-16,16.04,10.3812,14.1371
2015-10-15,16.18,10.4475,14.152
2015-10-14,15.84,10.3058,13.8826
2015-10-13,15.61,10.2421,13.717
2015-10-12,15.96,10.3967,14.0394
2015-10-09,15.99,10.423,14.0683
2015-10-08,15.61,10.178,13.8227
2015-10-07,15.82,10.3311,14.056
2015-10-06,15.67,10.3316,13.9699
2015-10-05,15.25,10.0402,13.5616
2015-10-02,14.43,9.5254,12.9289
2015-10-01,14.55,9.6109,13.0517
2015-09-30,14.65,9.6394,13.0629
2015-09-29,14.56,9.5853,12.9583
2015-09-28,14.7,9.6749,13.152
2015-09-25,14.99,9.8528,13.4235
2015-09-24,14.79,9.6863,13.1689
2015-09-23,14.8,9.6663,13.2593
2015-09-22,14.94,9.6755,13.3883
2015-09-21,15.18,9.7727,13.4563
2015-09-18,15.26,9.757,13.3578
2015-09-17,14.76,9.5023,13.0389
2015-09-16,14.51,9.4044,12.9334
2015-09-15,14.35,9.3037,12.698
2015-09-14,14.43,9.3525,12.7462
2015-09-11,14.58,9.4559,12.937
2015-09-10,14.72,9.5479,13.1499
2015-09-09,14.77,9.6159,13.2454
2015-09-08,14.63,9.5192,13.1128
2015-09-07,14.54,9.5269,13.0392
2015-09-04,14.69,9.648,13.1903
2015-09-03,14.71,9.6289,13.1058
2015-09-02,14.56,9.5313,12.9238
2015-09-01,14.68,9.5679,13.0246
2015-08-28,14.44,9.3852,12.8026
2015-08-27,14.27,9.238,12.6417
2015-08-26,14.41,9.2236,12.6127
2015-08-25,14.87,9.4209,12.9293
2015-08-24,14.94,9.5032,12.9981
2015-08-21,15.46,9.8547,13.6935
2015-08-20,15.5,9.9061,13.8702
2015-08-19,14.84,9.4746,13.442
2015-08-18,15.23,9.6975,13.7679
2015-08-17,15.23,9.7416,13.738
2015-08-14,15.55,9.9514,13.9175
2015-08-13,15.33,9.8087,13.7897
2015-08-12,15.36,9.8563,13.7832
2015-08-11,15.31,9.8292,13.8766
2015-08-10,14.88,9.618,13.6139
2015-08-07,14.75,9.51,13.4974
2015-08-06,14.59,9.376,13.3645
2015-08-05,14.52,9.3101,13.3591
2015-08-04,14.54,9.3229,13.2471
2015-08-03,14.73,9.4447,13.4398
2015-07-31,14.56,9.3507,13.2617
2015-07-30,14.64,9.3738,13.3564
2015-07-29,14.61,9.342,13.2145
2015-07-28,14.54,9.3265,13.1775
2015-07-27,14.69,9.4725,13.2737
2015-07-24,14.49,9.352,13.2256
2015-07-23,14.88,9.5427,13.5334
2015-07-22,14.78,9.4707,13.5286
2015-07-21,14.75,9.4892,13.5845
2015-07-20,14.84,9.5348,13.6913
2015-07-17,15.01,9.6199,13.7934
2015-07-16,14.93,9.5607,13.7123
2015-07-15,15.31,9.7928,13.8967
2015-07-14,15.28,9.8074,13.8556
2015-07-13,15.45,9.9325,13.9617
2015-07-10,15.45,9.9459,13.7983
2015-07-09,15.38,10.002,13.9337
2015-07-08,14.99,9.7591,13.6112
2015-07-07,15.61,10.0977,14.2103
2015-07-06,15.59,10.0186,14.1252
2015-07-03,15.64,10.0051,14.0812
2015-07-02,15.61,10.0096,14.1012
2015-07-01,15.63,9.9783,14.0646
2015-06-30,15.7,9.9892,14.0442
2015-06-29,15.83,10.0847,14.2279
2015-06-26,15.83,10.0572,14.1339
2015-06-25,15.77,10.0388,14.0829
2015-06-24,15.89,10.1378,14.2678
2015-06-23,15.96,10.1128,14.2195
2015-06-22,16.19,10.2352,14.2719
2015-06-19,16.12,10.1774,14.2693
2015-06-18,16.24,10.2106,14.2494
2015-06-17,15.98,10.1473,14.1981
2015-06-16,16.03,10.2842,14.2502
2015-06-15,15.93,10.2807,14.2017
2015-06-12,15.93,10.2734,14.2423
2015-06-11,15.87,10.2592,14.0854
2015-06-10,16.13,10.4341,14.2832
2015-06-09,16.13,10.5514,14.3136
2015-06-08,16.06,10.5408,14.4308
2015-06-05,16.15,10.5528,14.3901
2015-06-04,16.47,10.6719,14.5059
2015-06-03,16.6,10.8589,14.9254
2015-06-02,16.7,10.958,15.1515
2015-06-01,16.61,10.9233,15.2051
2015-05-29,16.67,10.9355,15.214
2015-05-28,16.68,10.9055,15.2608
2015-05-27,16.66,10.8266,15.3055
2015-05-26,16.79,10.8941,15.3952
2015-05-22,17.25,11.0294,15.4224
2015-05-21,17.18,10.9441,15.3887
2015-05-20,17.07,11.003,15.3867
2015-05-19,17.4,11.2193,15.5205
2015-05-18,17.7,11.2904,15.5032
2015-05-15,17.25,10.9761,15.1942
2015-05-14,17.4,11.0161,15.2191
2015-05-13,16.65,10.6159,14.8356
2015-05-12,16.46,10.5021,14.6298
2015-05-11,16.39,10.5851,14.6943
2015-05-08,16.31,10.5717,14.5391
2015-05-07,16.35,10.7424,14.4167
2015-05-06,16.41,10.7769,14.6048
2015-05-05,16.42,10.8533,14.7569
2015-05-01,16.17,10.579,14.3478
2015-04-30,16.52,10.7099,14.7579
2015-04-29,16.48,10.7236,14.9886
2015-04-28,16.32,10.6778,14.915
2015-04-27,15.84,10.4665,14.6058
2015-04-24,15.83,10.471,14.6317
2015-04-23,15.86,10.5698,14.7659
2015-04-22,16.05,10.6715,14.9039
2015-04-21,16.08,10.8072,15.0534
2015-04-20,16.09,10.7871,15.0023
2015-04-17,16.36,10.8871,15.1215
2015-04-16,16.47,11.0463,15.371
2015-04-15,16.18,10.974,15.2786
2015-04-14,16.08,10.9724,15.2014
2015-04-13,16.27,11.1438,15.4555
2015-04-10,16.55,11.3209,15.6398
2015-04-09,16.3,10.9979,15.1459
2015-04-08,16.84,11.2702,15.4893
2015-04-07,16.86,11.323,15.5206
2015-04-02,16.84,11.3861,15.5595
2015-04-01,16.56,11.2112,15.3975
2015-03-31,16.6,11.2132,15.4519
2015-03-30,16.65,11.25,15.3683
2015-03-27,17.14,11.5018,15.7841
2015-03-26,17.13,11.4743,15.5798
2015-03-25,16.94,11.3531,15.4098
2015-03-24,16.97,11.3793,15.4497
2015-03-23,16.73,11.2229,15.3599
2015-03-20,16.17,10.9419,15.091
2015-03-19,15.88,10.6642,14.8508
2015-03-18,15.47,10.5691,14.5888
2015-03-17,15.56,10.5492,14.6599
2015-03-16,15.58,10.5391,14.7986
2015-03-13,15.5,10.4709,14.6669
2015-03-12,15.68,10.4659,14.7396
2015-03-11,15.64,10.3886,14.7561
2015-03-10,15.78,10.4885,14.701
2015-03-09,15.92,10.5403,14.658
2015-03-06,15.99,10.5385,14.6174
2015-03-05,16.19,10.6227,14.6529
2015-03-04,16.32,10.6354,14.6644
2015-03-03,16.42,10.6852,14.7172
2015-03-02,16.63,10.798,14.8151
2015-02-27,16.53,10.7129,14.7274
2015-02-26,16.82,10.8411,14.8194
2015-02-25,16.51,10.6544,14.5552
2015-02-24,16.32,10.5686,14.417
2015-02-23,16.2,10.5496,14.3185
2015-02-20,16.34,10.6325,14.4321
2015-02-19,16.73,10.8236,14.6819
2015-02-18,16.42,10.6478,14.4428
2015-02-17,16.82,10.932,14.7015
2015-02-16,17.27,11.2311,15.1252
2015-02-13,16.86,10.958,14.7726
2015-02-12,16.89,11.0104,14.8889
2015-02-11,16.95,11.0835,14.9973
2015-02-10,16.8,11.041,14.8923
2015-02-09,16.97,11.1505,15.0044
2015-02-06,17.22,11.2292,15.0472
2015-02-05,17,11.149,14.881
2015-02-04,17.39,11.4363,15.1811
2015-02-03,17.59,11.6745,15.5087
2015-02-02,17.22,11.4609,15.2013
2015-01-30,16.92,11.2187,14.918
2015-01-29,17.43,11.5133,15.4071
2015-01-28,18.01,11.8471,15.8511
2015-01-27,17.87,11.8478,15.8422
2015-01-26,17.83,11.8764,15.8842
2015-01-23,18.23,12.1744,16.3074
2015-01-22,18.08,11.9065,15.5447
2015-01-21,18.22,12.0543,15.7395
2015-01-20,17.8,11.7538,15.366
2015-01-19,17.65,11.6425,15.23
2015-01-16,16.92,11.133,14.6013
2015-01-15,17.12,11.2329,14.63
2015-01-14,16.64,10.956,14.1557
2015-01-13,17,11.2263,14.4178
2015-01-12,16.52,10.9065,13.9976
2015-01-09,16.24,10.7209,13.7499
2015-01-08,16.37,10.8677,13.9071
2015-01-07,16.33,10.7974,13.8109
2015-01-06,16.29,10.7227,13.696
2015-01-05,15.88,10.4179,13.3356
2015-01-02,15.71,10.1742,13.0319
2014-12-31,15.97,10.2319,13.1397
2014-12-30,15.79,10.157,12.982
2014-12-29,16,10.2901,13.1244
2014-12-24,15.77,10.148,12.9262
2014-12-23,15.71,10.0977,12.8486
2014-12-22,16.09,10.3055,13.1251
2014-12-19,15.86,10.151,12.9332
2014-12-18,16.08,10.2721,13.0604
2014-12-17,15.95,10.1424,12.803
2014-12-16,16.29,10.3481,12.9904
2014-12-15,16.85,10.753,13.5548
2014-12-12,17.07,10.8615,13.7064
2014-12-11,16.98,10.8256,13.6232
2014-12-10,17.06,10.8704,13.7847
2014-12-09,16.37,10.4688,13.2508
2014-12-08,16.26,10.4104,13.2583
2014-12-05,16.33,10.4152,13.2227
2014-12-04,16.42,10.4733,13.3409
2014-12-03,16.3,10.4087,13.2262
2014-12-02,16.16,10.3081,12.9924
2014-12-01,15.73,10.0127,12.6254
2014-11-28,15.97,10.1674,12.7996
2014-11-27,16.42,10.4181,13.1549
2014-11-26,16.61,10.5494,13.3349
2014-11-25,16.66,10.6291,13.3987
2014-11-24,16.33,10.4092,13.1587
2014-11-21,16.3,10.404,13.1166
2014-11-20,16.2,10.3277,12.9238
2014-11-19,16.26,10.3686,12.9717
2014-11-18,16.27,10.3862,12.9983
2014-11-17,16.2,10.3567,12.9693
2014-11-14,15.35,9.8058,12.3343
2014-11-13,15.74,9.9924,12.6304
2014-11-12,15.62,9.8624,12.5351
2014-11-11,15.57,9.8122,12.5413
2014-11-10,15.67,9.8553,12.5501
2014-11-07,15.42,9.7465,12.4435
2014-11-06,15.28,9.5799,12.2074
2014-11-05,15.32,9.6401,12.2825
2014-11-04,16.12,10.0763,12.8816
2014-11-03,16.15,10.0919,12.9241
2014-10-31,16.2,10.1231,12.8776
2014-10-30,16.78,10.498,13.3333
2014-10-29,17.2,10.6746,13.51033
2014-10-28,17.18,10.6609,13.5276
2014-10-27,17.18,10.6688,13.5489
2014-10-24,17.19,10.7176,13.5868
2014-10-23,17.07,10.6614,13.4749
2014-10-22,17.36,10.8142,13.6758
2014-10-21,17.36,10.7512,13.6125
2014-10-20,17.38,10.779,13.6068
2014-10-17,17.36,10.7766,13.5456
2014-10-16,17.46,10.9262,13.6984
2014-10-15,17.01,10.6874,13.4551
2014-10-14,17.5,10.9745,13.8329
2014-10-13,17.41,10.815,13.7227
2014-10-10,17.26,10.7492,13.6238
2014-10-09,17.64,10.8835,13.8201
2014-10-08,17.35,10.7918,13.7013
2014-10-07,17.36,10.8128,13.7887
2014-10-06,17.02,10.6501,13.5585
2014-10-03,16.97,10.5607,13.4469
2014-10-02,17.09,10.5834,13.5227
2014-10-01,17.04,10.5231,13.5281
2014-09-30,17.11,10.582,13.5988
2014-09-29,17.58,10.8318,13.8567
2014-09-26,17.54,10.7489,13.7644
2014-09-25,17.52,10.7465,13.7703
2014-09-24,17.76,10.8253,13.8285
2014-09-23,17.92,10.9342,13.9055
2014-09-22,17.74,10.8648,13.8173
2014-09-19,18.45,11.2603,14.3401
2014-09-18,18.5,11.3261,14.3656
2014-09-17,18.63,11.4238,14.3783
2014-09-16,18.75,11.5791,14.4866
2014-09-15,18.64,11.4736,14.4261
2014-09-12,18.64,11.4785,14.4183
2014-09-11,18.7,11.5112,14.4782
2014-09-10,19.01,11.7862,14.6784
2014-09-09,19,11.7829,14.7435
2014-09-08,19.19,11.903,14.8243
2014-09-05,19.13,11.728,14.77
2014-09-04,19.21,11.683,14.637
2014-09-03,19.1,11.602,14.528
2014-09-02,19.2,11.613,14.639
2014-09-01,19.49,11.729,14.835
2014-08-29,19.47,11.735,14.767
2014-08-28,19.75,11.913,14.989
2014-08-27,19.32,11.652,14.656
2014-08-26,19.49,11.758,14.766
2014-08-22,19.49,11.76,14.687
2014-08-21,19.4,11.696,14.63
2014-08-20,19.42,11.671,14.623
2014-08-19,19.66,11.809,14.729
2014-08-18,19.59,11.713,14.631
2014-08-15,19.86,11.899,14.849
2014-08-14,19.86,11.9065,14.8486
2014-08-13,19.9,11.9069,14.8974
2014-08-12,20.08,11.9681,15.0525
2014-08-11,19.85,11.8274,14.8223
2014-08-08,20.13,11.9772,15.028
2014-08-07,20.07,11.911,15.0045
2014-08-06,19.78,11.7535,14.8231
2014-08-05,20.2,11.9739,15.0836
2014-08-04,20.35,12.0987,15.1639
2014-08-01,20.34,12.0805,15.1836
2014-07-31,20.69,12.2535,15.4553
2014-07-30,20.54,12.1294,15.3272
2014-07-29,20.64,12.1727,15.3617
2014-07-28,20.63,12.146,15.3508
2014-07-25,20.46,12.0481,15.2119
2014-07-24,20.84,12.2495,15.4657
2014-07-23,20.93,12.2785,15.5325
2014-07-22,20.81,12.191,15.4331
2014-07-21,20.93,12.257,15.4773
2014-07-18,20.94,12.247,15.4847
2014-07-17,20.78,12.1464,15.3607
2014-07-16,20.7,12.0827,15.2937
2014-07-15,20.93,12.2027,15.3829
2014-07-14,21.13,12.3473,15.5026
2014-07-11,21.415,12.5,15.744
2014-07-10,21.5,12.5672,15.7926
2014-07-09,21.13,12.3481,15.5253
2014-07-08,21.08,12.3145,15.5068
2014-07-07,20.95,12.2371,15.4089
2014-07-04,21.12,12.3256,15.5431
2014-07-03,21,12.2542,15.3835
2014-07-02,21.04,12.2604,15.3993
2014-07-01,21.08,12.2987,15.397
2014-06-30,20.87,12.2498,15.2883
2014-06-27,21.04,12.3597,15.4569
2014-06-26,20.83,12.2335,15.2993
2014-06-25,20.78,12.2437,15.2738
2014-06-24,21.12,12.4308,15.5055
2014-06-23,20.75,12.188,15.2742
2014-06-20,20.62,12.0974,15.1729
2014-06-19,19.94,11.7156,14.6349
2014-06-18,19.73,11.6436,14.5416
2014-06-17,19.55,11.5122,14.411
2014-06-16,19.67,11.591,14.522
2014-06-13,19.58,11.5496,14.4651
2014-06-12,19.33,11.4889,14.2942
2014-06-11,19.2,11.4436,14.1875
2014-06-10,19,11.3223,14.0273
2014-06-09,19.11,11.3682,14.0257
2014-06-06,19.03,11.3193,13.9608
2014-06-05,18.81,11.2178,13.8207
2014-06-04,18.76,11.2047,13.7759
2014-06-03,18.87,11.2677,13.8679
2014-06-02,18.81,11.2278,13.8228
2014-05-30,19,11.3548,13.9593
2014-05-29,18.85,11.2719,13.844
2014-05-28,19.125,11.4145,14.0408
2014-05-27,19.25,11.4413,14.1077
2014-05-23,19.42,11.5321,14.2605
2014-05-22,19.56,11.5966,14.3014
2014-05-21,19.31,11.4321,14.1155
2014-05-20,19.37,11.5106,14.1408
2014-05-19,19.55,11.6231,14.2534
2014-05-16,19.33,11.506,14.1146
2014-05-15,19.66,11.7345,14.3945
2014-05-14,19.87,11.8485,14.4952
2014-05-13,19.44,11.5467,14.1825
2014-05-12,19.46,11.5216,14.1466
2014-05-09,19.25,11.3953,13.9523
2014-05-08,19.25,11.3435,13.8042
2014-05-07,19.64,11.5768,14.0991
2014-05-06,19.64,11.5734,14.092
2014-05-02,19.17,11.3701,13.8312
2014-05-01,19.06,11.2754,13.7369
2014-04-30,19.28,11.4666,13.9427
2014-04-29,19.33,11.5025,13.9466
2014-04-28,19.6,11.639,14.1333
2014-04-25,19.66,11.6885,14.2124
2014-04-24,19.06,11.352,13.7916
2014-04-23,19.46,11.5833,14.0587
2014-04-22,19.51,11.5979,14.1193
2014-04-17,19.62,11.6702,14.164
2014-04-16,19.6,11.6771,14.1618
2014-04-15,19.77,11.8263,14.3292
2014-04-14,19.74,11.8098,14.2713
2014-04-11,20.09,11.9969,14.4605
2014-04-10,20.24,12.0598,14.5926
2014-04-09,19.89,11.881,14.4078
2014-04-08,20.15,12.0558,14.6386
2014-04-07,19.81,11.9474,14.4283
2014-04-04,19.93,12.0162,14.5421
2014-04-03,19.83,11.9544,14.4071
2014-04-02,19.82,11.9125,14.3769
2014-04-01,19.8,11.8983,14.3509
2014-03-31,19.97,11.994,14.4742
2014-03-28,19.71,11.8571,14.3523
2014-03-27,19.68,11.8305,14.2971
2014-03-26,20.03,12.1064,14.5292
2014-03-25,20,12.1212,14.4844
2014-03-24,20.2,12.2498,14.6749
2014-03-21,20.55,12.45,14.8967
2014-03-20,20.17,12.2168,14.6488
2014-03-19,20.75,12.4625,14.9013
2014-03-18,20.94,12.5909,15.0301
2014-03-17,21.22,12.7793,15.2783
2014-03-14,21.36,12.8768,15.3835
2014-03-13,21.24,12.7071,15.2193
2014-03-12,20.97,12.6401,15.1157
2014-03-11,21.25,12.7981,15.343
2014-03-10,20.99,12.6203,15.1301
2014-03-07,21.38,12.7528,15.3791
2014-03-06,21.11,12.6135,15.346
2014-03-05,21.32,12.7665,15.528
2014-03-04,21.15,12.6723,15.3706
2014-03-03,21.46,12.8388,15.5925
2014-02-28,21.27,12.7464,15.4186
2014-02-27,21.38,12.8524,15.6504
2014-02-26,21.845,13.0871,15.8988
2014-02-25,21.73,13.0221,15.8036
2014-02-24,22.05,13.2528,16.0597
2014-02-21,21.74,13.0508,15.8605
2014-02-20,21.59,12.967,15.7591
2014-02-19,21.75,13.0591,15.8193
2014-02-18,21.37,12.8094,15.5645
2014-02-17,21.65,12.9431,15.7972
2014-02-14,21.09,12.6197,15.3829
2014-02-13,20.27,12.1866,14.8335
2014-02-12,20.2,12.2232,14.8759
2014-02-11,20.17,12.2733,14.7603
2014-02-10,20.2,12.3223,14.8192
2014-02-07,19.87,12.1603,14.6426
2014-02-06,20.14,12.3573,14.8964
2014-02-05,19.63,12.0614,14.5225
2014-02-04,19.34,11.8519,14.3153
2014-02-03,19.27,11.7946,14.2688
2014-01-31,19.31,11.73,14.2499
2014-01-30,19.41,11.7729,14.271
2014-01-29,19.68,11.8855,14.4049
2014-01-28,19.72,11.9025,14.4554
2014-01-27,19.83,11.9696,14.5041
2014-01-24,20.19,12.1531,14.7157
2014-01-23,20.11,12.1166,14.7521
2014-01-22,19.87,12.006,14.6588
2014-01-21,20.03,12.2045,14.8151
2014-01-20,20.29,12.3464,14.9686
2014-01-17,20.01,12.1715,14.7176
2014-01-16,20,12.2414,14.694
2014-01-15,20.09,12.2299,14.7536
2014-01-14,20.27,12.3364,14.8194
2014-01-13,20.09,12.2172,14.6986
2014-01-10,19.8,12.0621,14.5631
2014-01-09,19.54,11.8654,14.3666
2014-01-08,19.52,11.8829,14.3709
2014-01-07,20.02,12.1962,14.6753
2014-01-06,20.04,12.2382,14.7299
2014-01-03,20.18,12.2615,14.7947
2014-01-02,19.94,12.0688,14.5696
