"Date","aluminum","copper","gold","silver","crude_oil"
2015-01-02,2168.5,2.8385,1184.25,15.71,52.689999
2015-01-05,2148.25,2.793,1192,15.88,50.040001
2015-01-06,2144.5,2.804,1211,16.29,47.93
2015-01-07,2165,2.796,1213.75,16.33,48.650002
2015-01-08,2202.75,2.807,1206.5,16.37,48.790001
2015-01-09,2189,2.7905,1211.25,16.24,48.360001
2015-01-12,2197.75,2.763,1222,16.52,46.07
2015-01-13,2189.5,2.679,1239,17,45.889999
2015-01-14,2171.5,2.553,1228.75,16.64,48.48
2015-01-15,2203.25,2.611,1235.25,17.12,46.25
2015-01-16,2242.75,2.654,1258.25,16.92,48.689999
2015-01-20,2242,2.6155,1292.25,17.8,46.389999
2015-01-21,2267.25,2.615,1298,18.22,47.779999
2015-01-22,2272.25,2.6005,1287,18.08,46.310001
2015-01-23,2229,2.5375,1293.5,18.23,45.59
2015-01-26,2281.75,2.5735,1282.75,17.83,45.150002
2015-01-27,2275,2.5135,1279,17.87,46.23
2015-01-28,2281,2.5215,1287,18.01,44.450001
2015-01-29,2249.5,2.4705,1275.5,17.43,44.529999
2015-01-30,2295.5,2.528,1263.5,16.92,48.240002
2015-02-02,2297.5,2.511,1274.25,17.22,49.57
2015-02-03,2311.75,2.6,1281,17.59,53.049999
2015-02-04,2296.5,2.612,1269.25,17.39,48.450001
2015-02-05,2309.5,2.612,1263.75,17,50.48
2015-02-06,2260.25,2.603,1264,17.22,51.689999
2015-02-09,2249.5,2.599,1242.25,16.97,52.860001
2015-02-10,2204.75,2.5625,1237.5,16.8,50.02
2015-02-11,2182,2.5525,1235.5,16.95,48.84
2015-02-12,2212.75,2.609,1225.25,16.89,51.209999
2015-02-13,2210.5,2.6135,1225.75,16.86,52.779999
2015-02-17,2133.5,2.5945,1221.75,16.82,53.529999
2015-02-18,2072.75,2.6395,1206.5,16.42,52.139999
2015-02-19,2072.75,2.6415,1217.75,16.73,51.16
2015-02-20,2111,2.6105,1203.5,16.34,50.34
2015-02-23,2074.5,2.6395,1193.5,16.2,49.450001
2015-02-24,2067.25,2.7115,1195.5,16.32,49.279999
2015-02-25,2076,2.7075,1206.5,16.51,50.990002
2015-02-26,2105.25,2.714,1220,16.82,48.169998
2015-02-27,2071.5,2.716,1205,16.53,49.759998
2015-03-02,2070.5,2.711,1216.75,16.63,49.59
2015-03-03,2106.25,2.6735,1207.75,16.42,50.52
2015-03-04,2071,2.677,1204.25,16.32,51.529999
2015-03-05,2066.25,2.672,1199.75,16.19,50.759998
2015-03-06,2058.5,2.629,1196.5,15.99,49.610001
2015-03-09,2080.5,2.687,1173.75,15.92,50
2015-03-10,2030,2.635,1161,15.78,48.290001
2015-03-11,2026.75,2.6225,1158.75,15.64,48.169998
2015-03-12,2009.75,2.6745,1161.25,15.68,47.049999
2015-03-13,2026.5,2.6785,1156.5,15.5,44.84
2015-03-16,2033,2.6775,1157,15.58,43.880001
2015-03-17,2042,2.6415,1154.75,15.56,43.459999
2015-03-18,2041.75,2.587,1149,15.47,44.66
2015-03-19,2062,2.6745,1164,15.88,43.959999
2015-03-20,2088,2.775,1171.75,16.17,45.720001
2015-03-23,2084.75,2.808,1181.4,16.73,47.450001
2015-03-24,2084.5,2.815,1193.25,16.97,47.509998
2015-03-25,2037,2.805,1192.55,16.94,49.209999
2015-03-26,2061.25,2.8215,1209.4,17.13,51.43
2015-03-27,2041.75,2.775,1198,17.14,48.869999
2015-03-30,2050.75,2.7875,1187.4,16.65,48.68
2015-03-31,2062.5,2.747,1179.25,16.6,47.599998
2015-04-01,2036,2.7565,1181.25,16.56,50.09
2015-04-02,2035.25,2.748,1201.5,16.84,49.139999
2015-04-07,2042,2.777,1208.5,16.86,53.98
2015-04-08,2017.75,2.7485,1211.1,16.84,50.419998
2015-04-09,2014.75,2.745,1196,16.3,50.790001
2015-04-10,1990.5,2.7505,1201.9,16.55,51.639999
2015-04-13,1984.25,2.737,1197.85,16.27,51.91
2015-04-14,1994.5,2.7195,1191.45,16.08,53.290001
2015-04-15,2018.75,2.7295,1189.85,16.18,56.389999
2015-04-16,1997.5,2.7855,1204.6,16.47,56.709999
2015-04-17,1990.75,2.7835,1204.55,16.36,55.740002
2015-04-20,1986.75,2.7355,1203.25,16.09,56.380001
2015-04-21,1984.25,2.705,1197.7,16.08,55.259998
2015-04-22,1977.5,2.6695,1202.4,16.05,56.16
2015-04-23,1960.5,2.698,1187.75,15.86,57.740002
2015-04-24,1993,2.752,1192.15,15.83,57.150002
2015-04-27,1993,2.774,1182.75,15.84,56.990002
2015-04-28,2039.75,2.78,1201.4,16.32,57.060001
2015-04-29,2008.25,2.795,1204.8,16.48,58.580002
2015-04-30,2025,2.8865,1204.3,16.52,59.630001
2015-05-01,2023.5,2.9315,1179,16.17,59.150002
2015-05-05,2069,2.94,1187.4,16.42,60.400002
2015-05-06,2049.25,2.9325,1191.25,16.41,60.93
2015-05-07,2012,2.926,1183,16.35,58.939999
2015-05-08,2013.25,2.931,1185.25,16.31,59.389999
2015-05-11,2001.75,2.9175,1184.75,16.39,59.25
2015-05-12,2018.25,2.9505,1184.45,16.46,60.75
2015-05-13,2006.5,2.95,1193,16.65,60.5
2015-05-14,1990,2.946,1214.75,17.4,59.880001
2015-05-15,1973.25,2.949,1216.3,17.25,59.689999
2015-05-18,1938.25,2.93,1228.15,17.7,59.43
2015-05-19,1938.25,2.8615,1219.65,17.4,57.259998
2015-05-20,1876.75,2.8515,1206.75,17.07,58.98
2015-05-21,1875,2.871,1209.6,17.18,60.720001
2015-05-22,1867.25,2.8335,1211,17.25,59.720001
2015-05-26,1850.25,2.8535,1194,16.79,58.029999
2015-05-27,1835.75,2.816,1187.85,16.66,57.509998
2015-05-28,1874.25,2.793,1189.45,16.68,57.68
2015-05-29,1835,2.7595,1190.4,16.67,60.299999
2015-06-01,1867.75,2.741,1187.3,16.61,60.200001
2015-06-02,1845,2.758,1188.75,16.7,61.259998
2015-06-03,1852,2.7505,1186.6,16.6,59.639999
2015-06-04,1839.25,2.7155,1182.45,16.47,58
2015-06-05,1847.25,2.722,1175.9,16.15,59.130001
2015-06-08,1804.25,2.716,1173.4,16.06,58.139999
2015-06-09,1841,2.7405,1181,16.13,60.139999
2015-06-10,1858.75,2.7715,1186,16.13,61.43
2015-06-11,1838.5,2.693,1180.5,15.87,60.77
2015-06-12,1844.75,2.6995,1179.25,15.93,59.959999
2015-06-15,1820,2.659,1178.25,15.93,59.52
2015-06-16,1822,2.6265,1182.1,16.03,59.970001
2015-06-17,1812.5,2.623,1178.5,15.98,59.919998
2015-06-18,1815,2.6285,1198,16.24,60.450001
2015-06-19,1792.5,2.592,1198.15,16.12,59.610001
2015-06-22,1809.75,2.588,1193.7,16.19,59.68
2015-06-23,1837.5,2.634,1183.35,15.96,61.009998
2015-06-24,1823.25,2.6465,1175.75,15.89,60.27
2015-06-25,1822.25,2.6455,1174.6,15.77,59.700001
2015-06-26,1827.75,2.645,1174.4,15.83,59.630001
2015-06-29,1813,2.6385,1176.5,15.83,58.330002
2015-06-30,1804.75,2.6235,1175,15.7,59.470001
2015-07-01,1836.25,2.6355,1171.7,15.63,56.959999
2015-07-02,1831.5,2.6345,1164.3,15.61,56.93
2015-07-06,1799.5,2.543,1164.25,15.59,52.529999
2015-07-07,1764.5,2.451,1166.25,15.61,52.330002
2015-07-08,1765.5,2.504,1154.25,14.99,51.650002
2015-07-09,1788.5,2.558,1162.1,15.38,52.779999
2015-07-10,1789,2.5455,1162.4,15.45,52.740002
2015-07-13,1797.5,2.5555,1154.95,15.45,52.200001
2015-07-14,1791.5,2.5445,1153.2,15.28,53.040001
2015-07-15,1778.75,2.5305,1154.75,15.31,51.41
2015-07-16,1775.5,2.5315,1145.1,14.93,50.91
2015-07-17,1775,2.5045,1143,15.01,50.889999
2015-07-20,1763,2.484,1115,14.84,50.150002
2015-07-21,1717.5,2.4775,1108,14.75,50.360001
2015-07-22,1712,2.4315,1096.8,14.78,49.189999
2015-07-23,1693,2.3855,1101.65,14.88,48.450001
2015-07-24,1697.5,2.3815,1083.75,14.49,48.139999
2015-07-27,1721.75,2.3505,1098.6,14.69,47.389999
2015-07-28,1733.25,2.403,1095.6,14.54,47.98
2015-07-29,1733,2.408,1096.75,14.61,48.790001
2015-07-30,1732,2.3815,1085.65,14.64,48.52
2015-07-31,1705.5,2.3675,1080.05,14.56,47.119999
2015-08-03,1690,2.3475,1093,14.73,45.169998
2015-08-04,1695.75,2.365,1092.6,14.54,45.740002
2015-08-05,1672.25,2.353,1086.5,14.52,45.150002
2015-08-06,1695.75,2.348,1085,14.59,44.66
2015-08-07,1670.5,2.3415,1091.35,14.75,43.869999
2015-08-10,1722,2.4075,1094.8,14.88,44.959999
2015-08-11,1691.5,2.341,1113.25,15.31,43.080002
2015-08-12,1693.75,2.3605,1116.8,15.36,43.299999
2015-08-13,1667,2.3655,1117.35,15.33,42.23
2015-08-14,1672.75,2.364,1116.75,15.55,42.5
2015-08-17,1662,2.3325,1117.3,15.23,41.869999
2015-08-18,1649.25,2.297,1119.15,15.23,42.619999
2015-08-19,1651,2.283,1123.2,14.84,40.799999
2015-08-20,1659.5,2.323,1137.95,15.5,41.139999
2015-08-21,1632,2.307,1149.35,15.46,40.450001
2015-08-24,1601.5,2.269,1153.5,14.94,38.240002
2015-08-25,1635,2.323,1154.25,14.87,39.310001
2015-08-26,1611.5,2.251,1134.4,14.41,38.599998
2015-08-27,1652.5,2.334,1128.5,14.27,42.560001
2015-08-28,1688.5,2.3465,1125.5,14.44,45.220001
2015-09-01,1690,2.3025,1141.9,14.68,45.41
2015-09-02,1679.5,2.333,1140,14.56,46.25
2015-09-03,1713,2.39,1130.05,14.71,46.75
2015-09-04,1688.5,2.3195,1125,14.69,46.049999
2015-09-08,1712.5,2.4385,1120.85,14.63,45.939999
2015-09-09,1720.5,2.4425,1122.3,14.77,44.150002
2015-09-10,1721.25,2.4545,1107.75,14.72,45.919998
2015-09-11,1720,2.462,1106.35,14.58,44.630001
2015-09-14,1706.5,2.414,1108,14.43,44
2015-09-15,1696,2.436,1105.5,14.35,44.59
2015-09-16,1722.5,2.4615,1109.75,14.51,47.150002
2015-09-17,1720.5,2.4615,1118.15,14.76,46.900002
2015-09-18,1712,2.397,1136,15.26,44.68
2015-09-21,1704.5,2.3985,1136.85,15.18,46.68
2015-09-22,1675.5,2.307,1129.3,14.94,45.830002
2015-09-23,1663,2.3055,1124.6,14.8,44.48
2015-09-24,1664.5,2.312,1134.45,14.79,44.91
2015-09-25,1652.5,2.2915,1145.5,14.99,45.700001
2015-09-28,1629,2.256,1137.5,14.7,44.43
2015-09-29,1639.5,2.2535,1124.6,14.56,45.23
2015-09-30,1641.25,2.3455,1122.5,14.65,45.09
2015-10-01,1630,2.3075,1114.2,14.55,44.740002
2015-10-02,1607,2.3295,1106.3,14.43,45.540001
2015-10-05,1603.75,2.36,1134.35,15.25,46.259998
2015-10-06,1616.25,2.359,1136.9,15.67,48.529999
2015-10-07,1627,2.3715,1147.9,15.82,47.810001
2015-10-08,1620,2.347,1143.3,15.61,49.43
2015-10-09,1681.25,2.417,1151.5,15.99,49.630001
2015-10-12,1672,2.4195,1164.2,15.96,47.099998
2015-10-13,1658.5,2.3915,1154.4,15.61,46.66
2015-10-14,1658.5,2.42,1173.7,15.84,46.639999
2015-10-15,1648.75,2.426,1183.35,16.18,46.380001
2015-10-16,1646.5,2.407,1176.35,16.04,47.259998
2015-10-19,1617.5,2.3715,1171.65,15.86,45.889999
2015-10-20,1602,2.3695,1173.7,15.86,45.549999
2015-10-21,1584.5,2.364,1174.4,15.75,45.200001
2015-10-22,1569.5,2.3845,1166.45,15.77,45.380001
2015-10-23,1565,2.35,1171.55,15.98,44.599998
2015-10-26,1558.25,2.3565,1168.5,16.1,43.98
2015-10-27,1559.75,2.358,1165.75,15.8,43.200001
2015-10-28,1561.25,2.3545,1171.5,16.03,45.939999
2015-10-29,1554.5,2.3155,1159,15.82,46.060001
2015-10-30,1557,2.3135,1147.75,15.63,46.59
2015-11-02,1569.25,2.3155,1135.8,15.4,46.139999
2015-11-03,1595.5,2.327,1130.9,15.38,47.900002
2015-11-04,1619,2.3195,1118,15.26,46.32
2015-11-05,1626.5,2.2535,1107.3,15.02,45.200001
2015-11-06,1649.75,2.2415,1107.7,15.08,44.290001
2015-11-09,1656.75,2.23,1095.6,14.78,43.869999
2015-11-10,1642.75,2.2165,1092.5,14.55,44.209999
2015-11-11,1651.5,2.2165,1088.6,14.44,42.93
2015-11-12,1626.75,2.173,1087.6,14.39,41.75
2015-11-13,1626.5,2.17,1083.75,14.39,40.740002
2015-11-16,1603.5,2.118,1094.5,14.36,41.740002
2015-11-17,1611.25,2.1055,1080.8,14.25,40.669998
2015-11-18,1611.75,2.078,1070.5,14.17,40.75
2015-11-19,1607.5,2.0765,1073.1,14.21,40.540001
2015-11-20,1589,2.054,1085.15,14.29,40.389999
2015-11-23,1579,2.0195,1068.35,13.98,41.75
2015-11-24,1591,2.0535,1073,14.14,42.869999
2015-11-25,1611,2.0445,1072.2,14.07,43.040001
2015-11-27,1625,2.0505,1064.65,14.11,41.709999
2015-11-30,1602.5,2.0445,1055.65,14.08,41.650002
2015-12-01,1630.25,2.0665,1069.25,14.21,41.849998
2015-12-02,1646.75,2.029,1066.9,14.14,39.939999
2015-12-03,1634.5,2.056,1050.6,13.93,41.080002
2015-12-04,1669.5,2.074,1063,14.13,39.970001
2015-12-07,1641.5,2.0445,1082.7,14.49,37.650002
2015-12-08,1628.25,2.048,1071.75,14.24,37.509998
2015-12-09,1643.25,2.06,1078.4,14.27,37.16
2015-12-10,1641.75,2.065,1072,14.17,36.759998
2015-12-11,1636.5,2.108,1067.2,13.92,35.619999
2015-12-14,1645,2.104,1068,13.71,36.310001
2015-12-15,1626,2.051,1069.15,13.74,37.349998
2015-12-16,1640,2.061,1065.75,13.74,35.52
2015-12-17,1629,2.0345,1065.85,14.08,34.950001
2015-12-18,1657,2.103,1055.25,13.82,34.73
2015-12-21,1664.25,2.129,1071.15,14.2,34.740002
2015-12-22,1654.5,2.097,1077,14.24,36.139999
2015-12-23,1680,2.1115,1071.5,14.33,37.5
2015-12-24,1697.75,2.1115,1071.9,14.2,38.099998
2015-12-29,1670.75,2.125,1067.25,13.93,37.869999
2015-12-30,1661.25,2.137,1067.8,13.82,36.599998
2015-12-31,1634.5,2.1255,1062.25,13.82,37.040001
2016-01-04,1601.5,2.0705,1072.7,14,36.759998
2016-01-05,1593.25,2.0885,1078,14.01,35.970001
2016-01-06,1607,2.0805,1083.85,14.005,33.970001
2016-01-07,1607.75,2.0155,1096,14.03,33.27
2016-01-08,1624.5,2.0165,1097.45,14.04,33.16
2016-01-11,1596.5,1.9675,1104.7,13.97,31.41
2016-01-12,1584.5,1.953,1094.85,13.88,30.440001
2016-01-13,1599.75,1.9505,1081.8,13.83,30.48
2016-01-14,1621.25,1.971,1090.75,14.02,31.200001
2016-01-15,1609.5,1.9395,1081.1,13.8,29.42
2016-01-19,1620,1.9735,1087,14.03,28.459999
2016-01-20,1605.5,1.956,1093.2,14.05,26.549999
2016-01-21,1618.75,1.993,1096.8,14.01,29.530001
2016-01-22,1620,1.9985,1097.65,14.17,32.189999
2016-01-25,1612.25,1.9955,1103.7,14.22,30.34
2016-01-26,1627.75,2.034,1114.7,14.33,31.450001
2016-01-27,1650,2.063,1116.5,14.38,32.299999
2016-01-28,1639.75,2.049,1119,13.58,33.220001
2016-01-29,1643.25,2.064,1112.9,14.08,33.619999
2016-02-01,1646.75,2.0515,1122,14.33,31.620001
2016-02-02,1628.75,2.052,1123.6,14.26,29.879999
2016-02-03,1645,2.092,1130,14.41,32.279999
2016-02-04,1652.25,2.128,1146.25,14.74,31.719999
2016-02-05,1611.25,2.1005,1158.5,14.91,30.889999
2016-02-08,1617.25,2.0885,1173.4,14.94,29.690001
2016-02-09,1591.75,2.0385,1188.9,15.34,27.940001
2016-02-10,1588,2.025,1183.4,15.12,27.450001
2016-02-11,1592.5,2.004,1223.25,15.65,26.209999
2016-02-12,1604.25,2.027,1239.5,15.64,29.440001
2016-02-16,1626,2.049,1212,15.35,29.040001
2016-02-17,1615.25,2.074,1202.4,15.25,30.66
2016-02-18,1612.25,2.0715,1204.4,15.25,30.77
2016-02-19,1630.75,2.0755,1221.5,15.37,29.639999
2016-02-22,1662.5,2.113,1203.65,15,31.48
2016-02-23,1631.25,2.1045,1218.75,15.21,31.870001
2016-02-24,1654,2.095,1232.25,15.32,32.150002
2016-02-25,1644.5,2.065,1235.4,15.16,33.07
2016-02-26,1644.5,2.118,1231,15.17,32.779999
2016-02-29,1656,2.1285,1234.15,14.75,33.75
2016-03-01,1653.75,2.1415,1240,14.99,34.400002
2016-03-02,1669.25,2.1775,1229.35,14.82,34.66
2016-03-03,1663.25,2.2045,1241.95,14.97,34.57
2016-03-04,1673,2.271,1271.5,15.43,35.919998
2016-03-07,1691.25,2.2805,1267.6,15.66,37.900002
2016-03-08,1659,2.2185,1274.1,15.66,36.5
2016-03-09,1673,2.23,1258.25,15.27,38.290001
2016-03-10,1652.25,2.2175,1247.25,15.27,37.84
2016-03-11,1652.25,2.2385,1262.25,15.5,38.5
2016-03-14,1633.75,2.237,1256.55,15.6,37.18
2016-03-15,1615.5,2.231,1233.6,15.32,36.34
2016-03-16,1604.5,2.2315,1233.1,15.29,38.459999
2016-03-17,1615.25,2.289,1269.6,15.73,40.200001
2016-03-18,1606.25,2.2795,1254.5,15.94,39.439999
2016-03-21,1610,2.2895,1244.25,15.81,39.91
2016-03-22,1594,2.2845,1251.8,15.89,41.450001
2016-03-23,1582.75,2.2305,1232.2,15.58,39.790001
2016-03-24,1578,2.2245,1216.45,15.28,39.459999
2016-03-29,1580.25,2.2085,1216.45,15.06,38.279999
2016-03-30,1590,2.187,1238.2,15.38,38.32
2016-03-31,1603.25,2.1815,1233.6,15.38,38.34
2016-04-01,1611.75,2.161,1232.1,15.38,36.790001
2016-04-04,1608.75,2.138,1215,14.96,35.700001
2016-04-05,1598.5,2.135,1231.5,15.19,35.889999
2016-04-06,1589.75,2.1405,1225.75,15.07,37.75
2016-04-07,1578.25,2.0745,1237.5,15.22,37.259998
2016-04-08,1594,2.0865,1235,15.16,39.720001
2016-04-11,1578.75,2.0885,1247.25,15.56,40.360001
2016-04-12,1602,2.145,1259.2,15.96,42.169998
2016-04-13,1628.5,2.1675,1245.75,15.98,41.759998
2016-04-14,1629.5,2.171,1240.3,16.13,41.5
2016-04-15,1624.75,2.152,1229.75,16.17,40.360001
2016-04-18,1639,2.164,1237.7,16.2,39.779999
2016-04-19,1658.25,2.223,1241.7,16.62,41.080002
2016-04-20,1691.75,2.242,1247.75,16.97,42.630001
2016-04-21,1702.25,2.252,1257.65,17.32,43.18
2016-04-22,1719.25,2.269,1245.4,17.19,43.73
2016-04-25,1722.25,2.2585,1230.85,16.86,42.639999
2016-04-26,1714.75,2.2485,1234.5,16.95,44.040001
2016-04-27,1708,2.2205,1244.75,17.34,45.330002
2016-04-28,1726,2.2245,1256.6,17.35,46.029999
2016-04-29,1732.75,2.279,1274.5,17.855,45.919998
2016-05-03,1692.25,2.2145,1296.5,17.49,43.650002
2016-05-04,1687.75,2.183,1280.3,17.18,43.779999
2016-05-05,1666,2.151,1275.75,17.38,44.32
2016-05-06,1663.75,2.151,1280.25,17.31,44.66
2016-05-09,1630.5,2.104,1277.75,17.33,43.439999
2016-05-10,1624.75,2.09,1264.85,17.04,44.66
2016-05-11,1633.25,2.101,1271.8,17.51,46.23
2016-05-12,1612.25,2.073,1268.3,17.23,46.700001
2016-05-13,1600.25,2.075,1275.15,17.09,46.209999
2016-05-16,1608.75,2.091,1281,17.32,47.720001
2016-05-17,1604.75,2.092,1270.1,17.08,48.310001
2016-05-18,1609.25,2.0815,1270.9,17.05,48.189999
2016-05-19,1605.25,2.063,1253.75,16.6,48.16
2016-05-20,1604,2.0585,1256.5,16.56,47.75
2016-05-23,1610.25,2.0575,1250.4,16.31,48.080002
2016-05-24,1609.5,2.0695,1242.65,16.27,48.619999
2016-05-25,1595.25,2.105,1220.75,16.205,49.560001
2016-05-26,1613.5,2.1065,1226.65,16.46,49.48
2016-05-27,1607.75,2.114,1221.25,16.3,49.330002
2016-05-31,1609.75,2.0975,1210.5,16.06,49.099998
2016-06-01,1618,2.0725,1216.25,15.95,49.009998
2016-06-02,1594.25,2.0695,1215.5,15.98,49.169998
2016-06-03,1598.5,2.112,1211,16.1,48.619999
2016-06-06,1606,2.117,1240.55,16.4,49.689999
2016-06-07,1610.5,2.051,1241.1,16.31,50.360001
2016-06-08,1656.5,2.0625,1252.4,16.75,51.23
2016-06-09,1631,2.04,1258.35,17.05,50.560001
2016-06-10,1629,2.0315,1266.6,17.32,49.07
2016-06-13,1656.25,2.0575,1284.1,17.32,48.880001
2016-06-14,1665.75,2.0445,1279.4,17.25,48.490002
2016-06-15,1683.25,2.0935,1282,17.41,48.009998
2016-06-16,1652.75,2.05,1307,17.71,46.209999
2016-06-17,1666.25,2.0525,1284.5,17.37,47.98
2016-06-20,1683.25,2.0935,1283.25,17.335,49.369999
2016-06-21,1686.5,2.1165,1280.8,17.36,48.849998
2016-06-22,1680.75,2.1355,1265,17.2,49.130001
2016-06-23,1690.25,2.1635,1265.75,17.29,50.110001
2016-06-24,1665.5,2.112,1313.85,18.04,47.639999
2016-06-27,1643.25,2.1265,1324.6,17.7,46.330002
2016-06-28,1667.25,2.17,1312,17.57,47.849998
2016-06-29,1678.75,2.1835,1317.75,18.21,49.880001
2016-06-30,1688.75,2.1945,1317,18.36,48.330002
2016-07-01,1704.75,2.215,1331.75,19.24,48.990002
2016-07-05,1685.75,2.1815,1344.75,19.73,46.599998
2016-07-06,1691.75,2.1515,1370,20.43,47.43
2016-07-07,1679,2.1225,1367.1,19.95,45.139999
2016-07-08,1699,2.1185,1356.1,19.72,45.41
2016-07-11,1689,2.147,1358.25,20.47,44.759998
2016-07-12,1714,2.211,1352.85,20.35,46.799999
2016-07-13,1710.5,2.238,1340.25,20.29,44.75
2016-07-14,1719,2.241,1325.7,20.25,45.68
2016-07-15,1708.25,2.2305,1330.5,20.14,45.950001
2016-07-18,1686.5,2.234,1326.15,19.72,45.240002
2016-07-19,1679,2.2615,1332.2,19.99,44.650002
2016-07-20,1648.75,2.252,1325.6,19.7,44.939999
2016-07-21,1632.75,2.256,1322,19.34,44.75
2016-07-22,1642.25,2.234,1323.2,19.7,44.189999
2016-07-25,1642.75,2.216,1315,19.41,43.130001
2016-07-26,1627.5,2.225,1321.25,19.68,42.919998
2016-07-27,1632,2.185,1320.8,19.58,41.919998
2016-07-28,1643,2.206,1341.3,20.41,41.139999
2016-07-29,1674.5,2.2205,1332.5,20.04,41.599998
2016-08-01,1668,2.1965,1348.85,20.51,40.060001
2016-08-02,1661,2.2065,1358.15,20.71,39.509998
2016-08-03,1673.75,2.196,1364.4,20.59,40.830002
2016-08-04,1661.75,2.174,1351.15,20.16,41.93
2016-08-05,1681.5,2.153,1362.6,20.22,41.799999
2016-08-08,1678,2.164,1330,19.66,43.02
2016-08-09,1686,2.1495,1332.9,19.7,42.77
2016-08-10,1692,2.1705,1351.85,20.335,41.709999
2016-08-11,1696.75,2.19,1344.55,20.21,43.490002
2016-08-12,1696.5,2.1405,1336.7,19.87,44.490002
2016-08-15,1715.25,2.1515,1339.2,19.9,45.740002
2016-08-16,1728.75,2.172,1349.1,20.035,46.580002
2016-08-17,1722.75,2.152,1342.75,19.57,46.790001
2016-08-18,1717,2.167,1347.1,19.78,48.220001
2016-08-19,1707.75,2.1665,1346.85,19.415,48.52
2016-08-22,1707.75,2.14,1334.3,18.91,47.049999
2016-08-23,1710.25,2.115,1338.5,18.98,48.099998
2016-08-24,1689,2.076,1337.3,18.84,46.77
2016-08-25,1687.75,2.0755,1324.5,18.5,47.330002
2016-08-26,1687.25,2.075,1324.9,18.67,47.639999
2016-08-30,1668.75,2.069,1318.85,18.78,46.349998
2016-08-31,1659.75,2.0695,1314.45,18.74,44.700001
2016-09-01,1658,2.0685,1305.7,18.65,43.16
2016-09-02,1644.75,2.0715,1311.5,18.75,44.439999
2016-09-29,1726.25,2.181,1320.85,19.01,47.830002
2016-09-30,1736.25,2.202,1327.9,19.35,48.240002
2016-10-03,1729,2.1835,1318.65,19.18,48.810001
2016-10-04,1731.5,2.1585,1309.15,18.74,48.689999
2016-10-05,1741.75,2.156,1274,17.8,49.830002
2016-10-28,1793.75,2.1885,1265.9,17.61,48.700001
2016-10-31,1806,2.2005,1274.2,17.76,46.860001
2016-11-01,1791.25,2.2245,1284.4,18.24,46.669998
2016-11-02,1777.25,2.226,1295.85,18.54,45.34
2016-11-03,1813.5,2.2445,1293,18.07,44.66
2016-11-04,1796.25,2.261,1301.7,18.3,44.07
2016-11-07,1811.75,2.3065,1286.8,18.22,44.889999
2016-11-08,1816.75,2.379,1284,18.26,44.98
2016-11-09,1847.25,2.459,1304.55,18.81,45.27
2016-11-10,1867.5,2.5495,1280.9,18.75,44.66
2016-11-14,1849.5,2.5185,1222.6,17.195,43.32
2016-11-15,1849.5,2.502,1228.9,17,45.810001
2016-11-16,1813,2.465,1225.7,16.95,45.57
2016-11-17,1808.5,2.4875,1232,17.04,45.419998
2016-11-18,1824,2.464,1206.1,16.51,45.689999
2016-11-21,1840.75,2.5125,1214.95,16.68,47.490002
2016-11-22,1876.75,2.5425,1217.55,16.76,48.029999
2016-11-23,1895.25,2.606,1213.25,16.56,47.959999
2016-11-25,1866.5,2.667,1187.5,16.465,46.060001
2016-11-28,1877.5,2.656,1189.1,16.68,47.080002
2016-11-29,1842,2.595,1187.3,16.54,45.23
2016-11-30,1858.5,2.6215,1187.4,16.67,49.439999
2016-12-01,1842,2.6315,1168.75,16.3,51.060001
2016-12-02,1841.25,2.615,1171.65,16.35,51.68
2016-12-05,1859.25,2.689,1164.9,16.62,51.790001
2016-12-06,1826,2.672,1171.15,16.79,50.93
2016-12-07,1818.75,2.637,1171.25,16.77,49.77
2016-12-08,1828.75,2.62,1174.75,17.13,50.84
2016-12-09,1855.25,2.642,1168.9,16.95,51.5
2016-12-12,1841,2.613,1154.4,16.86,52.830002
2016-12-13,1850,2.593,1157.35,17.01,52.98
2016-12-14,1851.75,2.6,1160.95,17.11,51.040001
2016-12-15,1852.5,2.596,1132.45,16.14,50.900002
2016-12-16,1831.25,2.561,1134.85,16.05,51.900002
2016-12-19,1823,2.4965,1137.6,16,52.119999
2016-12-20,1829.5,2.4995,1132.75,15.8,52.23
2016-12-21,1829.5,2.4915,1134.4,16.03,52.490002
2016-12-22,1829.5,2.4945,1130.55,15.77,52.950001
2016-12-23,1829.5,2.4725,1131,15.74,53.02
2016-12-28,1811.75,2.495,1139.75,15.85,54.060001
2016-12-29,1794,2.479,1146.8,16.06,53.77
2016-12-30,1794,2.4975,1159.1,16.24,53.720001
2017-01-03,1792.5,2.481,1148.65,15.95,52.330002
2017-01-04,1793.75,2.548,1165.9,16.42,53.259998
2017-01-05,1810.25,2.5295,1173.05,16.59,53.759998
2017-01-06,1803,2.538,1178,16.45,53.990002
2017-01-09,1820.25,2.53,1176.1,16.52,51.959999
2017-01-10,1842.75,2.6035,1183.2,16.665,50.82
2017-01-11,1858.75,2.601,1187.55,16.79,52.25
2017-01-12,1886.5,2.6605,1206.65,16.91,53.009998
2017-01-13,1902.5,2.6805,1196.35,16.76,52.369999
2017-01-17,1910.5,2.6165,1217.5,17,52.48
2017-01-18,1957.75,2.608,1212.5,17.12,51.080002
2017-01-19,1952.25,2.6015,1203.35,16.95,51.369999
2017-01-20,1964,2.617,1199.1,16.89,52.419998
2017-01-23,1964.5,2.6395,1213.75,17.14,52.75
2017-01-24,1980.75,2.7005,1213.3,17.105,53.18
2017-01-25,1948,2.7025,1203.5,16.93,52.75
2017-01-26,1929.25,2.666,1191.55,16.86,53.779999
2017-01-27,1923.25,2.68,1184.2,16.7,53.169998
2017-01-30,1912,2.6475,1189.85,17.1,52.630001
2017-01-31,1925,2.7215,1198.8,17.29,52.810001
2017-02-01,1920.75,2.7045,1210,17.6,53.880001
2017-02-02,1930.25,2.678,1224.05,17.71,53.540001
2017-02-03,1935,2.6095,1213.05,17.28,53.830002
2017-02-06,1949,2.6455,1221.85,17.6,53.009998
2017-02-07,1940,2.626,1231,17.6,52.169998
2017-02-08,1957,2.6605,1235.6,17.74,52.34
2017-02-09,1956.75,2.648,1241.75,17.715,53
2017-02-10,1975.75,2.762,1225.75,17.62,53.860001
2017-02-13,1973,2.7765,1229.4,17.97,52.93
2017-02-14,1995.25,2.731,1229.65,17.905,53.200001
2017-02-15,2017.25,2.736,1225.15,17.88,53.110001
2017-02-16,2001.25,2.716,1236.75,18.1,53.360001
2017-02-17,1985.75,2.7055,1241.4,18.005,53.400002
2017-02-21,1990.25,2.7455,1228.7,17.89,54.060001
2017-02-22,1989,2.7325,1237.5,18,53.59
2017-02-23,1965,2.6425,1237.35,18,54.450001
2017-02-24,1984.75,2.68,1255.35,18.27,53.990002
2017-02-27,1994.25,2.6875,1256.25,18.34,54.049999
2017-02-28,2018.25,2.704,1251.9,18.28,54.009998
2017-03-01,2044.75,2.7265,1246.05,18.33,53.830002
2017-03-02,1998.75,2.6795,1243.3,18.33,52.610001
2017-03-03,1936,2.687,1228.75,17.66,53.330002
2017-03-06,1958,2.643,1231.15,17.81,53.200001
2017-03-07,1950.5,2.6095,1223.7,17.7,53.139999
2017-03-08,1958,2.592,1213.3,17.4,50.279999
2017-03-09,1950,2.57,1204.6,17.14,49.279999
2017-03-10,1957,2.5865,1196.55,16.89,48.490002
2017-03-13,1967.25,2.6165,1207.8,17.02,48.400002
2017-03-14,1953,2.624,1203.55,17,47.720001
2017-03-15,1953,2.6455,1202.25,16.91,48.860001
2017-03-16,1942.75,2.6655,1225.6,17.46,48.75
2017-03-17,1992.5,2.6795,1228.75,17.4,48.779999
2017-03-20,2002.5,2.6555,1233,17.23,48.220001
2017-03-21,2009.75,2.61,1232.05,17.31,47.34
2017-03-22,1999.5,2.622,1246.1,17.58,48.040001
2017-03-23,1999.5,2.6365,1247.9,17.55,47.700001
2017-03-24,2014.25,2.6235,1244,17.63,47.970001
2017-03-27,2003.5,2.625,1256.9,17.94,47.73
2017-03-28,2019,2.669,1253.65,17.94,48.369999
2017-03-29,2028,2.67,1252.9,18.13,49.509998
2017-03-30,2041,2.665,1250.9,18.1,50.349998
2017-03-31,2032,2.6465,1241.7,18.06,50.599998
2017-04-03,2023.5,2.5975,1246.25,18.16,50.240002
2017-04-04,2013.5,2.606,1258.65,18.34,51.029999
2017-04-05,2013.5,2.6755,1252.5,18.26,51.150002
2017-04-06,2029,2.6555,1253.75,18.22,51.700001
2017-04-07,2042.25,2.645,1264.3,18.4,52.240002
2017-04-10,1997.5,2.602,1253.6,17.94,53.080002
2017-04-11,1994.75,2.606,1255.7,17.94,53.400002
2017-04-12,1973.75,2.544,1272.3,18.31,53.110001
2017-04-13,1983.75,2.5695,1286.1,18.56,53.18
2017-04-18,1968.75,2.529,1285,18.42,52.41
2017-04-19,1981,2.5335,1282.05,18.22,50.439999
2017-04-20,2018.5,2.541,1279.9,18.19,50.27
2017-04-21,2012.25,2.5365,1281.5,17.98,49.619999
2017-04-24,2022,2.5535,1271.8,17.81,49.23
2017-04-25,2037.5,2.582,1270.5,17.84,49.560001
2017-04-26,2047.75,2.591,1264.95,17.59,49.619999
2017-04-27,2011.75,2.58,1264.3,17.46,48.970001
2017-04-28,2014.5,2.5965,1265.55,17.41,49.330002
2017-05-02,2036.25,2.625,1255.8,16.95,47.66
2017-05-03,2032.25,2.533,1253.95,16.85,47.82
2017-05-04,2018.75,2.502,1235.85,16.5,45.52
2017-05-05,2010.25,2.5195,1239.4,16.27,46.220001
2017-05-08,1963.75,2.4855,1229.7,16.38,46.43
2017-05-09,1956.75,2.49,1225.15,16.22,45.880001
2017-05-10,1954,2.487,1222.95,16.29,47.330002
2017-05-11,1962.25,2.501,1221,16.37,47.830002
2017-05-12,1983,2.518,1227.9,16.3,47.84
2017-05-15,1992.75,2.533,1231.5,16.59,48.849998
2017-05-16,2009,2.5445,1234.05,16.72,48.66
2017-05-17,2012.5,2.5425,1244.6,16.9,49.07
2017-05-18,2008.25,2.5265,1261.35,16.81,49.349998
2017-05-19,2028.5,2.574,1251.85,16.77,50.330002
2017-05-22,2022.5,2.589,1255.25,16.95,50.73
2017-05-23,2022,2.5905,1259.9,17.14,51.470001
2017-05-24,2018.25,2.578,1251.35,17.03,51.360001
2017-05-25,2031.75,2.592,1257.1,17.15,48.900002
2017-05-26,2028,2.5595,1265,17.29,49.799999
2017-05-30,2002.5,2.561,1262.8,17.27,49.66
2017-05-31,2017.25,2.577,1263.8,17.31,48.32
2017-06-01,2016.75,2.5845,1266.15,17.13,48.360001
2017-06-02,2005.75,2.5715,1260.95,17.19,47.66
2017-06-05,1978.25,2.5545,1280.7,17.52,47.400002
2017-06-06,1963.75,2.5445,1287.85,17.56,48.189999
2017-06-07,1970.75,2.549,1292.7,17.6,45.720001
2017-06-08,1966.75,2.607,1284.8,17.6,45.639999
2017-06-09,1970.75,2.646,1274.25,17.35,45.830002
2017-06-12,1953.25,2.6125,1269.25,17.13,46.080002
2017-06-13,1954.25,2.593,1261.3,16.82,46.459999
2017-06-14,1954.25,2.5705,1268.25,16.96,44.73
2017-06-15,1951.75,2.564,1260.25,16.86,44.459999
2017-06-16,1943.25,2.5625,1256.6,16.76,44.740002
2017-06-19,1955.75,2.5895,1251.1,16.67,44.200001
2017-06-20,1956.75,2.555,1246.5,16.59,43.23
2017-06-21,1937,2.602,1247.05,16.51,42.529999
2017-06-22,1937,2.598,1251.4,16.58,42.740002
2017-06-23,1934,2.623,1256.3,16.71,43.009998
2017-06-26,1928.25,2.625,1240.85,16.53,43.380001
2017-06-27,1951.75,2.6465,1250.4,16.66,44.240002
2017-06-28,1963.5,2.662,1251.6,16.78,44.740002
2017-06-29,1982.25,2.683,1246.6,16.83,44.93
2017-06-30,1984.5,2.699,1243.25,16.47,46.040001
2017-07-05,1989.25,2.649,1221.9,15.95,45.130001
2017-07-11,1961.75,2.6645,1211.9,15.51,45.040001
2017-07-12,1948.5,2.677,1219.4,15.83,45.490002
2017-07-13,1987.5,2.6545,1221.4,15.95,46.080002
2017-07-14,1989,2.684,1218.95,15.71,46.540001
2017-07-17,1978.25,2.717,1229.85,16.07,46.02
2017-07-18,1998,2.7235,1237.1,16.17,46.400002
2017-07-19,1984.25,2.703,1239.85,16.23,47.119999
2017-07-20,1982,2.7085,1236.55,16.18,46.790001
2017-07-21,1981.75,2.715,1247.25,16.43,45.77
2017-07-24,1978.75,2.729,1255.85,16.5,46.34
2017-07-25,1997.25,2.8405,1252,16.31,47.889999
2017-07-26,2002.5,2.869,1245.4,16.37,48.75
2017-07-27,2002.75,2.874,1262.05,16.79,49.040001
2017-07-28,1977.25,2.8705,1259.6,16.56,49.709999
2017-07-31,1983,2.888,1266.35,16.76,50.169998
2017-08-01,1971.25,2.879,1267.05,16.74,49.16
2017-08-02,1990.25,2.8825,1266.65,16.67,49.59
2017-08-03,1983.25,2.877,1261.8,16.47,49.029999
2017-08-04,1975.75,2.885,1269.3,16.7,49.580002
2017-08-07,2010,2.908,1257.55,16.13,49.389999
2017-08-08,2086.5,2.9425,1261.45,16.39,49.169998
2017-08-09,2075.25,2.93,1267.95,16.59,49.560001
2017-08-10,2095.5,2.906,1278.9,17.08,48.59
2017-08-11,2095.5,2.914,1288.3,17.09,48.82
2017-08-14,2092.25,2.9065,1281.1,16.97,47.59
2017-08-15,2103.25,2.8845,1274.6,16.89,47.549999
2017-08-16,2161.75,2.9545,1270.15,16.68,46.779999
2017-08-17,2152.25,2.938,1285.9,17.02,47.09
2017-08-18,2139.25,2.9405,1295.25,17.15,48.509998
2017-08-21,2160,2.981,1287.6,17.02,47.369999
2017-08-22,2147.25,2.9865,1285.1,17.02,47.639999
2017-08-23,2159.5,2.9805,1286.45,17.06,48.41
2017-08-24,2168,3.0335,1285.9,16.93,47.43
2017-08-25,2125.5,3.033,1287.05,17.02,47.869999
2017-08-29,2125.5,3.081,1323.4,17.6,46.439999
2017-08-30,2153.75,3.0645,1310.6,17.44,45.959999
2017-08-31,2169,3.079,1305.8,17.34,47.23
2017-09-01,2194.75,3.098,1318.4,17.5,47.290001
2017-09-05,2155,3.1075,1331.15,17.88,48.66
2017-09-06,2155,3.1315,1340.15,17.77,49.16
2017-09-07,2155,3.123,1340.45,17.79,49.09
2017-09-08,2141.75,3.0215,1350.9,18.21,47.48
2017-09-11,2174.25,3.046,1338.75,17.85,48.07
2017-09-12,2177.25,3.0155,1326.25,17.75,48.23
2017-09-13,2154.25,2.961,1332.25,17.91,49.299999
2017-09-14,2148.25,2.9365,1323,17.75,49.889999
2017-09-15,2136.25,2.928,1325,17.7,49.889999
2017-09-18,2131,2.949,1314.4,17.53,49.91
2017-09-19,2174.5,2.9495,1308.45,17.15,49.48
2017-09-20,2225,2.9495,1314.9,17.38,50.41
2017-09-21,2222,2.914,1297.35,16.95,50.549999
2017-09-22,2208.75,2.9245,1297,16.97,50.66
2017-09-25,2208.5,2.9175,1295.5,16.95,52.220001
2017-09-26,2186.25,2.8975,1306.9,17.01,51.880001
2017-09-27,2189.75,2.911,1291.3,16.89,52.139999
2017-09-28,2198,2.9625,1284.3,16.82,51.560001
2017-09-29,2192.75,2.9375,1286.95,16.86,51.669998
2017-10-02,2175,2.9395,1273.1,16.58,50.580002
2017-10-03,2194.75,2.9485,1270.7,16.61,50.419998
2017-10-04,2231.5,2.9445,1275.55,16.825,49.98
2017-10-05,2240.25,3.0315,1278.4,16.66,50.790001
2017-10-06,2220.75,3.0145,1268.2,16.625,49.290001
2017-10-09,2236.25,3.017,1282.15,16.92,49.580002
2017-10-10,2236.25,3.0455,1289.6,17.12,50.919998
2017-10-11,2236.25,3.08,1290.2,17.15,51.299999
2017-10-12,2236.25,3.104,1294.45,17.195,50.599998
2017-10-13,2236.25,3.1185,1293.9,17.2,51.450001
2017-10-16,2236.25,3.224,1305.15,17.41,51.869999
2017-10-17,2210.25,3.1805,1289.7,17.11,51.880001
2017-10-18,2188.5,3.1635,1280.65,16.95,52.040001
2017-10-19,2225,3.153,1283.4,17.025,51.290001
2017-10-20,2225,3.1515,1280.25,17.075,51.470001
2017-10-23,2225,3.174,1275.25,16.995,51.900002
2017-10-24,2225,3.1865,1278.3,17.035,52.470001
2017-10-25,2225,3.1715,1273,16.89,52.18
2017-10-26,2225,3.1675,1278,16.97,52.639999
2017-10-27,2225,3.0935,1267.8,16.72,53.900002
2017-10-30,2231.5,3.102,1272.75,16.735,54.150002
2017-10-31,2231.5,3.092,1274.4,16.82,54.380001
2017-11-01,2231.5,3.133,1279.25,16.94,54.299999
2017-11-02,2231.5,3.1355,1276.4,17.08,54.540001
2017-11-03,2231.5,3.1105,1275.3,17.085,55.639999
2017-11-06,2231.5,3.1505,1271.6,16.915,57.349998
2017-11-07,2231.5,3.0825,1276.35,17.005,57.200001
2017-11-08,2231.5,3.093,1282.25,16.995,56.810001
2017-11-09,2231.5,3.08,1284,17.1,57.169998
2017-11-10,2231.5,3.0695,1284.45,17,56.740002
2017-11-13,2231.5,3.1115,1278.4,16.925,56.759998
2017-11-14,2231.5,3.06,1273.7,16.935,55.700001
2017-11-15,2231.5,3.049,1285.7,17.115,55.330002
2017-11-16,2231.5,3.0435,1277.7,17.04,55.139999
2017-11-17,2231.5,3.0625,1283.85,17.085,56.549999
2017-11-20,2231.5,3.0905,1292.35,17.145,56.09
2017-11-21,2231.5,3.1255,1280,17,56.830002
2017-11-22,2231.5,3.1345,1283.95,16.965,58.02
2017-11-27,2231.5,3.1325,1294.7,17.1,58.110001
2017-11-28,2231.5,3.0705,1293.9,17.07,57.990002
2017-11-29,2239.5,3.04,1294.85,16.895,57.299999
2017-11-30,2239.5,3.037,1282.15,16.57,57.400002
2017-12-01,2239.5,3.0655,1277.25,16.42,58.360001
2017-12-04,2239.5,3.063,1279.1,16.33,57.470001
2017-12-05,2239.5,2.9205,1275.9,16.285,57.619999
2017-12-06,2239.5,2.9365,1268.55,16.115,55.959999
2017-12-07,2239.5,2.9405,1256.8,15.91,56.689999
2017-12-08,2239.5,2.955,1245.85,15.825,57.360001
2017-12-11,2239.5,2.988,1251.4,15.835,57.990002
2017-12-12,2239.5,2.9995,1243.4,15.78,57.139999
2017-12-13,2239.5,3.0295,1241.6,15.705,56.599998
2017-12-14,2239.5,3.0485,1255.6,16.01,57.040001
2017-12-15,2239.5,3.11,1257.25,15.985,57.299999
2017-12-18,2239.5,3.122,1258.65,16.09,57.16
2017-12-19,2239.5,3.1275,1263.1,16.155,57.459999
2017-12-20,2239.5,3.1715,1265.95,16.185,58.09
2017-12-21,2239.5,3.1945,1265.85,16.145,58.360001
2017-12-22,2239.5,3.2145,1268.05,16.175,58.470001
2017-12-27,2239.5,3.257,1285.4,16.5,59.639999
2017-12-28,2244.5,3.286,1291.6,16.74,59.84
2017-12-29,2244.5,3.2795,1296.5,16.865,60.419998
2018-01-02,2244.5,3.256,1312.8,17.06,60.369999
2018-01-03,2244.5,3.237,1314.6,17.125,61.630001
2018-01-04,2244.5,3.2425,1313.7,17.13,62.009998
2018-01-05,2244.5,3.207,1317.9,17.155,61.439999
2018-01-08,2244.5,3.201,1318.8,17.17,61.73
2018-01-09,2244.5,3.1945,1314.95,17.055,62.959999
2018-01-10,2244.5,3.215,1321.65,17.135,63.57
2018-01-11,2244.5,3.2135,1319.85,17.01,63.799999
2018-01-12,2244.5,3.2,1332.9,17.12,64.300003
2018-01-16,2244.5,3.199,1334.95,17.095,63.73
2018-01-17,2244.5,3.1665,1337.35,17.21,63.970001
2018-01-18,2244.5,3.177,1329.75,17.09,63.950001
2018-01-19,2244.5,3.167,1335.8,17.04,63.369999
2018-01-22,2244.5,3.1775,1334.15,17.035,63.490002
2018-01-23,2244.5,3.0895,1337.1,16.98,64.470001
2018-01-24,2244.5,3.2085,1350.5,17.19,65.610001
2018-01-25,2244.5,3.199,1360.25,17.52,65.510002
2018-01-26,2244.5,3.1825,1354.35,17.4,66.139999
2018-01-30,2250,3.177,1345.7,17.295,64.5
2018-01-31,2250,3.184,1343.35,17.23,64.730003
2018-02-01,2250,3.197,1341.1,17.19,65.800003
2018-02-02,2250,3.1765,1345,17.135,65.449997
2018-02-05,2250,3.2105,1337.1,16.875,64.150002
2018-02-06,2250,3.1775,1344.65,16.805,63.389999
2018-02-07,2250,3.0765,1328.5,16.69,61.790001
2018-02-08,2250,3.072,1311.05,16.345,61.150002
2018-02-09,2250,3.0245,1316.05,16.355,59.200001
2018-02-12,2250,3.0775,1321.7,16.425,59.290001
2018-02-13,2250,3.1545,1329.4,16.605,59.189999
2018-02-14,2250,3.2285,1330.75,16.58,60.599998
2018-02-15,2250,3.239,1353.7,16.825,61.34
2018-02-16,2250,3.243,1358.6,16.835,61.68
2018-02-20,2250,3.186,1337.4,16.57,61.900002
2018-02-21,2250,3.2115,1328.6,16.435,61.68
2018-02-22,2250,3.2375,1323.5,16.465,62.77
2018-02-23,2250,3.2085,1328.9,16.61,63.549999
2018-02-26,2250,3.196,1339.05,16.67,63.91
2018-02-27,2255,3.1575,1332.75,16.61,63.009998
2018-02-28,2255,3.1075,1320.3,16.44,61.639999
2018-03-01,2255,3.0995,1311.25,16.315,60.990002
2018-03-02,2255,3.101,1316.75,16.445,61.25
2018-03-05,2255,3.1055,1326.3,16.51,62.57
2018-03-06,2255,3.137,1324.95,16.62,62.599998
2018-03-07,2255,3.114,1332.5,16.645,61.150002
2018-03-08,2255,3.0585,1325.4,16.48,60.119999
2018-03-09,2255,3.116,1319.35,16.485,62.040001
2018-03-12,2255,3.104,1317.25,16.455,61.360001
2018-03-13,2255,3.119,1318.7,16.51,60.709999
2018-03-14,2255,3.14,1324.95,16.605,60.959999
2018-03-15,2255,3.111,1323.35,16.52,61.189999
2018-03-16,2255,3.093,1320.05,16.475,62.34
2018-03-19,2255,3.0695,1311.7,16.285,62.060001
2018-03-20,2255,3.0255,1312.75,16.25,63.400002
2018-03-21,2255,3.0485,1316.35,16.245,65.169998
2018-03-22,2255,3.012,1328.85,16.52,64.300003
2018-03-23,2255,2.9845,1342.35,16.53,65.879997
2018-03-26,2255,2.9605,1348.4,16.61,65.550003
2018-03-27,2255,2.9915,1350.65,16.64,65.25
2018-03-28,2260,2.994,1341.05,16.455,64.379997
2018-03-29,2260,3.019,1323.9,16.28,64.940002
2018-04-03,2300,3.058,1336.6,16.52,63.509998
2018-04-04,2300,3.007,1343.15,16.46,63.369999
2018-04-05,2300,3.0695,1327.05,16.305,63.540001
2018-04-06,2300,3.054,1325.6,16.275,62.060001
2018-04-09,2300,3.0715,1328.5,16.34,63.419998
2018-04-10,2300,3.131,1335.95,16.49,65.510002
2018-04-11,2300,3.112,1345.2,16.565,66.82
2018-04-12,2300,3.06,1345.9,16.655,67.07
2018-04-13,2300,3.0675,1340.75,16.505,67.389999
2018-04-16,2300,3.0915,1344.4,16.6,66.220001
2018-04-17,2300,3.075,1342.95,16.625,66.519997
2018-04-18,2300,3.1535,1346.55,16.945,68.470001
2018-04-19,2300,3.128,1347.9,17.195,68.290001
2018-04-20,2300,3.1315,1340.15,17.11,68.379997
2018-04-23,2300,3.108,1328,16.935,68.639999
2018-04-24,2300,3.1385,1327.35,16.595,67.699997
2018-04-25,2300,3.132,1325.7,16.565,68.050003
2018-04-26,2300,3.113,1321.9,16.575,68.190002
2018-04-27,2300,3.046,1317.7,16.53,68.099998
2018-04-30,2300,3.0525,1316.25,16.38,68.57
2018-05-01,2300,3.015,1309.2,16.25,67.25
2018-05-02,2300,3.0475,1310.75,16.35,67.93
2018-05-03,2300,3.059,1313.3,16.465,68.43
2018-05-04,2300,3.0655,1309.35,16.415,69.720001
2018-05-08,2300,3.0405,1310.05,16.445,69.059998
2018-05-09,2300,3.0395,1306.85,16.44,71.139999
2018-05-10,2300,3.0925,1314.8,16.6,71.360001
2018-05-11,2300,3.095,1324.8,16.76,70.699997
2018-05-14,2300,3.0785,1320.7,16.645,70.959999
2018-05-15,2300,3.0425,1310.05,16.41,71.309998
2018-05-16,2300,3.0585,1291.75,16.255,71.489998
2018-05-17,2300,3.077,1288.85,16.385,71.489998
2018-05-18,2300,3.051,1287.2,16.39,71.279999
2018-05-21,2300,3.0855,1285.85,16.34,72.239998
2018-05-22,2300,3.119,1293.9,16.58,72.129997
2018-05-23,2300,3.0605,1294,16.53,71.839996
2018-05-24,2300,3.0855,1296.35,16.51,70.709999
2018-05-25,2300,3.067,1303.95,16.67,67.879997
2018-05-29,2300,3.052,1302.05,16.475,66.730003
2018-05-30,2305,3.0595,1298.6,16.37,68.209999
2018-05-31,2305,3.058,1303.5,16.55,67.040001
2018-06-01,2305,3.0915,1299.15,16.42,65.809998
2018-06-04,2305,3.1265,1294.65,16.44,64.75
2018-06-05,2305,3.191,1292.25,16.385,65.519997
2018-06-06,2305,3.2545,1295.25,16.545,64.730003
2018-06-07,2305,3.268,1298.3,16.745,65.949997
2018-06-08,2305,3.293,1299.2,16.72,65.739998
2018-06-11,2305,3.2505,1296.05,16.76,66.099998
2018-06-12,2305,3.2425,1298.3,16.855,66.360001
2018-06-13,2305,3.248,1294.4,16.905,66.639999
2018-06-14,2305,3.2165,1305.3,17.125,66.889999
2018-06-15,2305,3.141,1300.1,17.225,65.059998
2018-06-18,2305,3.1035,1281.25,16.605,65.849998
2018-06-19,2305,3.0465,1279,16.355,65.07
2018-06-20,2305,3.0465,1273.25,16.285,66.220001
2018-06-21,2305,3.025,1263.7,16.245,65.540001
2018-06-22,2305,3.0325,1269.7,16.425,68.580002
2018-06-25,2305,2.992,1269.8,16.375,68.080002
2018-06-26,2305,2.997,1257.15,16.225,70.529999
2018-06-27,2305,2.9895,1256.8,16.21,72.760002
2018-06-28,2309.25,2.9535,1250.5,16.11,73.449997
2018-06-29,2309.25,2.951,1250.55,16.03,74.150002
2018-07-02,2309.25,2.9315,1249,15.98,73.940002
2018-07-05,2309.25,2.814,1252.5,15.95,72.940002
2018-07-06,2309.25,2.813,1254.2,15.995,73.800003
2018-07-09,2309.25,2.839,1262.6,16.205,73.849998
2018-07-10,2309.25,2.8285,1253.7,15.93,74.110001
2018-07-11,2309.25,2.7335,1250,15.915,70.379997
2018-07-12,2309.25,2.768,1244.85,15.84,70.330002
2018-07-13,2309.25,2.77,1240.5,15.81,71.010002
2018-07-16,2309.25,2.757,1244.9,15.81,68.059998
2018-07-17,2309.25,2.7395,1243.65,15.77,68.080002
2018-07-18,2309.25,2.752,1223.45,15.44,68.760002
2018-07-19,2309.25,2.686,1217.4,15.26,69.459999
2018-07-20,2309.25,2.746,1224.85,15.37,70.459999
2018-07-23,2309.25,2.737,1229.45,15.485,67.889999
2018-07-24,2309.25,2.8,1224.3,15.51,68.519997
2018-07-25,2309.25,2.806,1230.55,15.565,69.300003
2018-07-26,2309.25,2.804,1228.35,15.535,69.610001
2018-07-27,2309.25,2.7875,1219.15,15.355,68.690002
2018-07-30,2313.5,2.779,1222.05,15.49,70.129997
2018-07-31,2313.5,2.819,1219.2,15.43,68.760002
2018-08-01,2313.5,2.735,1222.75,15.475,67.660004
2018-08-02,2313.5,2.727,1217.6,15.45,68.959999
2018-08-03,2313.5,2.7535,1207.7,15.36,68.489998
2018-08-06,2313.5,2.721,1212,15.345,69.010002
2018-08-07,2313.5,2.741,1215.4,15.465,69.169998
2018-08-08,2313.5,2.7405,1212.35,15.345,66.940002
2018-08-09,2313.5,2.7555,1215.5,15.48,66.809998
2018-08-10,2313.5,2.7325,1211.65,15.375,67.629997
2018-08-13,2313.5,2.722,1204.4,15.185,67.199997
2018-08-14,2313.5,2.6755,1195.3,15.035,67.040001
2018-08-15,2313.5,2.557,1186.7,14.825,65.010002
2018-08-16,2313.5,2.6135,1179.65,14.605,65.459999
2018-08-17,2313.5,2.6245,1176.7,14.66,65.910004
2018-08-20,2313.5,2.6635,1188.75,14.755,66.43
2018-08-21,2313.5,2.6895,1194.1,14.785,67.349998
2018-08-22,2313.5,2.6685,1196.85,14.81,67.860001
2018-08-23,2313.5,2.6525,1187.3,14.625,67.830002
2018-08-24,2313.5,2.699,1189.95,14.62,68.720001
2018-08-28,2313.5,2.734,1212.75,14.9,68.529999
2018-08-29,2313.5,2.709,1204.3,14.69,69.510002
2018-08-30,2318.75,2.6905,1202.35,14.665,70.25
2018-08-31,2318.75,2.649,1206.85,14.655,69.800003
2018-09-04,2318.75,2.5835,1195.75,14.25,69.870003
2018-09-05,2318.75,2.5925,1194.7,14.17,68.720001
2018-09-06,2318.75,2.6185,1204.3,14.265,67.769997
2018-09-07,2318.75,2.6035,1200.75,14.185,67.75
2018-09-10,2318.75,2.6105,1195.8,14.215,67.540001
2018-09-11,2318.75,2.604,1194,14.125,69.25
2018-09-12,2318.75,2.6585,1197.8,14.155,70.370003
2018-09-13,2318.75,2.6645,1206.65,14.225,68.589996
2018-09-14,2318.75,2.6275,1206.2,14.215,68.989998
2018-09-17,2318.75,2.6335,1196.8,14.17,68.910004
2018-09-18,2318.75,2.712,1199.4,14.21,69.849998
2018-09-19,2318.75,2.71,1203,14.185,71.120003
2018-09-20,2318.75,2.721,1203,14.23,70.800003
2018-09-21,2318.75,2.8365,1207.6,14.33,70.779999
2018-09-24,2318.75,2.816,1198.75,14.315,72.080002
2018-09-25,2318.75,2.8035,1199.45,14.29,72.279999
2018-09-26,2318.75,2.807,1198.8,14.475,71.57
2018-09-27,2323,2.7645,1196,14.42,72.120003
2018-09-28,2323,2.787,1183.5,14.305,73.25
2018-10-01,2323,2.774,1185.3,14.55,75.300003
2018-10-02,2323,2.795,1192.65,14.505,75.230003
2018-10-03,2323,2.8225,1203.5,14.735,76.410004
2018-10-04,2323,2.765,1199.45,14.63,74.330002
2018-10-05,2323,2.751,1201.1,14.635,74.339996
2018-10-08,2323,2.755,1194.8,14.465,74.290001
2018-10-09,2323,2.795,1187.4,14.325,74.959999
2018-10-10,2323,2.769,1186.4,14.375,73.169998
2018-10-11,2323,2.797,1201.1,14.4,70.970001
2018-10-12,2323,2.793,1218.75,14.6,71.339996
2018-10-15,2323,2.7805,1233,14.74,71.779999
2018-10-16,2323,2.7705,1228.85,14.755,71.919998
2018-10-17,2323,2.767,1226.75,14.65,69.75
2018-10-18,2323,2.7375,1224.6,14.515,68.650002
2018-10-19,2323,2.768,1228.25,14.61,69.120003
2018-10-22,2323,2.774,1222.9,14.63,69.169998
2018-10-23,2323,2.747,1235.6,14.715,66.43
2018-10-24,2323,2.7465,1231.65,14.745,66.82
2018-10-25,2323,2.7485,1232.15,14.74,67.330002
2018-10-26,2323,2.744,1236.05,14.69,67.589996
2018-10-29,2323,2.7385,1230.75,14.65,67.040001
2018-10-30,2328.25,2.663,1220,14.425,66.18
2018-10-31,2328.25,2.6635,1217.7,14.34,65.309998
2018-11-01,2328.25,2.7215,1223.25,14.45,63.689999
2018-11-02,2328.25,2.803,1235.5,14.82,63.139999
2018-11-05,2328.25,2.7555,1231.6,14.735,63.099998
2018-11-06,2328.25,2.7305,1234.85,14.7,62.209999
2018-11-07,2328.25,2.7525,1235.05,14.67,61.669998
2018-11-08,2328.25,2.737,1223.45,14.49,60.669998
2018-11-09,2328.25,2.6865,1219.05,14.34,60.189999
2018-11-12,2328.25,2.678,1207.05,14.16,59.93
2018-11-13,2328.25,2.687,1197.55,14.02,55.689999
2018-11-14,2328.25,2.7095,1201.45,13.97,56.25
2018-11-15,2328.25,2.749,1210.6,14.13,56.459999
2018-11-16,2328.25,2.804,1215.8,14.285,56.459999
2018-11-19,2328.25,2.8045,1223.55,14.36,56.759998
2018-11-20,2328.25,2.7665,1223.1,14.44,53.43
2018-11-21,2328.25,2.7945,1224,14.42,54.630001
2018-11-26,2328.25,2.7585,1226.65,14.38,51.630001
2018-11-27,2328.25,2.7105,1225.05,14.275,51.560001
2018-11-28,2328.25,2.796,1213.2,14.15,50.290001
2018-11-29,2332.5,2.778,1226.45,14.265,51.450001
2018-11-30,2332.5,2.7775,1220.45,14.235,50.93
2018-12-03,2332.5,2.7995,1231.05,14.385,52.950001
2018-12-04,2332.5,2.7485,1239.25,14.545,53.25
2018-12-06,2332.5,2.7405,1236.45,14.38,51.490002
2018-12-07,2332.5,2.7575,1241.2,14.485,52.610001
2018-12-10,2332.5,2.7185,1246.8,14.53,51
2018-12-11,2332.5,2.766,1248.25,14.64,51.650002
2018-12-12,2332.5,2.7685,1244.75,14.655,51.150002
2018-12-13,2332.5,2.7625,1244.45,14.68,52.580002
2018-12-14,2332.5,2.7605,1239.15,14.58,51.200001
2018-12-17,2332.5,2.753,1239.1,14.6,49.880001
2018-12-18,2332.5,2.671,1248.8,14.655,46.240002
2018-12-19,2332.5,2.7215,1248.6,14.645,47.200001
2018-12-20,2332.5,2.702,1255,14.77,45.880001
2018-12-21,2332.5,2.6785,1257.6,14.69,45.59
2018-12-27,2332.5,2.6675,1271.1,15.055,44.610001
2018-12-28,2332.5,2.679,1277.25,15.295,45.330002
2018-12-31,2332.5,2.628,1281.65,15.465,45.41
2019-01-02,2332.5,2.625,1287.2,15.44,46.540001
2019-01-03,2332.5,2.5705,1287.95,15.535,47.09
2019-01-04,2332.5,2.6515,1290.35,15.705,47.959999
2019-01-07,2332.5,2.641,1291.5,15.75,48.52
2019-01-08,2332.5,2.6605,1283.9,15.64,49.779999
2019-01-09,2332.5,2.662,1281.3,15.62,52.360001
2019-01-10,2332.5,2.6435,1292.4,15.705,52.59
2019-01-11,2332.5,2.6695,1292.8,15.68,51.59
2019-01-14,2332.5,2.6455,1293.7,15.615,50.509998
2019-01-15,2332.5,2.6505,1289.35,15.6,52.110001
2019-01-16,2332.5,2.6935,1290.5,15.54,52.310001
2019-01-17,2332.5,2.7,1294,15.575,52.07
2019-01-18,2332.5,2.741,1285.05,15.47,53.799999
2019-01-22,2332.5,2.689,1284.75,15.26,52.57
2019-01-23,2332.5,2.694,1284.9,15.385,52.619999
2019-01-24,2332.5,2.6735,1279.75,15.3,53.130001
2019-01-25,2332.5,2.738,1282.95,15.375,53.689999
2019-01-28,2332.5,2.6875,1301,15.685,51.990002
2019-01-29,2332.5,2.732,1308.35,15.855,53.310001
2019-01-30,2332.5,2.773,1312.95,15.915,54.23
2019-01-31,2332.5,2.789,1322.5,16.075,53.790001
2019-02-01,2332.5,2.775,1320.75,16.01,55.259998
2019-02-04,2332.5,2.795,1311,15.745,54.560001
2019-02-05,2332.5,2.817,1314,15.865,53.66
2019-02-06,2332.5,2.8355,1313.35,15.73,54.009998
2019-02-07,2332.5,2.8285,1306.6,15.71,52.639999
2019-02-08,2332.5,2.81,1311.1,15.78,52.720001
2019-02-11,2332.5,2.7915,1306.75,15.705,52.41
2019-02-12,2332.5,2.7745,1311.6,15.81,53.099998
2019-02-13,2332.5,2.774,1311.15,15.695,53.900002
2019-02-14,2332.5,2.776,1305.65,15.58,54.41
2019-02-15,2332.5,2.8025,1318,15.675,55.59
2019-02-19,2225,2.8815,1329.55,15.78,56.09
2019-02-20,2225,2.93,1345.75,16.035,56.919998
2019-02-21,2225,2.9025,1335.05,15.91,56.959999
2019-02-22,2225,2.961,1322.25,15.87,57.259998
2019-02-25,2225,2.95,1329.15,15.955,55.48
2019-02-26,2225,2.944,1327.55,15.83,55.5
2019-02-27,2225,2.959,1326.45,15.86,56.939999
2019-02-28,2225,2.95,1325.45,15.815,57.220001
2019-03-01,2225,2.9335,1309.95,15.56,55.799999
2019-03-04,2225,2.911,1287.45,15.16,56.59
2019-03-05,2225,2.936,1285,15.11,56.560001
2019-03-06,2225,2.9185,1285.55,15.095,56.220001
2019-03-07,2225,2.9115,1286.4,15.075,56.66
2019-03-08,2225,2.894,1294.1,15.115,56.07
2019-03-11,2225,2.9,1296.35,15.295,56.790001
2019-03-12,2225,2.9275,1296.95,15.445,56.869999
2019-03-13,2225,2.9335,1308.4,15.52,58.259998
2019-03-14,2225,2.8885,1299.2,15.235,58.610001
2019-03-15,2225,2.9035,1302.65,15.355,58.52
2019-03-18,2225,2.9035,1305.35,15.38,59.09
2019-03-19,2225,2.9195,1308.35,15.41,59.029999
2019-03-20,2225,2.9155,1303,15.32,59.830002
2019-03-21,2225,2.9,1317.3,15.54,59.98
2019-03-22,2225,2.836,1311.1,15.46,59.040001
2019-03-25,2225,2.8495,1319.35,15.525,58.82
2019-03-26,2225,2.8505,1315.25,15.44,59.939999
2019-03-27,2225,2.858,1318.25,15.4,59.41
2019-03-28,2225,2.8685,1306.9,15.195,59.299999
2019-03-29,2225,2.936,1291.15,15.1,60.139999
2019-04-01,2225,2.9205,1291.9,15.07,61.59
2019-04-02,2225,2.904,1287.2,15.025,62.580002
2019-04-03,2225,2.9465,1291.85,15.165,62.459999
2019-04-04,2225,2.9085,1291.6,15.085,62.099998
2019-04-05,2225,2.8925,1288.9,15.195,63.080002
2019-04-08,2225,2.9295,1297.1,15.14,64.400002
2019-04-09,2225,2.9315,1301.85,15.255,63.98
2019-04-10,2225,2.9225,1304.8,15.245,64.610001
2019-04-11,2225,2.886,1304.65,15.16,63.580002
2019-04-12,2225,2.946,1296.15,15.065,63.889999
2019-04-15,2225,2.934,1286.75,14.935,63.400002
2019-04-16,2225,2.9305,1283.75,14.945,64.050003
2019-04-17,2225,2.9755,1276.1,15,63.759998
2019-04-18,2225,2.9275,1276.5,14.955,64
2019-04-23,2225,2.8985,1273.45,14.975,66.300003
2019-04-24,2225,2.9175,1273.8,14.805,65.889999
2019-04-25,2225,2.8775,1277.85,14.865,65.209999
2019-04-26,2225,2.97,1281.5,15,63.299999
2019-04-29,2225,2.895,1282.15,14.97,63.5
2019-04-30,2225,2.9015,1285.15,14.985,63.91
2019-05-01,2225,2.803,1281.8,14.88,63.599998
2019-05-02,2225,2.784,1271.45,14.675,61.810001
2019-05-03,2225,2.825,1270.05,14.655,61.939999
2019-05-07,2225,2.794,1281.3,14.83,61.400002
2019-05-08,2225,2.7855,1287.75,14.93,62.119999
2019-05-09,2225,2.7835,1284.1,14.82,61.700001
2019-05-10,2225,2.785,1285.4,14.795,61.66
2019-05-13,2225,2.7295,1282.95,14.66,61.040001
2019-05-14,2225,2.7345,1297.6,14.755,61.779999
2019-05-15,2225,2.7535,1298.9,14.815,62.02
2019-05-16,2225,2.7585,1295.55,14.795,62.869999
2019-05-17,2225,2.748,1285.8,14.48,62.759998
2019-05-20,2225,2.736,1275.25,14.415,63.099998
2019-05-21,2225,2.7235,1276,14.43,62.990002
2019-05-22,2225,2.686,1274,14.435,61.419998
2019-05-23,2225,2.6865,1275.95,14.48,57.91
2019-05-24,2225,2.7065,1281.5,14.55,58.630001
2019-05-28,2225,2.7035,1283.9,14.48,59.139999
2019-05-29,2225,2.6725,1283.5,14.375,58.810001
2019-05-30,2225,2.6605,1276.45,14.4,56.59
2019-05-31,2225,2.646,1296,14.48,53.5
2019-06-03,2225,2.6555,1313.95,14.705,53.25
2019-06-04,2225,2.6735,1323.6,14.72,53.48
2019-06-05,2225,2.627,1337.75,14.84,51.68
2019-06-06,2225,2.654,1336.65,14.955,52.59
2019-06-07,2225,2.6305,1334.3,14.91,53.990002
2019-06-10,2225,2.664,1328.6,14.745,53.259998
2019-06-11,2225,2.6755,1322.65,14.695,53.27
2019-06-12,2225,2.659,1336.65,14.79,51.139999
2019-06-13,2225,2.661,1335.8,14.795,52.279999
2019-06-14,2225,2.6345,1352.45,15.025,52.509998
2019-06-17,2225,2.651,1333.2,14.78,51.93
2019-06-18,2225,2.707,1344.55,14.895,53.900002
2019-06-19,2225,2.6845,1342.4,14.945,53.759998
2019-06-20,2225,2.7155,1381.65,15.33,56.650002
2019-06-21,2225,2.706,1388.35,15.29,57.43
2019-06-24,2225,2.7055,1405.45,15.37,57.900002
2019-06-25,2225,2.7355,1429.55,15.4,57.830002
2019-06-26,2225,2.711,1406.75,15.255,59.380001
2019-06-27,1820,2.7125,1402.25,15.25,59.43
2019-06-28,1820,2.7055,1413.2,15.22,58.470001
2019-07-01,1793.5,2.6795,1390.05,15.26,59.09
2019-07-02,1778.5,2.6575,1393.1,15.17,56.25
2019-07-05,1806.75,2.6585,1414.4,15.21,57.509998
2019-07-08,1811.75,2.656,1404.9,15.07,57.66
2019-07-09,1838.5,2.6245,1387.9,15.025,57.830002
2019-07-10,1861.5,2.693,1395.45,15.095,60.43
2019-07-11,1865,2.6825,1423.1,15.265,60.200001
2019-07-12,1860,2.6915,1405.6,15.14,60.209999
2019-07-15,1860,2.7075,1416.25,15.32,59.580002
2019-07-16,1860,2.6935,1416.1,15.395,57.619999
2019-07-17,1860,2.71,1400.8,15.61,56.779999
2019-07-18,1863,2.704,1420.9,16.03,55.299999
2019-07-19,1880,2.7445,1437.05,16.315,55.630001
2019-07-22,1880,2.7145,1424.45,16.385,56.220001
2019-07-23,1880,2.694,1417.55,16.43,56.77
2019-07-24,1880,2.704,1425.55,16.535,55.880001
2019-07-25,1880,2.6955,1426.35,16.535,56.02
2019-07-26,1880,2.6765,1418.25,16.44,56.200001
2019-07-29,1880,2.7095,1418.95,16.39,56.869999
2019-07-30,1875.25,2.6705,1428.45,16.455,58.049999
2019-07-31,1860.75,2.658,1430.55,16.475,58.580002
2019-08-01,1842,2.66,1406.4,16.005,53.950001
2019-08-02,1832.5,2.565,1436.05,16.195,55.66
2019-08-05,1823.5,2.537,1457.45,16.485,54.689999
2019-08-06,1820.75,2.551,1461.85,16.385,53.630001
2019-08-07,1811.75,2.565,1487.65,16.82,51.09
2019-08-08,1848.25,2.602,1497.4,17.02,52.540001
2019-08-09,1842,2.584,1503.5,17,54.5
2019-08-12,1832.75,2.58,1501.95,16.955,54.93
2019-08-13,1847.25,2.6245,1527.2,17.445,57.099998
2019-08-14,1839.25,2.5865,1500.35,17.115,55.23
2019-08-15,1845.5,2.5895,1517.65,17.29,54.470001
2019-08-16,1857.25,2.59,1509.05,17.16,54.869999
2019-08-19,1855,2.597,1499.35,16.925,56.209999
2019-08-20,1842.25,2.574,1502.65,17.02,56.34
2019-08-21,1836,2.5815,1499.65,17.11,55.68
2019-08-22,1821,2.5535,1498.7,16.96,55.349998
2019-08-23,1823.75,2.526,1495.5,17.05,54.169998
2019-08-27,1817.5,2.5435,1531.85,17.725,54.93
2019-08-28,1807,2.551,1541.75,18.365,55.779999
2019-08-29,1759,2.5595,1536.65,18.48,56.709999
2019-08-30,1758,2.533,1526.55,18.385,55.099998
2019-09-03,1751.75,2.5125,1532.45,18.475,53.939999
2019-09-04,1770.5,2.579,1538.8,19.305,56.259998
2019-09-05,1785,2.6245,1542.6,19.22,56.299999
2019-09-06,1788.75,2.6155,1504.95,18.145,56.52
2019-09-09,1799.5,2.6105,1509.95,18.17,57.849998
2019-09-10,1818.5,2.6105,1494.6,17.99,57.400002
2019-09-11,1825.25,2.5975,1493.65,18.165,55.75
2019-09-12,1798.25,2.6235,1502.95,18.19,55.09
2019-09-13,1807,2.681,1506.3,18.145,54.849998
2019-09-16,1791,2.621,1502.05,17.835,62.900002
2019-09-17,1778.75,2.6095,1499.3,17.84,59.34
2019-09-18,1783,2.5955,1502.2,17.85,58.110001
2019-09-19,1798.75,2.591,1498.4,17.755,58.130001
2019-09-20,1800.5,2.59,1504.1,17.88,58.09
2019-09-23,1790.5,2.5945,1519.5,18.38,58.639999
2019-09-24,1767.75,2.5895,1520.25,18.56,57.290001
2019-09-25,1759.5,2.595,1530.85,18.57,56.490002
2019-09-26,1750.5,2.56,1507.05,17.97,56.41
2019-09-27,1748.25,2.583,1496.15,17.52,55.91
2019-09-30,1732.25,2.5645,1487.6,17.255,54.07
2019-10-01,1737.25,2.552,1466.1,17.11,53.619999
2019-10-02,1707.25,2.5615,1484.05,17.26,52.639999
2019-10-03,1711.5,2.5455,1504,17.6,52.450001
2019-10-04,1719.5,2.5555,1509.5,17.605,52.810001
2019-10-07,1739.75,2.572,1502.15,17.425,52.75
2019-10-08,1749.75,2.5635,1500,17.555,52.630001
2019-10-09,1743,2.562,1503.4,17.78,52.59
2019-10-10,1752,2.605,1508.2,17.75,53.549999
2019-10-11,1717.25,2.6185,1498.35,17.6,54.700001
2019-10-14,1714,2.6235,1494.2,17.605,53.59
2019-10-15,1724.5,2.604,1494.75,17.67,52.810001
2019-10-16,1727.5,2.5795,1482.55,17.255,53.360001
2019-10-17,1731.75,2.587,1484.45,17.45,53.93
2019-10-18,1746.5,2.625,1487.5,17.435,53.779999
2019-10-21,1744,2.635,1490.85,17.725,53.310001
2019-10-22,1727.5,2.622,1487.45,17.625,54.16
2019-10-23,1742,2.6625,1494.25,17.535,55.970001
2019-10-24,1735,2.659,1488.85,17.53,56.23
2019-10-25,1740.5,2.6665,1504.65,18.125,56.66
2019-10-28,1751,2.6725,1505.05,18.055,55.810001
2019-10-29,1745,2.6825,1492.75,17.66,55.540001
2019-10-30,1760.25,2.6805,1490.15,17.955,55.060001
2019-10-31,1763,2.633,1506.4,18.055,54.18
2019-11-01,1794,2.651,1509.85,18.12,56.200001
2019-11-04,1809.5,2.667,1509.2,18.185,56.540001
2019-11-05,1811.5,2.695,1504.6,18.045,57.23
2019-11-06,1809,2.661,1488.55,17.54,56.349998
2019-11-07,1816.5,2.724,1484.1,17.53,57.150002
2019-11-08,1818.25,2.678,1466.85,16.81,57.240002
2019-11-11,1794,2.66,1465.5,16.88,56.860001
2019-11-12,1780.75,2.642,1455,16.735,56.799999
2019-11-13,1770.5,2.6365,1463.45,16.95,57.119999
2019-11-14,1750.5,2.6185,1467.65,17.035,56.77
2019-11-15,1754,2.635,1465.6,16.87,57.720001
2019-11-18,1752,2.6175,1458.4,16.795,57.049999
2019-11-19,1745.75,2.6535,1464.9,17.125,55.209999
2019-11-20,1758.5,2.6465,1475.7,17.115,57.110001
2019-11-21,1754,2.621,1468.9,17.09,58.580002
2019-11-22,1757.5,2.6475,1471.3,17.175,57.77
2019-11-25,1755.5,2.6475,1459.45,16.87,58.009998
2019-11-26,1773.5,2.6745,1457.65,16.935,58.41
2019-11-27,1785.25,2.6745,1459.8,17.055,58.110001
2019-12-02,1806.75,2.6325,1457.5,16.875,55.959999
2019-12-03,1782.5,2.608,1470.4,17.01,56.099998
2019-12-04,1771.5,2.644,1475.85,17.13,58.43
2019-12-05,1764.75,2.6485,1474.6,16.87,58.43
2019-12-06,1770.5,2.711,1474.85,16.94,59.200001
2019-12-09,1775.5,2.7465,1463.6,16.62,59.02
2019-12-10,1772.5,2.7555,1464.45,16.675,59.240002
2019-12-11,1775.5,2.7825,1468.05,16.66,58.759998
2019-12-12,1786.75,2.7895,1474.7,16.865,59.18
2019-12-13,1777,2.7805,1470.6,16.935,60.07
2019-12-16,1784.75,2.8205,1477.4,17.02,60.209999
2019-12-17,1774.25,2.8195,1478.4,17.06,60.939999
2019-12-18,1788.75,2.817,1478.9,16.995,60.93
2019-12-19,1807.25,2.8315,1474.4,16.94,61.220001
2019-12-20,1808.25,2.811,1476.9,17.035,60.439999
2019-12-23,1818.25,2.817,1483.95,17.375,60.52
2019-12-27,1835.5,2.8365,1510.6,17.825,61.720001
2019-12-30,1834,2.8275,1511.5,17.825,61.68
2019-12-31,1824.5,2.794,1523,18.045,61.060001
2020-01-02,1812.5,2.833,1520.55,17.925,61.18
2020-01-03,1830,2.7985,1547.4,18.21,63.049999
2020-01-06,1842,2.8005,1576.85,18.44,63.27
2020-01-07,1822,2.804,1566.5,18.145,62.700001
2020-01-08,1802.75,2.819,1582.85,18.42,59.610001
2020-01-09,1803.5,2.8105,1547.85,17.91,59.560001
2020-01-10,1811.5,2.8185,1548.8,17.915,59.040001
2020-01-13,1798,2.8615,1550.35,17.985,58.080002
2020-01-14,1809,2.876,1544.95,17.77,58.23
2020-01-15,1800.25,2.87,1551.9,17.85,57.810001
2020-01-16,1811,2.852,1555.2,18.01,58.52
2020-01-17,1809.25,2.8495,1556.5,18.06,58.540001
2020-01-21,1827,2.7985,1556.25,17.985,58.34
2020-01-22,1814,2.767,1558.1,17.77,56.740002
2020-01-23,1792.5,2.726,1554.05,17.6,55.59
2020-01-24,1786,2.6855,1561.85,17.83,54.189999
2020-01-27,1769.75,2.5965,1583.45,18.295,53.139999
2020-01-28,1764.5,2.5795,1579.6,17.975,53.48
2020-01-29,1743,2.5535,1571.2,17.47,53.330002
2020-01-30,1751.75,2.5235,1580.4,17.725,52.139999
2020-01-31,1741.75,2.52,1580.85,17.885,51.560001
2020-02-03,1706.75,2.513,1578.85,17.77,50.110001
2020-02-04,1712,2.5475,1571.2,17.73,49.610001
2020-02-05,1728,2.579,1552.2,17.62,50.75
2020-02-06,1757,2.5985,1564.75,17.765,50.950001
2020-02-07,1737,2.559,1568.3,17.77,50.32
2020-02-10,1724.5,2.5575,1574.05,17.785,49.57
2020-02-11,1749.75,2.5885,1567.7,17.705,49.939999
2020-02-12,1749,2.606,1566.75,17.56,51.169998
2020-02-13,1754.75,2.6195,1575,17.64,51.419998
2020-02-14,1739.5,2.6055,1576.35,17.705,52.049999
2020-02-18,1718.75,2.61,1588.2,17.885,52.049999
2020-02-19,1718.75,2.6125,1609.5,18.345,53.290001
2020-02-20,1709.5,2.595,1610.35,18.385,53.779999
2020-02-21,1704,2.618,1633.7,18.56,53.380001
2020-02-24,1693.25,2.5925,1682.35,18.775,51.43
2020-02-25,1697.5,2.5965,1655.9,18.33,49.900002
2020-02-26,1684.5,2.5765,1647.95,18.075,48.73
2020-02-27,1683.75,2.5715,1646.6,18.05,47.09
2020-02-28,1684,2.546,1626.35,17.185,44.759998
2020-03-02,1708,2.601,1609.7,16.915,46.75
2020-03-03,1717.25,2.5795,1599.05,16.81,47.18
2020-03-04,1721.25,2.593,1644.8,17.25,46.779999
2020-03-05,1709.25,2.5825,1647.45,17.2,45.900002
2020-03-06,1675.25,2.573,1687,17.48,41.279999
2020-03-09,1660.75,2.524,1676.6,16.885,31.129999
2020-03-10,1686,2.534,1657.4,17.07,34.360001
2020-03-11,1681,2.512,1662.5,17.02,32.98
2020-03-12,1655.5,2.481,1636.65,16.525,31.5
2020-03-13,1668,2.474,1588.15,15.77,31.73
2020-03-16,1677.75,2.3985,1504.65,12.965,28.700001
2020-03-17,1653,2.3155,1472.35,12.44,26.950001
2020-03-18,1631.5,2.1605,1506,12.42,20.370001
2020-03-19,1625.5,2.2,1480.7,12.005,25.219999
2020-03-20,1588.25,2.1905,1504.45,12.63,22.43
2020-03-23,1559,2.1195,1494.5,12.51,23.360001
2020-03-24,1559.25,2.1975,1599.5,13.625,24.01
2020-03-25,1547.5,2.234,1620.95,13.965,24.49
2020-03-26,1530.75,2.208,1620.1,14.415,22.6
2020-03-27,1539,2.197,1621.2,14.315,21.51
2020-03-30,1530,2.162,1624.45,14.055,20.09
2020-03-31,1512,2.24,1604.65,13.93,20.48
2020-04-01,1488.75,2.192,1594.25,14.015,20.309999
2020-04-02,1492.5,2.233,1588.05,14.175,25.32
2020-04-03,1478,2.21,1609.75,14.39,28.34
2020-04-06,1457.5,2.235,1636.6,14.555,26.08
2020-04-07,1473,2.2885,1652.2,15.075,23.629999
2020-04-08,1452,2.278,1649.05,15.065,25.09
2020-04-09,1460.25,2.2775,1662.5,15.175,22.76
2020-04-14,1475,2.347,1715.85,15.51,20.110001
2020-04-15,1475.25,2.3125,1712.25,15.57,19.870001
2020-04-16,1499.5,2.3045,1717.85,15.5,19.870001
2020-04-17,1502.5,2.3535,1693.15,15.16,18.27
2020-04-20,1491,2.3345,1684.95,15.15,-37.630001
2020-04-21,1484,2.267,1678.6,14.97,10.01
2020-04-22,1510,2.3175,1702.65,14.91,13.78
2020-04-23,1501.25,2.324,1727.55,15.305,16.5
2020-04-24,1499.5,2.348,1727.25,15.315,16.940001
2020-04-27,1497.25,2.382,1717.25,15.205,12.78
2020-04-28,1492,2.379,1708.1,15.145,12.34
2020-04-29,1502.5,2.3745,1706,15.165,15.06
2020-04-30,1491.25,2.354,1716.75,15.335,18.84
2020-05-01,1489.5,2.3185,1673.05,14.845,19.780001
2020-05-04,1479,2.324,1703.7,14.93,20.389999
2020-05-05,1482.25,2.341,1696.3,14.75,24.559999
2020-05-06,1477.75,2.3525,1698.9,15.075,23.99
2020-05-07,1479.25,2.3855,1688.65,14.98,23.549999
2020-05-11,1482.75,2.382,1698.8,15.445,24.139999
2020-05-12,1469.75,2.3605,1703.45,15.485,25.780001
2020-05-13,1467.5,2.349,1699.85,15.56,25.290001
2020-05-14,1467.5,2.351,1716.4,15.53,27.559999
2020-05-15,1467.5,2.3335,1734.85,16.25,29.43
2020-05-18,1481.25,2.405,1756.9,17.35,31.82
2020-05-19,1478.5,2.423,1735.25,17.12,32.5
2020-05-20,1498.75,2.4675,1750.05,17.47,33.490002
2020-05-21,1506.75,2.452,1732.8,17.205,33.919998
2020-05-22,1489.75,2.409,1732.45,17,33.25
2020-05-26,1502.75,2.4385,1722.75,17.3,34.349998
2020-05-27,1513,2.4025,1705.15,17.19,32.810001
2020-05-28,1530.75,2.413,1723.3,17.34,33.709999
2020-05-29,1532.25,2.4265,1725.65,17.59,35.490002
2020-06-01,1535.75,2.4745,1734.8,18.16,35.439999
2020-06-02,1557.25,2.4945,1740.25,18.27,36.810001
2020-06-03,1572.5,2.4965,1717.6,17.86,37.290001
2020-06-04,1569.25,2.493,1706.45,17.75,37.41
2020-06-05,1596.75,2.557,1709.55,17.58,39.549999
2020-06-08,1617.5,2.57,1692,17.63,38.189999
2020-06-09,1613,2.6005,1707.5,17.63,38.939999
2020-06-10,1633,2.657,1717.65,17.715,39.599998
2020-06-11,1604,2.5865,1731.9,17.875,36.34
2020-06-12,1604,2.6015,1735.85,17.625,36.259998
2020-06-15,1572,2.5685,1710.4,17.085,37.119999
2020-06-16,1593.5,2.566,1728.35,17.41,38.380001
2020-06-17,1602.25,2.592,1717.3,17.47,37.959999
2020-06-18,1607.75,2.591,1732.65,17.615,38.84
2020-06-19,1585.5,2.615,1728.55,17.525,39.75
2020-06-22,1595.25,2.6555,1745.45,17.86,40.459999
2020-06-23,1586,2.66,1756.6,17.81,40.369999
2020-06-24,1567.25,2.6505,1775.7,17.855,38.009998
2020-06-25,1563.25,2.6625,1758.55,17.53,38.720001
2020-06-26,1588.5,2.672,1762.1,17.83,38.490002
2020-06-29,1597.75,2.6795,1768.8,17.905,39.700001
2020-06-30,1617.5,2.7135,1770.7,17.845,39.27
2020-07-01,1619.75,2.717,1787.4,18.22,39.82
2020-07-02,1617.75,2.7335,1771.85,17.925,40.650002
2020-07-06,1618.25,2.766,1774.4,18.255,40.630001
2020-07-07,1609.75,2.7875,1775.5,18.02,40.619999
2020-07-08,1642.5,2.8145,1799.35,18.485,40.900002
2020-07-09,1635.75,2.828,1812.45,18.835,39.619999
2020-07-10,1654.5,2.887,1805.75,18.77,40.549999
2020-07-13,1653.75,2.942,1808.05,19.095,40.099998
2020-07-14,1637.5,2.916,1798.2,18.895,40.290001
2020-07-15,1621.25,2.8705,1809.3,19.33,41.200001
2020-07-16,1629.75,2.886,1804.6,19.245,40.75
2020-07-17,1632,2.8875,1802.9,19.16,40.59
2020-07-20,1635.5,2.8985,1810.3,19.44,40.810001
2020-07-21,1654.5,2.941,1823.2,20.555,41.959999
2020-07-22,1651.75,2.9085,1851,22.245,41.900002
2020-07-23,1661.25,2.9245,1882.35,22.86,41.07
2020-07-24,1660.25,2.882,1893.85,22.475,41.290001
2020-07-27,1668.5,2.888,1940.55,24.375,41.599998
2020-07-28,1688.75,2.905,1931.65,23.545,41.040001
2020-07-29,1688.25,2.9055,1954.35,24.335,41.27
2020-07-30,1690,2.9045,1952.2,23.16,39.919998
2020-07-31,1693,2.859,1974.7,24.07,40.27
2020-08-03,1732.5,2.908,1972.95,24.23,41.009998
2020-08-04,1759.5,2.8895,1972.25,24.33,41.700001
2020-08-05,1752,2.9115,2034.45,26.945,42.189999
2020-08-06,1759,2.9055,2049.15,27.885,41.950001
2020-08-07,1753.25,2.7905,2061.5,28.33,41.220001
2020-08-10,1764.75,2.8585,2030.3,28.27,41.939999
2020-08-11,1765.75,2.872,1996.6,28.28,41.610001
2020-08-12,1761.5,2.887,1931.7,25.81,42.669998
2020-08-13,1732.75,2.804,1931,26.25,42.240002
2020-08-14,1704.75,2.856,1948.3,26.705,42.009998
2020-08-17,1721.75,2.898,1949.85,26.915,42.889999
2020-08-18,1749,2.971,2005.15,28.325,42.889999
2020-08-19,1772.75,3.019,1993.15,27.44,42.93
2020-08-20,1768.75,2.97,1928.05,26.915,42.580002
2020-08-21,1746,2.9135,1932.85,26.85,42.34
2020-08-24,1741,2.9225,1947.55,26.885,42.619999
2020-08-25,1745.5,2.931,1925.45,26.495,43.349998
2020-08-26,1744.75,2.9595,1918.5,26.395,43.389999
2020-08-27,1746.25,2.965,1938.8,27.245,43.040001
2020-08-28,1777.25,2.995,1955.85,27.35,42.970001
2020-09-01,1793,3.0095,1987.95,28.885,42.759998
2020-09-02,1770.25,3.003,1969,27.705,41.509998
2020-09-03,1762.5,2.958,1934.1,26.9,41.369999
2020-09-04,1769.25,3.0465,1937.6,26.815,39.77
2020-09-08,1781.5,3.0125,1920.6,26.675,36.759998
2020-09-09,1766,3.04,1928.4,26.535,38.049999
2020-09-10,1775.5,2.987,1944.8,27.105,37.299999
2020-09-11,1764.5,3.034,1944.5,26.875,37.330002
2020-09-14,1786.5,3.0665,1942.3,26.885,37.259998
2020-09-15,1773,3.063,1963.55,27.545,38.279999
2020-09-16,1774.25,3.058,1964.8,27.38,40.16
2020-09-17,1758.75,3.0665,1936.1,26.745,40.970001
2020-09-18,1771.75,3.1135,1954.75,27.06,41.110001
2020-09-21,1758.5,3.0295,1930.9,26.36,39.310001
2020-09-22,1761.25,3.059,1903.1,24.3,39.599998
2020-09-23,1744.75,2.9935,1888.1,23.595,39.93
2020-09-24,1732.75,2.969,1850.75,22.22,40.310001
2020-09-25,1743.75,2.973,1870.05,22.63,40.25
2020-09-28,1768.75,2.9895,1850.95,22.89,40.599998
2020-09-29,1786.5,2.9835,1882.4,23.835,39.290001
2020-09-30,1778.5,3.0285,1883.4,23.725,40.220001
2020-10-01,1743,2.8635,1895.55,23.62,38.720001
2020-10-02,1781,2.9785,1906.4,23.865,37.049999
2020-10-05,1783.5,2.965,1899.65,23.915,39.220001
2020-10-06,1779,2.9655,1912.5,24.3,40.669998
2020-10-07,1800.5,3.0345,1888,23.53,39.950001
2020-10-08,1826.5,3.042,1891.35,23.96,41.189999
2020-10-09,1870.5,3.0795,1912.4,24.315,40.599998
2020-10-12,1875.75,3.061,1919.8,25.06,39.43
2020-10-13,1866.75,3.0425,1920.8,24.935,40.200001
2020-10-14,1859.75,3.0475,1896.45,24.175,41.040001
2020-10-15,1861.5,3.083,1891.7,23.935,40.959999
2020-10-16,1871.75,3.065,1908.2,24.36,40.880001
2020-10-19,1858,3.081,1910,24.84,40.830002
2020-10-20,1841,3.1435,1906.35,24.63,41.459999
2020-10-21,1851.5,3.1945,1918.95,25.02,40.029999
2020-10-22,1845.25,3.15,1916.85,24.915,40.639999
2020-10-23,1845.5,3.1255,1910.6,24.76,39.849998
2020-10-26,1831.25,3.0885,1901.6,24.28,38.560001
2020-10-27,1825,3.09,1898.9,24.435,39.57
2020-10-28,1811.5,3.057,1896.85,23.925,37.389999
2020-10-29,1801.25,3.052,1876.85,23.015,36.169998
2020-10-30,1830.25,3.0435,1875.8,23.625,35.790001
2020-11-02,1873.25,3.0735,1886.75,23.975,36.810001
2020-11-03,1901.75,3.087,1899.85,24.17,37.66
2020-11-04,1908.75,3.101,1888.55,23.975,39.150002
2020-11-05,1895.5,3.1045,1916.8,24.57,38.790001
2020-11-06,1905.25,3.149,1947.95,25.78,37.139999
2020-11-09,1900.25,3.1515,1957.45,25.105,40.290001
2020-11-10,1905.5,3.1505,1874.9,24.195,41.360001
2020-11-11,1909.75,3.129,1876.2,24.21,41.450001
2020-11-12,1916.5,3.143,1868,24.215,41.119999
2020-11-13,1922.5,3.1755,1878.2,24.245,40.130001
2020-11-16,1945.75,3.22,1892.6,24.265,41.34
2020-11-17,1967.5,3.1965,1885.4,24.63,41.43
2020-11-18,1984.25,3.198,1877.2,24.315,41.82
2020-11-19,1971,3.2035,1857.4,23.98,41.740002
2020-11-20,1971.75,3.2935,1867,24.165,42.150002
2020-11-23,1947.5,3.2595,1863.8,23.905,43.060001
2020-11-24,1960,3.3,1818.1,23.155,44.91
2020-11-25,1948.75,3.312,1808.55,23.41,45.709999
2020-11-30,2029.75,3.4205,1771.95,22.15,45.34
2020-12-01,2052.75,3.468,1796.2,23.535,44.549999
2020-12-02,2058.5,3.475,1832.95,23.98,45.279999
2020-12-03,2023.75,3.479,1834.8,24.17,45.639999
2020-12-04,2043.5,3.514,1839.3,24.225,46.259998
2020-12-07,2017.75,3.5085,1832.8,23.75,45.759998
2020-12-08,1991.75,3.494,1864.5,24.475,45.599998
2020-12-09,2038.25,3.508,1859.8,24.085,45.52
2020-12-10,2054.75,3.5705,1834.2,23.885,46.779999
2020-12-11,2018,3.524,1833.65,23.815,46.57
2020-12-14,2050,3.522,1820.25,23.855,46.990002
2020-12-15,2025,3.538,1844.3,24.215,47.619999
2020-12-16,2044.25,3.554,1861.35,25.13,47.82
2020-12-17,2061,3.597,1871.95,25.74,48.360001
2020-12-18,2071.25,3.6285,1878.95,25.815,49.099998
2020-12-21,2035.25,3.573,1869.25,26.155,47.740002
2020-12-22,2007.5,3.518,1873.3,25.77,47.02
2020-12-23,2022.75,3.552,1867.1,25.315,48.119999
2020-12-29,2002.25,3.553,1873.9,26.15,48
2020-12-30,2024.5,3.543,1877.55,26.305,48.400002
2020-12-31,1990,3.514,1891.1,26.485,48.52
2021-01-04,2023.25,3.553,1930.8,27.27,47.619999
2021-01-05,2050,3.6405,1946.55,27.51,49.93
2021-01-06,2038,3.65,1957.2,27.525,50.630001
2021-01-07,2039.25,3.6955,1911.05,27.13,50.830002
2021-01-08,2022.25,3.6735,1891.3,26.645,52.240002
2021-01-11,2000.75,3.564,1847.8,25.02,52.25
2021-01-12,2015.5,3.605,1861.85,25.525,53.209999
2021-01-13,2007.5,3.617,1852.4,25.335,52.91
2021-01-14,1997.75,3.668,1840.25,25.25,53.57
2021-01-15,1973.25,3.603,1853.85,25.245,52.360001
2021-01-19,1953.25,3.636,1843.1,25.295,52.98
2021-01-20,1929.5,3.6475,1854.6,25.295,53.240002
2021-01-21,2000.25,3.6555,1867.65,25.865,53.130001
2021-01-22,1993.5,3.6355,1853.6,25.32,52.27
2021-01-25,2015.5,3.6405,1855.6,25.635,52.77
2021-01-26,2020.25,3.628,1853.2,25.4,52.610001
2021-01-27,1996.25,3.5715,1846.4,25.185,52.849998
2021-01-28,1984.75,3.583,1839.65,25.205,52.34
2021-01-29,1982,3.5735,1852.7,27.415,52.200001
2021-02-01,1963,3.562,1857.8,29.585,53.549999
2021-02-02,1966.5,3.539,1847.1,27.325,54.759998
2021-02-03,1973.25,3.5785,1834.7,26.8,55.689999
2021-02-04,1994,3.566,1811.55,26.4,56.23
2021-02-05,2018.75,3.639,1808.55,26.53,56.849998
2021-02-08,2035.5,3.679,1811.65,27.18,57.970001
2021-02-09,2063.5,3.7335,1846.55,27.635,58.360001
2021-02-10,2080.75,3.7855,1843.45,27.23,58.68
2021-02-11,2084,3.7875,1841.7,27.125,58.240002
2021-02-12,2091.75,3.802,1818,27.07,59.470001
2021-02-16,2083,3.848,1823.45,27.575,60.049999
2021-02-17,2116.25,3.836,1788.85,27.115,61.139999
2021-02-18,2141.5,3.9165,1782.8,27.165,60.52
2021-02-19,2132,4.09,1773.75,26.95,59.240002
2021-02-22,2167,4.1525,1798.8,27.445,61.490002
2021-02-23,2156.25,4.1875,1809.5,27.965,61.669998
2021-02-24,2189.75,4.301,1807.25,27.745,63.220001
2021-02-25,2253.25,4.266,1792.1,27.925,63.529999
2021-02-26,2182.5,4.0945,1765.1,26.685,61.5
2021-03-01,2146.25,4.1195,1746.95,26.89,60.639999
2021-03-02,2231.25,4.2315,1728.5,26.26,59.75
2021-03-03,2221,4.153,1727.05,26.585,61.279999
2021-03-04,2186,3.991,1710.05,25.955,63.830002
2021-03-05,2194.75,4.087,1696.05,25.355,66.089996
2021-03-08,2190.5,4.1035,1694.45,25.155,65.050003
2021-03-09,2185,4.0195,1702.85,25.755,64.010002
2021-03-10,2187.25,4.042,1711.5,25.645,64.440002
2021-03-11,2195.75,4.143,1736.35,26.25,66.019997
2021-03-12,2187.5,4.1455,1703.85,25.475,65.610001
2021-03-15,2233.5,4.1465,1727.9,26.1,65.389999
2021-03-16,2211.5,4.079,1732.3,26.08,64.800003
2021-03-17,2249.5,4.128,1736.95,25.85,64.599998
2021-03-18,2232.5,4.117,1734.1,26.13,60
2021-03-19,2256.25,4.1235,1737.2,26.175,61.419998
2021-03-22,2283.5,4.149,1733.4,25.74,61.549999
2021-03-23,2240,4.088,1739.25,25.62,57.759998
2021-03-24,2248.5,4.0715,1734.05,25.195,61.18
2021-03-25,2247.25,3.985,1729.2,24.67,58.560001
2021-03-26,2295.75,4.0785,1727.85,25.055,60.970001
2021-03-29,2277.75,4.043,1723.95,24.83,61.560001
2021-03-30,2237.25,3.983,1696.7,24.34,60.549999
2021-03-31,2215,4.003,1685.35,24,59.16
2021-04-01,2234.5,4.0035,1715.85,24.315,61.450001
2021-04-06,2273.75,4.1265,1731.05,25.04,59.330002
2021-04-07,2266.25,4.064,1736,24.985,59.77
2021-04-08,2290.5,4.1035,1743.7,25.33,59.599998
2021-04-09,2266.75,4.0505,1747.95,25.225,59.32
2021-04-12,2270,4.03,1741.55,25.16,59.700001
2021-04-13,2304.5,4.043,1728.1,24.95,60.18
2021-04-14,2336.5,4.14,1743.3,25.33,63.150002
2021-04-15,2347.25,4.2305,1748,25.585,63.459999
2021-04-16,2327.5,4.18,1766.45,26.14,63.130001
2021-04-19,2340.75,4.25,1788.4,26.105,63.380001
2021-04-20,2320.25,4.224,1765.5,25.88,62.439999
2021-04-21,2377.25,4.2865,1781.05,25.91,61.349998
2021-04-22,2368,4.2805,1785.65,26.3,61.43
2021-04-23,2372.5,4.343,1785.3,26.125,62.139999
2021-04-26,2406.25,4.448,1779.65,26.11,61.91
2021-04-27,2398,4.743,1780.9,26.285,62.939999
2021-04-28,2397,4.537,1764.15,25.87,63.860001
2021-04-29,2419,4.493,1774.65,26.285,65.010002
2021-04-30,2413,4.479,1768.8,25.875,63.580002
2021-05-04,2436,4.536,1784.95,26.825,65.690002
2021-05-05,2456.75,4.539,1778.05,26.295,65.629997
2021-05-06,2504.75,4.619,1793.15,26.725,64.709999
2021-05-07,2555.25,4.766,1820.5,27.375,64.900002
2021-05-10,2549,4.7335,1834.15,27.735,64.919998
2021-05-11,2542.75,4.7785,1837.15,27.48,65.279999
2021-05-12,2513.75,4.7525,1833.6,27.41,66.080002
2021-05-13,2474.5,4.7055,1814.3,26.82,63.82
2021-05-14,2475.75,4.664,1833.5,27.23,65.370003
2021-05-17,2525.75,4.7215,1848.45,27.61,66.269997
2021-05-18,2499.75,4.7355,1867.4,28.475,65.489998
2021-05-19,2434.75,4.5895,1860,27.675,63.360001
2021-05-20,2424.5,4.582,1869.35,27.74,62.049999
2021-05-21,2388.5,4.496,1877.65,27.8,63.580002
2021-05-24,2406.5,4.5415,1876.85,27.645,66.050003
2021-05-25,2393.5,4.522,1882.8,27.555,66.07
2021-05-26,2424.5,4.533,1904.3,28.12,66.209999
2021-05-27,2501.25,4.6665,1895.05,27.655,66.849998
2021-05-28,2519.5,4.6825,1892.45,27.63,66.32
2021-06-01,2493,4.662,1907.7,28.21,67.720001
2021-06-02,2465.25,4.6,1895.9,27.745,68.830002
2021-06-03,2427.75,4.4715,1892.15,27.755,68.809998
2021-06-04,2478.25,4.5375,1869.55,27.365,69.620003
2021-06-07,2452.75,4.535,1882.05,27.58,69.230003
2021-06-08,2470.75,4.563,1892.05,27.715,70.050003
2021-06-09,2475.25,4.5365,1890.45,27.58,69.959999
2021-06-10,2500.75,4.49,1882,27.66,70.290001
2021-06-11,2488.75,4.5415,1891.95,28.14,70.910004
2021-06-14,2518,4.532,1859.75,27.73,70.879997
2021-06-15,2479.75,4.34,1863.85,27.625,72.120003
2021-06-16,2488.25,4.3925,1858.1,27.71,72.150002
2021-06-17,2420,4.1845,1806.75,26.595,71.040001
2021-06-18,2401.75,4.1625,1792.35,26.385,71.639999
2021-06-21,2420.5,4.1875,1782.45,25.955,73.660004
2021-06-22,2439.25,4.2345,1779.1,25.97,73.059998
2021-06-23,2447.25,4.331,1782.9,25.945,73.080002
2021-06-24,2454,4.3115,1780.2,25.99,73.300003
2021-06-25,2502,4.299,1783.25,26.13,74.050003
2021-06-28,2511.5,4.278,1774.25,26.09,72.910004
2021-06-29,2569,4.2765,1769.6,25.955,72.980003
2021-06-30,2548.75,4.2965,1757.8,25.765,73.470001
2021-07-01,2534.75,4.242,1774,26.26,75.230003
2021-07-02,2585.75,4.282,1783.5,26.17,75.160004
2021-07-06,2556,4.258,1807.8,26.61,73.370003
2021-07-07,2524,4.329,1804.25,26.385,72.199997
2021-07-08,2467,4.2715,1810.25,26.105,72.940002
2021-07-09,2521.75,4.3525,1803.4,26.01,74.559998
2021-07-12,2511.25,4.323,1802.95,25.925,74.099998
2021-07-13,2559.25,4.3145,1807.85,26.105,75.25
2021-07-14,2542.5,4.277,1813.05,26.17,73.129997
2021-07-15,2534.75,4.333,1832,26.205,71.650002
2021-07-16,2506.25,4.3325,1822,26.105,71.809998
2021-07-19,2440,4.2105,1803.25,25.325,66.419998
2021-07-20,2485.25,4.2735,1815.3,25.095,67.419998
2021-07-21,2478,4.2825,1805.9,25.105,70.300003
2021-07-22,2508.75,4.348,1797.4,25.07,71.910004
2021-07-23,2531.25,4.4065,1803.05,25.165,72.07
2021-07-26,2542,4.589,1808.15,25.365,71.910004
2021-07-27,2515.25,4.546,1797.15,25.115,71.650002
2021-07-28,2557,4.479,1799.3,24.795,72.389999
2021-07-29,2620.75,4.52,1819.45,25.45,73.620003
2021-07-30,2624.25,4.4805,1828.25,25.49,73.949997
2021-08-02,2647,4.432,1807.55,25.405,71.260002
2021-08-03,2607.75,4.383,1809.7,25.46,70.559998
2021-08-04,2589.25,4.33,1812.45,25.67,68.150002
2021-08-05,2610.25,4.3455,1811.2,25.45,69.089996
2021-08-06,2601.25,4.3455,1799.45,24.975,68.279999
2021-08-09,2570.75,4.287,1741.5,23.84,66.480003
2021-08-10,2596.75,4.3515,1729.55,23.39,68.290001
2021-08-11,2607.75,4.364,1734.05,23.415,69.25
2021-08-12,2593.5,4.356,1755.5,23.415,69.089996
2021-08-13,2618,4.387,1757.65,23.385,68.440002
2021-08-16,2616.25,4.322,1775.75,23.54,67.290001
2021-08-17,2613.75,4.2,1794.05,23.9,66.589996
2021-08-18,2572.5,4.116,1788.1,23.67,65.459999
2021-08-19,2562.75,4.0385,1788.2,23.34,63.689999
2021-08-20,2566.5,4.1345,1782.95,23.205,62.32
2021-08-23,2620,4.2345,1786.9,23.43,65.639999
2021-08-24,2647.5,4.255,1802.95,23.76,67.540001
2021-08-25,2648.5,4.265,1794.7,23.755,68.360001
2021-08-26,2655.5,4.246,1783.8,23.675,67.419998
2021-08-27,2680,4.3165,1795.5,23.61,68.739998
2021-08-31,2746.25,4.36,1814.3,24.045,68.5
2021-09-01,2717.5,4.263,1813.9,23.92,68.589996
2021-09-02,2723.25,4.29,1815.15,24.165,69.989998
2021-09-03,2753.75,4.3255,1812.05,24.055,69.290001
2021-09-07,2787.75,4.2775,1810.75,24.245,68.349998
2021-09-08,2818.5,4.232,1797.95,24.315,69.300003
2021-09-09,2864.25,4.2835,1795.35,24.145,68.139999
2021-09-10,2948,4.448,1799.9,24.025,69.720001
