"","LHS","RHS","support","confidence","coverage","lift","count"
"1","{tusk}","{elon}",0.000178046137172937,0.958333333333333,0.00018578727357176,415.427852348993,23
"2","{pahk}","{central}",0.000178046137172937,0.958333333333333,0.00018578727357176,2063.29166666667,23
"3","{deodorant}","{ball}",0.000216751819167054,0.96551724137931,0.000224492955565877,479.713527851459,28
"4","{bytedance}","{tencent}",0.000201269546369407,0.896551724137931,0.000224492955565877,989.885057471264,26
"5","{bytedance}","{tiktok}",0.00018578727357176,0.827586206896552,0.000224492955565877,284.32868672047,24
"6","{bytedance}","{own}",0.00020901068276823,0.931034482758621,0.000224492955565877,386.723583545848,27
"7","{saiyan}","{super}",0.000178046137172937,0.958333333333333,0.00018578727357176,113.994014732965,23
"8","{feeler}","{curb}",0.00018578727357176,0.96,0.000193528409970584,3875.4,24
"9","{curb}","{feeler}",0.00018578727357176,0.75,0.000247716364762347,3875.4,24
"10","{thanksgiving}","{canadian}",0.000170305000774114,0.6875,0.000247716364762347,237.463235294118,22
"11","{fnaf}","{music}",0.000224492955565877,0.604166666666667,0.000371574547143521,211.507452574526,29
"12","{homo}","{love}",0.000170305000774114,0.5,0.000340610001548227,13.6698412698413,22
"13","{carpool}","{critic}",0.000224492955565877,1,0.000224492955565877,3588.33333333333,29
"14","{critic}","{carpool}",0.000224492955565877,0.805555555555556,0.00027868091035764,3588.33333333333,29
"15","{toenail}","{sign}",0.00020901068276823,0.675,0.000309645455952934,340.611328125,27
"16","{toenail}","{anthony}",0.00018578727357176,0.6,0.000309645455952934,26.1939844542075,24
"17","{newell}","{gabe}",0.000193528409970584,0.892857142857143,0.000216751819167054,1295.94703049759,25
"18","{rian}","{johnson}",0.000170305000774114,0.88,0.000193528409970584,2228.98823529412,22
"19","{battleground}","{pubg}",0.000193528409970584,0.675675675675676,0.000286422046756464,938.535309503052,25
"20","{earther}","{flat}",0.000224492955565877,1,0.000224492955565877,1094.74576271186,29
"21","{ublock}","{origin}",0.000193528409970584,0.735294117647059,0.000263198637559994,1337.82104391052,25
"22","{puberty}","{hit}",0.000170305000774114,0.5,0.000340610001548227,139.503239740821,22
"23","{puberty}","{linus}",0.000239975228363524,0.704545454545455,0.000340610001548227,10.9430301572901,31
"24","{protector}","{screen}",0.000178046137172937,1,0.000178046137172937,160.272952853598,23
"25","{14th}","{april}",0.000270939773958817,0.813953488372093,0.000332868865149404,665.484250809538,35
"26","{diem}","{mean}",0.00020901068276823,0.509433962264151,0.000410280229137637,30.1183886706101,27
"27","{quack}","{bat}",0.000224492955565877,0.537037037037037,0.000418021365536461,1051.12794612795,29
"28","{tin}","{foil}",0.000170305000774114,0.758620689655172,0.000224492955565877,3062.45689655172,22
"29","{foil}","{tin}",0.000170305000774114,0.6875,0.000247716364762347,3062.45689655172,22
"30","{stain}","{shirt}",0.00020901068276823,0.613636363636364,0.000340610001548227,96.2009046778464,27
"31","{maple}","{syrup}",0.00025545750116117,0.942857142857143,0.000270939773958817,3205.21804511278,33
"32","{syrup}","{maple}",0.00025545750116117,0.868421052631579,0.000294163183155287,3205.21804511278,33
"33","{mech}","{arena}",0.000216751819167054,0.756756756756757,0.000286422046756464,2384.33750823995,28
"34","{arena}","{mech}",0.000216751819167054,0.682926829268293,0.000317386592351757,2384.33750823995,28
"35","{rose}","{red}",0.0002322340919647,0.882352941176471,0.000263198637559994,230.73350797809,30
"36","{trek}","{star}",0.000201269546369407,1,0.000201269546369407,150.034843205575,26
"37","{ned}","{flander}",0.000356092274345874,0.884615384615385,0.000402539092738814,1843.13895781638,46
"38","{flander}","{ned}",0.000356092274345874,0.741935483870968,0.000479950456727048,1843.13895781638,46
"39","{pikachu}","{face}",0.000170305000774114,0.6875,0.000247716364762347,109.10472972973,22
"40","{lttrash}","{com}",0.000348351137947051,0.9,0.000387056819941167,435.438202247191,45
"41","{mi}","{mix}",0.00018578727357176,0.631578947368421,0.000294163183155287,741.703349282297,24
"42","{zealand}","{new}",0.000247716364762347,0.888888888888889,0.000278680910357641,24.2506159802886,32
"43","{redirect}","{com}",0.000170305000774114,0.628571428571429,0.000270939773958817,304.115569823435,22
"44","{der8auer}","{bauer}",0.000193528409970584,0.625,0.000309645455952934,928.01724137931,25
"45","{der8auer}","{farmer}",0.0002322340919647,0.75,0.000309645455952934,978.636363636364,30
"46","{der8auer}","{der}",0.00018578727357176,0.6,0.000309645455952934,738.171428571429,24
"47","{der8auer}","{mean}",0.000178046137172937,0.575,0.000309645455952934,33.9947368421053,23
"48","{quickie}","{tech}",0.000247716364762347,0.888888888888889,0.000278680910357641,25.275515445007,32
"49","{cheesy}","{potato}",0.00018578727357176,0.5,0.000371574547143521,922.714285714286,24
"50","{estate}","{real}",0.00018578727357176,0.923076923076923,0.000201269546369407,98.3853769992384,24
"51","{chief}","{master}",0.000170305000774114,0.611111111111111,0.00027868091035764,419.911347517731,22
"52","{chromium}","{edge}",0.000193528409970584,0.757575757575758,0.00025545750116117,404.395191585274,25
"53","{goo}","{let}",0.000294163183155287,0.527777777777778,0.000557361820715281,41.2701775625504,38
"54","{chew}","{gum}",0.00018578727357176,0.571428571428571,0.000325127728750581,878.775510204082,24
"55","{murdock}","{riley}",0.000286422046756464,0.627118644067797,0.000456727047530578,11.5105408412444,37
"56","{robin}","{hood}",0.000278680910357641,0.837209302325581,0.000332868865149404,2207.1570953963,36
"57","{hood}","{robin}",0.000278680910357641,0.73469387755102,0.000379315683542344,2207.1570953963,36
"58","{raspberry}","{pi}",0.00020901068276823,0.84375,0.000247716364762347,2018.4375,27
"59","{pi}","{raspberry}",0.00020901068276823,0.5,0.000418021365536461,2018.4375,27
"60","{gordon}","{hello}",0.000565102957114104,0.793478260869565,0.000712184548691748,459.64807954767,73
"61","{sandal}","{linus}",0.00018578727357176,0.648648648648649,0.000286422046756464,10.0748385754999,24
"62","{vance}","{youtube}",0.000472209320328224,0.772151898734177,0.000611549775507044,69.7528547401965,61
"63","{explorer}","{internet}",0.00018578727357176,0.727272727272727,0.00025545750116117,129.943417578272,24
"64","{sebastian}","{linus}",0.000247716364762347,0.761904761904762,0.000325127728750581,11.8339373743967,32
"65","{arch}","{btw}",0.000193528409970584,0.543478260869565,0.000356092274345874,257.166746297181,25
"66","{gfx}","{card}",0.000193528409970584,0.862068965517241,0.000224492955565877,35.4430518668101,25
"67","{duper}","{super}",0.000317386592351757,0.931818181818182,0.000340610001548227,110.84003013561,41
"68","{nikola}","{tesla}",0.000348351137947051,0.76271186440678,0.000456727047530578,227.021010700617,45
"69","{oppo}","{phone}",0.000170305000774114,0.564102564102564,0.000301904319554111,34.2437825332562,22
"70","{nanotube}","{carbon}",0.000642514321102338,0.965116279069767,0.000665737730298808,720.657346417529,83
"71","{juice}","{james}",0.000294163183155287,0.644067796610169,0.000456727047530577,46.5328176544193,38
"72","{circuit}","{short}",0.000340610001548227,0.862745098039216,0.000394797956339991,311.311206046664,44
"73","{airport}","{code}",0.000193528409970584,0.531914893617021,0.000363833410744697,239.41730298762,25
"74","{instinct}","{ultra}",0.000193528409970584,0.520833333333333,0.000371574547143521,380.120056497175,25
"75","{ptgi}","{seus}",0.000239975228363524,0.815789473684211,0.000294163183155287,2026.60931174089,31
"76","{seus}","{ptgi}",0.000239975228363524,0.596153846153846,0.000402539092738814,2026.60931174089,31
"77","{geep}","{scrapyard}",0.000371574547143521,0.786885245901639,0.000472209320328224,1613.48946135831,48
"78","{scrapyard}","{geep}",0.000371574547143521,0.761904761904762,0.000487691593125871,1613.48946135831,48
"79","{geep}","{war}",0.000379315683542344,0.80327868852459,0.000472209320328224,127.010454080302,49
"80","{leather}","{jacket}",0.000363833410744697,0.854545454545454,0.000425762501935284,1397.34407364787,47
"81","{jacket}","{leather}",0.000363833410744697,0.594936708860759,0.000611549775507044,1397.34407364787,47
"82","{nano}","{tube}",0.000286422046756464,0.637931034482759,0.000448985911131754,849.566299324565,37
"83","{nano}","{carbon}",0.000317386592351757,0.706896551724138,0.000448985911131754,527.843332668926,41
"84","{hyperx}","{hp}",0.000348351137947051,0.535714285714286,0.000650255457501161,596.582512315271,45
"85","{incognito}","{mode}",0.000193528409970584,0.641025641025641,0.000301904319554111,274.197656647988,25
"86","{deutsche}","{bahn}",0.000340610001548227,0.830188679245283,0.000410280229137637,1849.0305790501,44
"87","{bahn}","{deutsche}",0.000340610001548227,0.758620689655172,0.000448985911131754,1849.0305790501,44
"88","{england}","{uk}",0.000193528409970584,0.520833333333333,0.000371574547143521,193.89409221902,25
"89","{obi}","{wan}",0.00018578727357176,1,0.00018578727357176,564.10480349345,24
"90","{donald}","{trump}",0.00025545750116117,0.825,0.000309645455952934,300.207042253521,33
"91","{bezos}","{jeff}",0.000263198637559994,0.723404255319149,0.000363833410744697,1297.90780141844,34
"92","{stamp}","{time}",0.000448985911131754,0.852941176470588,0.000526397275119988,23.9632320957961,58
"93","{scrapyard}","{war}",0.000448985911131754,0.920634920634921,0.000487691593125871,145.566241184356,58
"94","{xls}","{excel}",0.000178046137172937,0.851851851851852,0.00020901068276823,940.531813865147,23
"95","{boston}","{dynamic}",0.000356092274345874,0.793103448275862,0.000448985911131754,1151.15846571096,46
"96","{dynamic}","{boston}",0.000356092274345874,0.51685393258427,0.000688961139495278,1151.15846571096,46
"97","{96}","{core}",0.000216751819167054,0.595744680851064,0.000363833410744697,97.1695680206318,28
"98","{brush}","{tooth}",0.000379315683542344,0.753846153846154,0.000503173865923518,710.816395283549,49
"99","{ol}","{good}",0.00020901068276823,0.574468085106383,0.000363833410744697,10.4359143909496,27
"100","{6900}","{xt}",0.000247716364762347,0.571428571428571,0.000433503638334107,319.554730983302,32
"101","{76}","{fallout}",0.00020901068276823,0.794117647058823,0.000263198637559994,1298.5331347729,27
"102","{hedge}","{fund}",0.000239975228363524,0.885714285714286,0.000270939773958817,1100.15934065934,31
"103","{bezel}","{phone}",0.000178046137172937,0.534883720930233,0.000332868865149404,32.4700559538381,23
"104","{aussie}","{accent}",0.000325127728750581,0.518518518518518,0.000627032048304691,158.350407144733,42
"105","{eternal}","{doom}",0.00025545750116117,0.767441860465116,0.000332868865149404,643.75415282392,33
"106","{ajit}","{pai}",0.000418021365536461,0.857142857142857,0.000487691593125871,1815.1756440281,54
"107","{pai}","{ajit}",0.000418021365536461,0.885245901639344,0.000472209320328224,1815.1756440281,54
"108","{11th}","{gen}",0.000309645455952934,0.833333333333333,0.000371574547143521,151.833568406206,40
"109","{11th}","{intel}",0.000216751819167054,0.583333333333333,0.000371574547143521,16.3886472379295,28
"110","{throne}","{game}",0.000178046137172937,0.560975609756098,0.000317386592351757,19.6387071187785,23
"111","{thomas}","{edison}",0.000278680910357641,0.8,0.000348351137947051,618.826347305389,36
"112","{thomas}","{company}",0.00018578727357176,0.533333333333333,0.000348351137947051,34.5863453815261,24
"113","{bauer}","{farmer}",0.000526397275119988,0.781609195402299,0.000673478866697631,1019.88157436433,68
"114","{farmer}","{bauer}",0.000526397275119988,0.686868686868687,0.000766372503483511,1019.88157436433,68
"115","{bauer}","{der}",0.000580585229911751,0.862068965517241,0.000673478866697631,1060.59113300493,75
"116","{der}","{bauer}",0.000580585229911751,0.714285714285714,0.000812819321876451,1060.59113300493,75
"117","{bauer}","{mean}",0.000418021365536461,0.620689655172414,0.000673478866697631,36.6959678055709,54
"118","{48}","{gb}",0.000263198637559994,0.586206896551724,0.000448985911131754,127.485196795542,34
"119","{nexus}","{gamer}",0.00025545750116117,0.647058823529412,0.000394797956339991,116.093137254902,33
"120","{beer}","{hold}",0.000332868865149404,0.573333333333333,0.000580585229911751,142.979150579151,43
"121","{quad}","{core}",0.000178046137172937,0.657142857142857,0.000270939773958817,107.183982683983,23
"122","{jif}","{gif}",0.000425762501935284,0.561224489795918,0.000758631367084688,467.735352205398,55
"123","{retire}","{linus}",0.000286422046756464,0.544117647058823,0.000526397275119988,8.45125858447262,37
"124","{2600}","{ryzen}",0.000178046137172937,0.547619047619048,0.000325127728750581,55.1805215065746,23
"125","{transistor}","{nm}",0.000193528409970584,0.5,0.000387056819941167,140.413043478261,25
"126","{710}","{gt}",0.000270939773958817,0.625,0.000433503638334107,322.95,35
"127","{bottle}","{water}",0.0002322340919647,0.6,0.000387056819941167,302.765625,30
"128","{twist}","{plot}",0.000309645455952934,0.634920634920635,0.000487691593125871,1051.52625152625,40
"129","{plot}","{twist}",0.000309645455952934,0.512820512820513,0.000603808639108221,1051.52625152625,40
"130","{facial}","{hair}",0.000270939773958817,0.564516129032258,0.000479950456727047,117.430263362942,35
"131","{pulse}","{ad}",0.000340610001548227,0.628571428571429,0.000541879547917634,42.2031482031482,44
"132","{pulse}","{way}",0.000410280229137637,0.757142857142857,0.000541879547917634,40.1674391317102,53
"133","{pulse}","{linus}",0.000387056819941167,0.714285714285714,0.000541879547917634,11.0943162884969,50
"134","{300k}","{gpu}",0.00020901068276823,0.519230769230769,0.000402539092738814,26.190640675217,27
"135","{lttstore}","{com}",0.000526397275119988,0.747252747252747,0.000704443412292925,361.53599209779,68
"136","{eth}","{mining}",0.00018578727357176,0.5,0.000371574547143521,117.436363636364,24
"137","{valley}","{silicon}",0.000456727047530577,0.655555555555556,0.000696702275894101,504.075396825397,59
"138","{blocker}","{ad}",0.000410280229137637,0.854838709677419,0.000479950456727048,57.395043927302,53
"139","{peanut}","{butter}",0.000294163183155287,0.644067796610169,0.000456727047530577,1280.01043024772,38
"140","{butter}","{peanut}",0.000294163183155287,0.584615384615385,0.000503173865923517,1280.01043024772,38
"141","{states}","{united}",0.000286422046756464,0.973684210526316,0.000294163183155287,2734.35926773455,37
"142","{united}","{states}",0.000286422046756464,0.804347826086957,0.000356092274345874,2734.35926773455,37
"143","{asleep}","{fall}",0.000178046137172937,0.575,0.000309645455952934,255.252577319588,23
"144","{simulator}","{flight}",0.000387056819941167,0.657894736842105,0.000588326366310574,739.016018306636,50
"145","{upscale}","{8k}",0.000224492955565877,0.537037037037037,0.000418021365536461,136.028322440087,29
"146","{inflate}","{price}",0.000201269546369407,0.702702702702703,0.000286422046756464,43.2468485636661,26
"147","{hike}","{price}",0.000201269546369407,0.787878787878788,0.00025545750116117,48.4888908138074,26
"148","{farmer}","{der}",0.000441244774732931,0.575757575757576,0.000766372503483511,708.34632034632,57
"149","{der}","{farmer}",0.000441244774732931,0.542857142857143,0.000812819321876451,708.34632034632,57
"150","{farmer}","{mean}",0.000410280229137637,0.535353535353535,0.000766372503483511,31.6507870466681,53
"151","{korea}","{south}",0.00025545750116117,0.5,0.000510915002322341,439.387755102041,33
"152","{ubisoft}","{game}",0.000193528409970584,0.5,0.000387056819941167,17.5040650406504,25
"153","{moore}","{dead}",0.000239975228363524,0.62,0.000387056819941167,174.112173913043,31
"154","{moore}","{law}",0.000325127728750581,0.84,0.000387056819941167,376.775,42
"155","{skywalker}","{rise}",0.000348351137947051,0.918367346938776,0.000379315683542344,644.753771073647,45
"156","{strix}","{asus}",0.000170305000774114,0.611111111111111,0.00027868091035764,415.491228070176,22
"157","{unboxed}","{hardware}",0.0002322340919647,0.9375,0.000247716364762347,192.844347133758,30
"158","{neutrality}","{net}",0.000448985911131754,0.983050847457627,0.000456727047530577,1024.11700382723,58
"159","{toshiba}","{laptop}",0.000286422046756464,0.660714285714286,0.000433503638334107,98.1046798029557,37
"160","{rifle}","{laser}",0.000464468183929401,0.731707317073171,0.000634773184703514,502.776336274001,60
"161","{vincero}","{watch}",0.000479950456727048,0.639175257731959,0.000750890230685865,25.7544166543401,62
"162","{york}","{new}",0.0002322340919647,0.967741935483871,0.000239975228363524,26.4018803011207,30
"163","{blu}","{ray}",0.00018578727357176,0.705882352941177,0.000263198637559994,153.253583786456,24
"164","{learning}","{deep}",0.000178046137172937,0.5,0.000356092274345874,268.008298755187,23
"165","{stake}","{proof}",0.000216751819167054,0.608695652173913,0.000356092274345874,485.378421900161,28
"166","{su}","{lisa}",0.000565102957114104,0.793478260869565,0.000712184548691748,949.088164251208,73
"167","{lisa}","{su}",0.000565102957114104,0.675925925925926,0.000836042731072922,949.088164251208,73
"168","{risc}","{arm}",0.000363833410744697,0.635135135135135,0.000572844093512928,74.3850922545392,47
"169","{10th}","{gen}",0.000317386592351757,0.706896551724138,0.000448985911131754,128.796751130782,41
"170","{10th}","{intel}",0.000263198637559994,0.586206896551724,0.000448985911131754,16.4693794903331,34
"171","{disk}","{drive}",0.000263198637559994,0.576271186440678,0.000456727047530577,148.885423728814,34
"172","{570}","{rx}",0.00020901068276823,0.58695652173913,0.000356092274345874,227.696827262045,27
"173","{launcher}","{game}",0.00025545750116117,0.578947368421053,0.000441244774732931,20.267864783911,33
"174","{humble}","{bundle}",0.000178046137172937,0.560975609756098,0.000317386592351757,1478.91488302638,23
"175","{disc}","{drive}",0.000247716364762347,0.60377358490566,0.000410280229137637,155.990943396226,32
"176","{taxis}","{pay}",0.0002322340919647,0.5,0.000464468183929401,42.133072407045,30
"177","{anytime}","{soon}",0.000224492955565877,0.517857142857143,0.000433503638334107,105.183625336927,29
"178","{entry}","{level}",0.000178046137172937,0.547619047619048,0.000325127728750581,197.051333068046,23
"179","{1030}","{gt}",0.000456727047530577,0.655555555555556,0.000696702275894101,338.738666666667,59
"180","{selling}","{point}",0.00018578727357176,0.51063829787234,0.000363833410744697,59.9130384370108,24
"181","{combo}","{riley}",0.000371574547143521,0.516129032258065,0.000719925685090571,9.47336578390122,48
"182","{christ}","{jesus}",0.000363833410744697,0.723076923076923,0.000503173865923518,479.010650887574,47
"183","{rob}","{scalper}",0.000425762501935284,0.578947368421053,0.000735407957888218,152.629430719656,55
"184","{league}","{rocket}",0.000348351137947051,0.608108108108108,0.000572844093512928,473.225333767502,45
"185","{discrete}","{gpu}",0.000216751819167054,0.56,0.000387056819941167,28.2470909800859,28
"186","{discrete}","{intel}",0.00025545750116117,0.66,0.000387056819941167,18.5425837320574,33
"187","{tik}","{tok}",0.000921195231459978,0.967479674796748,0.000952159777055272,946.810790835181,119
"188","{tok}","{tik}",0.000921195231459978,0.901515151515151,0.00102183000464468,946.810790835181,119
"189","{580}","{rx}",0.000340610001548227,0.745762711864407,0.000456727047530577,289.302183539472,44
"190","{buggy}","{game}",0.000224492955565877,0.5,0.000448985911131754,17.5040650406504,29
"191","{deck}","{steam}",0.000479950456727048,0.681318681318681,0.000704443412292925,116.265187916443,62
"192","{express}","{memory}",0.000325127728750581,0.567567567567568,0.000572844093512928,225.59501039501,42
"193","{aib}","{card}",0.000178046137172937,0.522727272727273,0.000340610001548227,21.4913778137839,23
"194","{aib}","{nvidia}",0.000178046137172937,0.522727272727273,0.000340610001548227,16.5180795232165,23
"195","{cuda}","{core}",0.000309645455952934,0.634920634920635,0.000487691593125871,103.559403559404,40
"196","{autopilot}","{tesla}",0.000448985911131754,0.698795180722892,0.000642514321102338,207.996224529454,58
"197","{operating}","{system}",0.000286422046756464,0.925,0.000309645455952934,169.973684210526,37
"198","{qualcomm}","{apple}",0.000317386592351757,0.569444444444444,0.000557361820715281,25.278636884307,41
"199","{edison}","{company}",0.000665737730298808,0.514970059880239,0.0012927697786035,33.3954981603059,86
"200","{row}","{excel}",0.000340610001548227,0.556962025316456,0.000611549775507045,614.943200259656,44
"201","{120hz}","{8k}",0.000356092274345874,0.58974358974359,0.000603808639108221,149.378582202112,46
"202","{oof}","{big}",0.0010605356866388,0.622727272727273,0.00170305000774114,49.2916109625668,137
"203","{bait}","{click}",0.000727666821489395,0.740157480314961,0.000983124322650565,128.340326586693,94
"204","{library}","{game}",0.000216751819167054,0.528301886792453,0.000410280229137637,18.4948611750268,28
"205","{flood}","{market}",0.000224492955565877,0.537037037037037,0.000418021365536461,77.168458781362,29
"206","{x470}","{b450}",0.000247716364762347,0.5,0.000495432729524694,478.444444444444,32
"207","{vii}","{radeon}",0.000588326366310574,0.723809523809524,0.000812819321876451,300.648598989435,76
"208","{fx}","{amd}",0.000309645455952934,0.512820512820513,0.000603808639108221,13.0714589278125,40
"209","{2077}","{cyberpunk}",0.000828301594674098,0.816793893129771,0.00101408886824586,308.51881612428,107
"210","{scheme}","{name}",0.000433503638334107,0.523364485981308,0.000828301594674098,156.139086141029,56
"211","{1010}","{gt}",0.000781854776281158,0.594117647058824,0.00131599318779997,306.992470588235,101
"212","{crysis}","{run}",0.00158693296175879,0.694915254237288,0.00228363523765289,49.107851500204,205
"213","{consumption}","{power}",0.000340610001548227,0.758620689655172,0.000448985911131754,97.0283373164903,44
"214","{5700}","{xt}",0.000394797956339991,0.586206896551724,0.000673478866697631,327.81907747425,51
"215","{founder}","{edition}",0.000340610001548227,0.536585365853659,0.000634773184703514,280.631973931075,44
"216","{panel}","{control}",0.000425762501935284,0.518867924528302,0.000820560458275275,168.410448468759,55
"217","{solve}","{problem}",0.000363833410744697,0.505376344086022,0.000719925685090571,85.3392367699768,47
"218","{assistant}","{google}",0.000851525003870568,0.654761904761905,0.00130051091500232,42.7830768119084,110
"219","{120fps}","{8k}",0.000541879547917634,0.588235294117647,0.000921195231459978,148.996539792388,70
"220","{pulseway}","{ad}",0.00179594364452702,0.770764119601329,0.00233008205604583,51.7501605873699,232
"221","{pulseway}","{linus}",0.00191980182690819,0.823920265780731,0.00233008205604583,12.7971648351034,248
"222","{am4}","{amd}",0.000356092274345874,0.597402597402597,0.000596067502709398,15.2274008548673,46
"223","{integrate}","{graphic}",0.000441244774732931,0.508928571428571,0.000867007276668215,59.0156129776866,57
"224","{luck}","{good}",0.000812819321876451,0.75,0.00108375909583527,13.6246660104064,105
"225","{19}","{covid}",0.000472209320328224,0.554545454545455,0.000851525003870568,356.398914518318,61
"226","{reasonable}","{price}",0.000371574547143521,0.516129032258065,0.000719925685090571,31.7644346770351,48
"227","{collect}","{datum}",0.000596067502709398,0.636363636363636,0.000936677504257625,113.074903088658,77
"228","{leg}","{arm}",0.000479950456727048,0.512396694214876,0.000936677504257625,60.0103399444041,62
"229","{lake}","{intel}",0.000681220003096455,0.5,0.00136244000619291,14.0474119182253,88
"230","{lower}","{price}",0.000448985911131754,0.504347826086956,0.000890230685864685,31.0393769289724,58
"231","{musk}","{elon}",0.00103731227744233,0.724324324324324,0.00143211023378232,313.987302738981,134
"232","{currency}","{crypto}",0.000557361820715281,0.507042253521127,0.00109924136863292,129.190765897158,72
"233","{devs}","{game}",0.000495432729524694,0.576576576576577,0.000859266140269392,20.1848677946239,64
"234","{reboot}","{rog}",0.00157919182535996,0.715789473684211,0.00220622387366465,286.271468144044,204
"235","{rog}","{reboot}",0.00157919182535996,0.631578947368421,0.00250038705681994,286.271468144044,204
"236","{reboot}","{rig}",0.00136244000619291,0.617543859649123,0.00220622387366465,216.190557695051,176
"237","{shadow}","{legend}",0.00164112091655055,0.711409395973154,0.00230685864684936,241.841752031084,212
"238","{legend}","{shadow}",0.00164112091655055,0.557894736842105,0.00294163183155287,241.841752031084,212
"239","{shadow}","{raid}",0.00169530887134231,0.73489932885906,0.00230685864684936,218.239759314973,219
"240","{raid}","{shadow}",0.00169530887134231,0.503448275862069,0.00336739433348816,218.239759314973,219
"241","{legend}","{raid}",0.00168756773494349,0.573684210526316,0.00294163183155287,170.36442831216,218
"242","{raid}","{legend}",0.00168756773494349,0.501149425287356,0.00336739433348816,170.36442831216,218
"243","{jack}","{headphone}",0.000952159777055272,0.504098360655738,0.0018888372813129,234.242540393914,123
"244","{social}","{medium}",0.000812819321876451,0.527638190954774,0.00154048614336585,145.95353641871,105
"245","{beard}","{linus}",0.00220622387366465,0.534709193245779,0.00412602570057284,8.30512607712994,285
"246","{citizen}","{star}",0.00134695773339526,0.693227091633466,0.00194302523610466,104.008217999084,174
"247","{x86}","{arm}",0.00145533364297879,0.783333333333333,0.0018578727357176,91.7416137805984,188
"248","{ta}","{get}",0.00252361046601641,0.898071625344353,0.00281003251277288,22.0389233590394,326
"249","{forward}","{look}",0.00140888682458585,0.7109375,0.00198173091809878,21.9762876884422,182
"250","{pre}","{order}",0.00147081591577644,0.625,0.0023533054652423,144.690860215054,190
"251","{tip}","{tech}",0.00301130205914228,0.694642857142857,0.00433503638334107,19.7521382975378,389
"252","{tip}","{linus}",0.00226815296485524,0.523214285714286,0.00433503638334107,8.12658668132397,293
"253","{nm}","{intel}",0.00181142591732466,0.508695652173913,0.00356092274345874,14.2917147341944,234
"254","{quick}","{bit}",0.00437374206533519,0.697530864197531,0.00627032048304691,57.1020513542693,565
"255","{trace}","{ray}",0.00397120297259638,0.943014705882353,0.0042111782009599,204.737209589718,513
"256","{ray}","{trace}",0.00397120297259638,0.86218487394958,0.00460597615729989,204.737209589718,513
"257","{star}","{war}",0.00372348660783403,0.558652729384437,0.0066651184393869,88.3314070769664,481
"258","{war}","{star}",0.00372348660783403,0.588739290085679,0.00632450843783867,88.3314070769664,481
"259","{link}","{tech}",0.00389379160860814,0.522326064382139,0.00745471435206688,14.852318071073,503
"260","{graphic}","{card}",0.0057361820715281,0.665170556552962,0.00862362594828921,27.3477824619706,741
"261","{sound}","{like}",0.00652577798420808,0.547402597402597,0.011921350054188,6.08497268156506,843
"262","{gon}","{na}",0.012269701192135,0.996228786926461,0.0123161480105279,79.1955905816371,1585
"263","{na}","{gon}",0.012269701192135,0.975384615384615,0.0125793466480879,79.1955905816371,1585
"264","{news}","{tech}",0.0171466171233937,0.538798345901241,0.0318238117355628,15.3207066527674,2215
